Issue Date          
Flags:  0=Forecast, 1=Estimated, 2=Observed 

 Date_Time                   F10          Kp     F10Flag      KpFlag  F10_41dAvg   24HrKpAvg    NHemiPow NHemiPowIdx    SHemiPow SHemiPowIdx       SW_Bt    SW_Angle SW_Velocity       SW_Bz      SW_Den   
--------------------------------------------------------------------------------------------------------------------------------------------------------------------------------------------------------   
2013-03-14T12:00:00Z 121.5000000   2.2666667           2           1 106.1943089   0.6500000   3.7750000           2   3.7750000           2   6.3014389 100.0717891 320.0948000  -1.1020080   3.3286630
2013-03-14T12:01:00Z 121.5000000   2.2735185           2           1 106.1946612   0.6516667   3.4375000           2   3.4375000           2   6.3022470 100.0867454 320.2482150  -1.1037691   3.3251694
2013-03-14T12:02:00Z 121.5000000   2.2803704           2           1 106.1950136   0.6533333  11.2000000           5  11.2000000           5   6.2938095 100.4203212 320.2964050  -1.1383486   3.3160479
2013-03-14T12:03:00Z 121.5000000   2.2872222           2           1 106.1953659   0.6550000  10.6000000           5  10.6000000           5   6.2920136 100.6007221 320.2488200  -1.1575024   3.2914424
2013-03-14T12:04:00Z 121.5000000   2.2940741           2           1 106.1957182   0.6566667  10.9000000           5  10.9000000           5   6.2849072 100.7779369 320.3413950  -1.1752968   3.2657106
2013-03-14T12:05:00Z 121.5000000   2.3009259           2           1 106.1960705   0.6583333  10.3000000           5  10.3000000           5   6.2662071 100.7072921 320.4572400  -1.1642091   3.2509192
2013-03-14T12:06:00Z 121.5000000   2.3077778           2           1 106.1964228   0.6600000  16.4333333           5  16.4333333           5   6.2336475 100.5966842 320.5665650  -1.1463333   3.2086571
2013-03-14T12:07:00Z 121.5000000   2.3146296           2           1 106.1967751   0.6616667  13.3666667           5  13.3666667           5   6.2067153 100.6278754 320.6546650  -1.1447017   3.1684526
2013-03-14T12:08:00Z 121.5000000   2.3214815           2           1 106.1971274   0.6633333  19.5000000           6  19.5000000           6   6.2117700 100.8975669 320.6110850  -1.1743584   3.1337470
2013-03-14T12:09:00Z 121.5000000   2.3283333           2           1 106.1974797   0.6650000   3.3000000           2   3.3000000           2   6.2226073 101.3988233 320.7217000  -1.2298187   3.1362217
2013-03-14T12:10:00Z 121.5000000   2.3345679           2           1 106.1978320   0.6666667   9.4176471           3   9.4176471           3   6.2333346 101.9048245 320.6946500  -1.2858533   3.0865148
2013-03-14T12:11:00Z 121.5000000   2.3391358           2           1 106.1981843   0.6683333   9.0352941           3   9.0352941           3   6.2429026 102.3612310 320.7823200  -1.3364457   3.0304311
2013-03-14T12:12:00Z 121.5000000   2.3437037           2           1 106.1985366   0.6700000   8.6529412           3   8.6529412           3   6.2505489 102.9498836 321.0170850  -1.4007398   2.9892179
2013-03-14T12:13:00Z 121.5000000   2.3482716           2           1 106.1988889   0.6716667   8.2705882           3   8.2705882           3   6.2625346 103.3837155 321.2707950  -1.4495977   2.9338925
2013-03-14T12:14:00Z 121.5000000   2.3528395           2           1 106.1992412   0.6733333   7.8882353           3   7.8882353           3   6.2761943 103.8080136 321.5614600  -1.4979348   2.8883811
2013-03-14T12:15:00Z 121.5000000   2.3574074           2           1 106.1995935   0.6750000   7.5058824           3   7.5058824           3   6.2917095 104.1576301 321.7874650  -1.5388919   2.8516766
2013-03-14T12:16:00Z 121.5000000   2.3619753           2           1 106.1999458   0.6766667   7.1235294           3   7.1235294           3   6.3044792 104.4429022 322.0290350  -1.5724322   2.8091270
2013-03-14T12:17:00Z 121.5000000   2.3665432           2           1 106.2002981   0.6783333   6.7411765           3   6.7411765           3   6.2921451 105.0032500 322.2980250  -1.6288717   2.7615902
2013-03-14T12:18:00Z 121.5000000   2.3711111           2           1 106.2006504   0.6800000   6.3588235           2   6.3588235           2   6.2830159 105.5045173 322.4448550  -1.6795403   2.7059491
2013-03-14T12:19:00Z 121.5000000   2.3756790           2           1 106.2010027   0.6816667   5.9764706           2   5.9764706           2   6.2844293 105.9459959 322.6508650  -1.7265288   2.6545615
2013-03-14T12:20:00Z 121.5000000   2.3802469           2           1 106.2013550   0.6833333   5.5941176           2   5.5941176           2   6.2877377 106.3740410 323.0016550  -1.7725560   2.6144995
2013-03-14T12:21:00Z 121.5000000   2.3848148           2           1 106.2017073   0.6850000   5.2117647           2   5.2117647           2   6.2878848 106.8126826 323.1519050  -1.8187310   2.5858771
2013-03-14T12:22:00Z 121.5000000   2.3893827           2           1 106.2020596   0.6866667   4.8294118           2   4.8294118           2   6.2988302 107.2047822 323.3601800  -1.8631170   2.5845171
2013-03-14T12:23:00Z 121.5000000   2.3939506           2           1 106.2024119   0.6883333   4.4470588           2   4.4470588           2   6.2987215 107.7716795 323.6174700  -1.9225250   2.6072637
2013-03-14T12:24:00Z 121.5000000   2.3985185           2           1 106.2027642   0.6900000   4.0647059           2   4.0647059           2   6.3089706 108.1211825 323.8924450  -1.9622654   2.5915926
2013-03-14T12:25:00Z 121.5000000   2.4030864           2           1 106.2031165   0.6916667   3.6823529           2   3.6823529           2   6.3318772 108.5084120 324.0110850  -2.0100157   2.5758338
2013-03-14T12:26:00Z 121.5000000   2.4076543           2           1 106.2034688   0.6933333   9.8000000           4   9.8000000           4   6.3740632 108.8344396 324.0956750  -2.0577685   2.5842158
2013-03-14T12:27:00Z 121.5000000   2.4122222           2           1 106.2038211   0.6950000   7.5500000           3   7.5500000           3   6.4041231 109.0760534 324.2362400  -2.0930143   2.5660507
2013-03-14T12:28:00Z 121.5000000   2.4167901           2           1 106.2041734   0.6966667   5.3000000           3   5.3000000           3   6.4016555 109.0174714 324.4554050  -2.0860208   2.5681508
2013-03-14T12:29:00Z 121.5000000   2.4213580           2           1 106.2045257   0.6983333   5.4916667           3   5.4916667           3   6.3899184 108.7055318 324.4278300  -2.0492752   2.5223056
2013-03-14T12:30:00Z 121.5000000   2.4259259           2           1 106.2048780   0.7000000   5.4833333           3   5.4833333           3   6.3787746 108.3912221 324.5260650  -2.0125267   2.5270413
2013-03-14T12:31:00Z 121.5000000   2.4304938           2           1 106.2052304   0.7016667   5.4750000           3   5.4750000           3   6.3721816 108.0525160 324.7020300  -1.9746663   2.5087144
2013-03-14T12:32:00Z 121.5000000   2.4350617           2           1 106.2055827   0.7033333   5.4666667           3   5.4666667           3   6.3673500 107.5856529 324.5934400  -1.9237751   2.4785082
2013-03-14T12:33:00Z 121.5000000   2.4396296           2           1 106.2059350   0.7050000   5.4583333           3   5.4583333           3   6.3604021 107.3903694 324.3504300  -1.9009995   2.4737815
2013-03-14T12:34:00Z 121.5000000   2.4441975           2           1 106.2062873   0.7066667   5.4500000           3   5.4500000           3   6.3537512 107.2399888 324.0153550  -1.8830911   2.4645043
2013-03-14T12:35:00Z 121.5000000   2.4487654           2           1 106.2066396   0.7083333   5.4416667           3   5.4416667           3   6.3450261 107.0918709 323.8225250  -1.8648331   2.4505412
2013-03-14T12:36:00Z 121.5000000   2.4533333           2           1 106.2069919   0.7100000   5.4333333           3   5.4333333           3   6.3430442 107.0494688 323.6585900  -1.8597632   2.4484698
2013-03-14T12:37:00Z 121.5000000   2.4579012           2           1 106.2073442   0.7116667   5.4250000           3   5.4250000           3   6.3669253 106.7226860 323.4070350  -1.8320174   2.4483581
2013-03-14T12:38:00Z 121.5000000   2.4624691           2           1 106.2076965   0.7133333   5.4166667           3   5.4166667           3   6.3858119 106.4816390 323.2685550  -1.8117063   2.4525987
2013-03-14T12:39:00Z 121.5000000   2.4670370           2           1 106.2080488   0.7150000   5.4083333           3   5.4083333           3   6.3935357 106.2564693 322.9514000  -1.7897898   2.4622103
2013-03-14T12:40:00Z 121.5000000   2.4716049           2           1 106.2084011   0.7166667   5.4000000           3   5.4000000           3   6.3992464 105.9905246 322.4783050  -1.7628540   2.4603339
2013-03-14T12:41:00Z 121.5000000   2.4761728           2           1 106.2087534   0.7183333   5.3916667           3   5.3916667           3   6.4055918 105.7097097 321.8855550  -1.7344010   2.4582016
2013-03-14T12:42:00Z 121.5000000   2.4807407           2           1 106.2091057   0.7200000   5.3833333           3   5.3833333           3   6.4066986 105.0937575 321.4775750  -1.6682999   2.4187491
2013-03-14T12:43:00Z 121.5000000   2.4853086           2           1 106.2094580   0.7216667   5.3750000           3   5.3750000           3   6.4100716 104.6115680 321.2460000  -1.6170350   2.3762198
2013-03-14T12:44:00Z 121.5000000   2.4898765           2           1 106.2098103   0.7233333   5.3666667           3   5.3666667           3   6.3988888 104.4950160 320.6656600  -1.6016149   2.3938929
2013-03-14T12:45:00Z 121.5000000   2.4944444           2           1 106.2101626   0.7250000   5.3583333           3   5.3583333           3   6.3807816 104.7467986 320.1564200  -1.6242146   2.4098055
2013-03-14T12:46:00Z 121.5000000   2.4990123           2           1 106.2105149   0.7266667   5.3500000           3   5.3500000           3   6.3521310 105.0679823 319.7673050  -1.6513314   2.4212553
2013-03-14T12:47:00Z 121.5000000   2.5035802           2           1 106.2108672   0.7283333   5.3416667           3   5.3416667           3   6.3548819 105.0147771 319.3048650  -1.6463475   2.4272399
2013-03-14T12:48:00Z 121.5000000   2.5081481           2           1 106.2112195   0.7300000   5.3333333           3   5.3333333           3   6.3531872 104.9805593 318.9939450  -1.6422435   2.3962480
2013-03-14T12:49:00Z 121.5000000   2.5127160           2           1 106.2115718   0.7316667   5.3250000           3   5.3250000           3   6.3557890 104.9978695 318.9661750  -1.6447709   2.3925793
2013-03-14T12:50:00Z 121.5000000   2.5172840           2           1 106.2119241   0.7333333   5.3166667           3   5.3166667           3   6.3620426 104.8261054 319.0811350  -1.6279591   2.4022456
2013-03-14T12:51:00Z 121.5000000   2.5218519           2           1 106.2122764   0.7350000   5.3083333           3   5.3083333           3   6.3591751 104.5484141 319.0027950  -1.5974120   2.4490932
2013-03-14T12:52:00Z 121.5000000   2.5264198           2           1 106.2126287   0.7366667   5.5000000           3   5.5000000           3   6.2826171 105.3685105 319.1049800  -1.6650582   2.4932974
2013-03-14T12:53:00Z 121.5000000   2.5309877           2           1 106.2129810   0.7383333   8.4333333           4   8.4333333           4   5.8444194 107.0930223 319.1323900  -1.7178147   2.5391471
2013-03-14T12:54:00Z 121.5000000   2.5355556           2           1 106.2133333   0.7400000   6.9666667           3   6.9666667           3   5.4025679 108.6807426 318.7553150  -1.7304134   2.6065979
2013-03-14T12:55:00Z 121.5000000   2.5401235           2           1 106.2136856   0.7416667   9.9000000           5   9.9000000           5   4.9561539 110.5038458 318.4234250  -1.7359933   2.6698473
2013-03-14T12:56:00Z 121.5000000   2.5446914           2           1 106.2140379   0.7433333   7.3500000           4   7.3500000           4   4.4681371 112.3035691 317.4530450  -1.6957196   2.8731977
2013-03-14T12:57:00Z 121.5000000   2.5492593           2           1 106.2143902   0.7450000   8.2000000           4   8.2000000           4   4.0402236 115.2181489 316.5235150  -1.7214014   3.0863303
2013-03-14T12:58:00Z 121.5000000   2.5538272           2           1 106.2147425   0.7466667   9.0500000           4   9.0500000           4   3.6106275 119.0139338 315.4635750  -1.7512349   3.2996316
2013-03-14T12:59:00Z 121.5000000   2.5583951           2           1 106.2150949   0.7483333   6.5000000           4   6.5000000           4   3.1871929 123.7203756 314.7014750  -1.7693391   3.5167678
2013-03-14T13:00:00Z 121.5000000   2.5629630           2           1 106.2154472   0.7500000   7.6294118           4   7.6294118           4   2.7380897 129.1802557 313.8398150  -1.7298216   3.7911922
2013-03-14T13:01:00Z 121.5000000   2.5675309           2           1 106.2157995   0.7516667   7.5588235           4   7.5588235           4   2.3355946 136.8282322 313.1686600  -1.7033628   4.0761463
2013-03-14T13:02:00Z 121.5000000   2.5720988           2           1 106.2161518   0.7533333   7.4882353           4   7.4882353           4   1.9840741 147.2710017 312.4604700  -1.6690770   4.3916724
2013-03-14T13:03:00Z 121.5000000   2.5766667           2           1 106.2165041   0.7550000   7.4176471           4   7.4176471           4   1.6949165 160.8828978 311.6443250  -1.6014439   4.7045435
2013-03-14T13:04:00Z 121.5000000   2.5812346           2           1 106.2168564   0.7566667   7.3470588           4   7.3470588           4   1.5359872 178.1929715 311.1483450  -1.5352233   5.0229052
2013-03-14T13:05:00Z 121.5000000   2.5858025           2           1 106.2172087   0.7583333   7.2764706           4   7.2764706           4   1.5209904 197.1595074 310.6873600  -1.4532868   5.3123399
2013-03-14T13:06:00Z 121.5000000   2.5903704           2           1 106.2175610   0.7600000   7.2058824           4   7.2058824           4   1.6639429 214.2411734 310.1214800  -1.3755424   5.6008668
2013-03-14T13:07:00Z 121.5000000   2.5949383           2           1 106.2179133   0.7616667   7.1352941           4   7.1352941           4   1.9745790 227.6016611 309.4561300  -1.3314210   5.9096999
2013-03-14T13:08:00Z 121.5000000   2.5995062           2           1 106.2182656   0.7633333   7.0647059           4   7.0647059           4   2.3665126 236.9345766 308.5524450  -1.2911606   6.2273258
2013-03-14T13:09:00Z 121.5000000   2.6040741           2           1 106.2186179   0.7650000   6.9941176           4   6.9941176           4   2.8024827 243.2934412 307.4435900  -1.2594953   6.5406201
2013-03-14T13:10:00Z 121.5000000   2.6086420           2           1 106.2189702   0.7666667   6.9235294           4   6.9235294           4   3.2749941 247.9848385 306.1778750  -1.2276379   6.8259571
2013-03-14T13:11:00Z 121.5000000   2.6132099           2           1 106.2193225   0.7683333   6.8529412           4   6.8529412           4   3.7721476 251.3855291 304.9396650  -1.2040645   7.0864354
2013-03-14T13:12:00Z 121.5000000   2.6177778           2           1 106.2196748   0.7700000   6.7823529           4   6.7823529           4   4.1690129 255.0237064 303.7463850  -1.0773537   7.3680854
2013-03-14T13:13:00Z 121.5000000   2.6223457           2           1 106.2200271   0.7716667   6.7117647           4   6.7117647           4   4.2088576 256.5138413 302.7646900  -0.9815496   7.5865523
2013-03-14T13:14:00Z 121.5000000   2.6269136           2           1 106.2203794   0.7733333   6.6411765           4   6.6411765           4   4.2619555 257.4776918 302.1378250  -0.9240760   7.8161992
2013-03-14T13:15:00Z 121.5000000   2.6314815           2           1 106.2207317   0.7750000   6.5705882           4   6.5705882           4   4.3059354 257.9033632 301.4438600  -0.9023569   8.0666879
2013-03-14T13:16:00Z 121.5000000   2.6360494           2           1 106.2210840   0.7766667   7.7000000           4   7.7000000           4   4.3164854 257.3089898 301.3309200  -0.9483022   8.1757105
2013-03-14T13:17:00Z 121.5000000   2.6406173           2           1 106.2214363   0.7783333   8.6000000           4   8.6000000           4   4.3424747 257.4897897 301.2676950  -0.9406390   8.2505410
2013-03-14T13:18:00Z 121.5000000   2.6451852           2           1 106.2217886   0.7800000   8.3000000           4   8.3000000           4   4.3511475 257.8408759 301.2991750  -0.9164710   8.3271670
2013-03-14T13:19:00Z 121.5000000   2.6497531           2           1 106.2221409   0.7816667   8.0000000           4   8.0000000           4   4.3535534 257.7891780 301.1866750  -0.9208175   8.4279722
2013-03-14T13:20:00Z 121.5000000   2.6543210           2           1 106.2224932   0.7833333   8.9000000           4   8.9000000           4   4.3595507 257.9507341 301.2042300  -0.9100679   8.4578805
2013-03-14T13:21:00Z 121.5000000   2.6588889           2           1 106.2228455   0.7850000  11.5782609           4  11.5782609           4   4.3888639 258.9872394 301.1012400  -0.8383942   8.3830501
2013-03-14T13:22:00Z 121.5000000   2.6634568           2           1 106.2231978   0.7866667  11.4565217           4  11.4565217           4   4.4417761 260.1123060 300.7817250  -0.7627307   8.2376459
2013-03-14T13:23:00Z 121.5000000   2.6680247           2           1 106.2235501   0.7883333  11.3347826           4  11.3347826           4   4.5157692 261.0519961 300.4280100  -0.7023740   8.0892566
2013-03-14T13:24:00Z 121.5000000   2.6725926           2           1 106.2239024   0.7900000  11.2130435           4  11.2130435           4   4.5891222 262.1621031 299.9667750  -0.6258225   7.9058118
2013-03-14T13:25:00Z 121.5000000   2.6771605           2           1 106.2242547   0.7916667  11.0913043           4  11.0913043           4   4.6546809 263.4156156 299.5022550  -0.5337355   7.7284662
2013-03-14T13:26:00Z 121.5000000   2.6817284           2           1 106.2246070   0.7933333  10.9695652           4  10.9695652           4   4.7249228 264.6375890 299.0722900  -0.4415684   7.5870103
2013-03-14T13:27:00Z 121.5000000   2.6862963           2           1 106.2249593   0.7950000  10.8478261           4  10.8478261           4   4.8054025 266.1019940 298.8700700  -0.3266740   7.4702294
2013-03-14T13:28:00Z 121.5000000   2.6908642           2           1 106.2253117   0.7966667  10.7260870           4  10.7260870           4   4.8915409 267.3088591 298.8301900  -0.2296676   7.3324917
2013-03-14T13:29:00Z 121.5000000   2.6954321           2           1 106.2256640   0.7983333  10.6043478           4  10.6043478           4   4.9875541 268.7427803 298.7945550  -0.1094312   7.1728909
2013-03-14T13:30:00Z 121.5000000   2.7000000           2           1 106.2260163   0.8000000  10.4826087           4  10.4826087           4   5.0944879 269.6811912 298.9408050  -0.0283469   7.0226402
2013-03-14T13:31:00Z 121.5000000   2.6961728           2           1 106.2263686   0.8009722  10.3608696           4  10.3608696           4   5.1885644 269.9265550 298.8874300  -0.0066510   6.8730246
2013-03-14T13:32:00Z 121.5000000   2.6923457           2           1 106.2267209   0.8019444  10.2391304           4  10.2391304           4   5.2519183 269.4135539 298.7881600  -0.0537546   6.7341261
2013-03-14T13:33:00Z 121.5000000   2.6885185           2           1 106.2270732   0.8029167  10.1173913           4  10.1173913           4   5.3205202 269.3347632 298.6521200  -0.0617729   6.6906531
2013-03-14T13:34:00Z 121.5000000   2.6846914           2           1 106.2274255   0.8038889   9.9956522           4   9.9956522           4   5.3876118 268.7716595 298.6406500  -0.1154939   6.5880007
2013-03-14T13:35:00Z 121.5000000   2.6808642           2           1 106.2277778   0.8048611   9.8739130           4   9.8739130           4   5.4612765 268.1835268 298.5889800  -0.1731122   6.4481594
2013-03-14T13:36:00Z 121.5000000   2.6770370           2           1 106.2281301   0.8058333   9.7521739           4   9.7521739           4   5.5489396 267.8480840 298.5538150  -0.2083582   6.3001731
2013-03-14T13:37:00Z 121.5000000   2.6732099           2           1 106.2284824   0.8068056   9.6304348           4   9.6304348           4   5.6367587 267.5640956 298.4964800  -0.2395721   6.2125544
2013-03-14T13:38:00Z 121.5000000   2.6693827           2           1 106.2288347   0.8077778   9.5086957           4   9.5086957           4   5.7201622 267.2122559 298.4994500  -0.2782065   6.1024890
2013-03-14T13:39:00Z 121.5000000   2.6655556           2           1 106.2291870   0.8087500   9.3869565           4   9.3869565           4   5.8030229 266.7909876 298.5423750  -0.3248448   5.9266561
2013-03-14T13:40:00Z 121.5000000   2.6617284           2           1 106.2295393   0.8097222   9.2652174           4   9.2652174           4   5.8597360 265.5711047 298.5347550  -0.4524997   5.7715974
2013-03-14T13:41:00Z 121.5000000   2.6579012           2           1 106.2298916   0.8106944   9.1434783           4   9.1434783           4   5.8902421 263.9219972 298.4756750  -0.6236725   5.7354978
2013-03-14T13:42:00Z 121.5000000   2.6540741           2           1 106.2302439   0.8116667   9.0217391           4   9.0217391           4   5.9126421 262.0710011 298.5609250  -0.8156244   5.7549727
2013-03-14T13:43:00Z 121.5000000   2.6502469           2           1 106.2305962   0.8126389  11.7000000           5  11.7000000           5   5.9167729 260.9264282 298.7519150  -0.9330905   5.7303083
2013-03-14T13:44:00Z 121.5000000   2.6464198           2           1 106.2309485   0.8136111  18.7500000           6  18.7500000           6   5.9270691 259.9562965 298.8007650  -1.0336768   5.7291537
2013-03-14T13:45:00Z 121.5000000   2.6425926           2           1 106.2313008   0.8145833  25.8000000           7  25.8000000           7   5.9489597 258.9081836 298.9418350  -1.1444716   5.7440151
2013-03-14T13:46:00Z 121.5000000   2.6387654           2           1 106.2316531   0.8155556  12.5250000           4  12.5250000           4   5.9855372 257.8881416 299.0272500  -1.2558910   5.7540339
2013-03-14T13:47:00Z 121.5000000   2.6349383           2           1 106.2320054   0.8165278  16.9500000           5  16.9500000           5   6.0190141 256.4957852 299.0403100  -1.4055415   5.7326814
2013-03-14T13:48:00Z 121.5000000   2.6311111           2           1 106.2323577   0.8175000  21.3750000           6  21.3750000           6   6.0467695 255.0450991 299.1070750  -1.5604212   5.7073246
2013-03-14T13:49:00Z 121.5000000   2.6272840           2           1 106.2327100   0.8184722   8.1000000           4   8.1000000           4   6.0870864 253.5210698 299.2071050  -1.7266796   5.7012501
2013-03-14T13:50:00Z 121.5000000   2.6234568           2           1 106.2330623   0.8194444  23.6000000           6  23.6000000           6   6.1141613 251.8075123 299.0498250  -1.9089045   5.7058487
2013-03-14T13:51:00Z 121.5000000   2.6196296           2           1 106.2334146   0.8204167  14.3187500           5  14.3187500           5   6.1328611 250.3987413 299.0611350  -2.0574048   5.7124895
2013-03-14T13:52:00Z 121.5000000   2.6158025           2           1 106.2337669   0.8213889  14.9375000           5  14.9375000           5   6.1427131 249.7443755 299.0186400  -2.1266635   5.6758300
2013-03-14T13:53:00Z 121.5000000   2.6119753           2           1 106.2341192   0.8223611  15.5562500           5  15.5562500           5   6.1668317 248.9683909 298.9890500  -2.2131707   5.5890110
2013-03-14T13:54:00Z 121.5000000   2.6081481           2           1 106.2344715   0.8233333  16.1750000           5  16.1750000           5   6.0928721 246.1714353 299.0808000  -2.4615289   5.5053562
2013-03-14T13:55:00Z 121.5000000   2.6043210           2           1 106.2348238   0.8243056  16.7937500           5  16.7937500           5   6.0414865 243.5787225 299.2717700  -2.6882669   5.4107394
2013-03-14T13:56:00Z 121.5000000   2.6004938           2           1 106.2351762   0.8252778  17.4125000           5  17.4125000           5   6.0452723 241.4100887 299.3841050  -2.8928880   5.2951821
2013-03-14T13:57:00Z 121.5000000   2.5966667           2           1 106.2355285   0.8262500  18.0312500           5  18.0312500           5   6.0732671 239.4698518 299.3958100  -3.0851691   5.1258495
2013-03-14T13:58:00Z 121.5000000   2.5928395           2           1 106.2358808   0.8272222  18.6500000           5  18.6500000           5   6.1095089 237.6296415 299.4087000  -3.2709694   4.9704166
2013-03-14T13:59:00Z 121.5000000   2.5890123           2           1 106.2362331   0.8281944  19.2687500           5  19.2687500           5   6.1447073 235.9992238 299.3192800  -3.4361457   4.8472526
2013-03-14T14:00:00Z 121.5000000   2.5851852           2           1 106.2365854   0.8291667  19.8875000           5  19.8875000           5   6.1912970 234.6123488 299.2846950  -3.5854140   4.7046642
2013-03-14T14:01:00Z 121.5000000   2.5813580           2           1 106.2369377   0.8301389  20.5062500           5  20.5062500           5   6.2434920 233.1756357 299.4261250  -3.7421246   4.5377508
2013-03-14T14:02:00Z 121.5000000   2.5775309           2           1 106.2372900   0.8311111  21.1250000           5  21.1250000           5   6.2932770 231.7209028 299.4670550  -3.8986390   4.3795182
2013-03-14T14:03:00Z 121.5000000   2.5737037           2           1 106.2376423   0.8320833  21.7437500           5  21.7437500           5   6.3905225 229.6759348 299.4565600  -4.1353713   4.2688827
2013-03-14T14:04:00Z 121.5000000   2.5698765           2           1 106.2379946   0.8330556  22.3625000           5  22.3625000           5   6.5002811 227.5283996 299.6323100  -4.3891502   4.1343921
2013-03-14T14:05:00Z 121.5000000   2.5660494           2           1 106.2383469   0.8340278  22.9812500           5  22.9812500           5   6.6193434 225.4209780 299.6286000  -4.6460662   3.9984290
2013-03-14T14:06:00Z 121.5000000   2.5622222           2           1 106.2386992   0.8350000  13.7000000           5  13.7000000           5   6.7328463 223.3137895 299.5954200  -4.8988707   3.8239775
2013-03-14T14:07:00Z 121.5000000   2.5583951           2           1 106.2390515   0.8359722  13.1400000           5  13.1400000           5   6.8439957 221.4149788 299.5762000  -5.1325735   3.6741875
2013-03-14T14:08:00Z 121.5000000   2.5545679           2           1 106.2394038   0.8369444  13.2800000           5  13.2800000           5   6.9529020 219.7756802 299.5445250  -5.3436886   3.5639096
2013-03-14T14:09:00Z 121.5000000   2.5507407           2           1 106.2397561   0.8379167  13.4200000           5  13.4200000           5   7.0631987 218.2150826 299.5125050  -5.5495134   3.4477568
2013-03-14T14:10:00Z 121.5000000   2.5469136           2           1 106.2401084   0.8388889  13.5600000           5  13.5600000           5   7.0712996 218.0045180 299.6602850  -5.5719168   3.4437094
2013-03-14T14:11:00Z 121.5000000   2.5430864           2           1 106.2404607   0.8398611  13.0000000           5  13.0000000           5   7.0733837 217.8804052 299.7812350  -5.5829802   3.4611044
2013-03-14T14:12:00Z 121.5000000   2.5392593           2           1 106.2408130   0.8408333   7.4636364           4   7.4636364           4   7.1204944 216.8916794 300.0271400  -5.6947710   3.3614579
2013-03-14T14:13:00Z 121.5000000   2.5354321           2           1 106.2411653   0.8418056   7.7272727           4   7.7272727           4   7.1033517 216.0950841 300.1552350  -5.7397954   3.3216708
2013-03-14T14:14:00Z 121.5000000   2.5316049           2           1 106.2415176   0.8427778   7.9909091           4   7.9909091           4   7.0318769 217.4989101 300.0946950  -5.5788445   3.3827609
2013-03-14T14:15:00Z 121.5000000   2.5277778           2           1 106.2418699   0.8437500   8.2545455           4   8.2545455           4   6.9612890 218.8336100 299.9210150  -5.4226371   3.5026301
2013-03-14T14:16:00Z 121.5000000   2.5239506           2           1 106.2422222   0.8447222   8.5181818           4   8.5181818           4   6.8760001 219.5553693 299.8635350  -5.3014616   3.6185816
2013-03-14T14:17:00Z 121.5000000   2.5201235           2           1 106.2425745   0.8456944   8.7818182           4   8.7818182           4   6.7758276 220.0800439 299.8258600  -5.1844954   3.7622896
2013-03-14T14:18:00Z 121.5000000   2.5162963           2           1 106.2429268   0.8466667   9.0454545           4   9.0454545           4   6.6691024 220.6012003 299.7558450  -5.0635671   3.9210344
2013-03-14T14:19:00Z 121.5000000   2.5124691           2           1 106.2432791   0.8476389   9.3090909           4   9.3090909           4   6.5640203 220.9323637 299.7315800  -4.9590091   4.0433672
2013-03-14T14:20:00Z 121.5000000   2.5086420           2           1 106.2436314   0.8486111   9.5727273           4   9.5727273           4   6.4019818 221.5270539 299.7496100  -4.7927973   4.1856573
2013-03-14T14:21:00Z 121.5000000   2.5048148           2           1 106.2439837   0.8495833   9.8363636           4   9.8363636           4   6.2081747 222.2460352 299.9559550  -4.5956923   4.3596552
2013-03-14T14:22:00Z 121.5000000   2.5009877           2           1 106.2443360   0.8505556  10.1000000           4  10.1000000           4   6.0161516 223.0840319 300.2258300  -4.3939124   4.5327286
2013-03-14T14:23:00Z 121.5000000   2.4971605           2           1 106.2446883   0.8515278  10.3636364           4  10.3636364           4   5.8344112 223.9578054 300.4517600  -4.1999077   4.7210707
2013-03-14T14:24:00Z 121.5000000   2.4933333           2           1 106.2450407   0.8525000  10.6272727           4  10.6272727           4   5.6561691 224.9016019 300.6079950  -4.0063783   4.9197796
2013-03-14T14:25:00Z 121.5000000   2.4895062           2           1 106.2453930   0.8534722  10.8909091           4  10.8909091           4   5.4748047 225.7833249 300.8778250  -3.8179849   5.1357203
2013-03-14T14:26:00Z 121.5000000   2.4856790           2           1 106.2457453   0.8544444  11.1545455           4  11.1545455           4   5.3038665 226.7524610 301.2745750  -3.6339531   5.4042903
2013-03-14T14:27:00Z 121.5000000   2.4818519           2           1 106.2460976   0.8554167  11.4181818           4  11.4181818           4   5.1293427 227.7609072 301.7105850  -3.4480769   5.6714206
2013-03-14T14:28:00Z 121.5000000   2.4780247           2           1 106.2464499   0.8563889  11.6818182           4  11.6818182           4   4.9525689 228.7222865 302.1323050  -3.2672562   5.9166369
2013-03-14T14:29:00Z 121.5000000   2.4741975           2           1 106.2468022   0.8573611  11.9454545           4  11.9454545           4   4.7787286 229.6398820 302.5538750  -3.0946552   6.1565509
2013-03-14T14:30:00Z 121.5000000   2.4703704           2           1 106.2471545   0.8583333  12.2090909           4  12.2090909           4   4.6653462 228.9556119 302.8980200  -3.0634693   6.2645355
2013-03-14T14:31:00Z 121.5000000   2.4665432           2           1 106.2475068   0.8593056  12.4727273           4  12.4727273           4   4.5509483 228.3398572 303.2449650  -3.0250645   6.3584369
2013-03-14T14:32:00Z 121.5000000   2.4627160           2           1 106.2478591   0.8602778  12.7363636           4  12.7363636           4   4.4182078 228.9109098 303.3120550  -2.9037864   6.5803803
2013-03-14T14:33:00Z 121.5000000   2.4588889           2           1 106.2482114   0.8612500   7.2000000           4   7.2000000           4   4.3372576 229.0073168 303.6177650  -2.8450790   6.7165207
2013-03-14T14:34:00Z 121.5000000   2.4550617           2           1 106.2485637   0.8622222  16.7333333           5  16.7333333           5   4.2468643 229.0419113 303.9698200  -2.7838484   6.8211292
2013-03-14T14:35:00Z 121.5000000   2.4512346           2           1 106.2489160   0.8631944  11.9666667           4  11.9666667           4   4.1405316 229.9746965 304.3283200  -2.6628829   6.8877452
2013-03-14T14:36:00Z 121.5000000   2.4474074           2           1 106.2492683   0.8641667  21.5000000           6  21.5000000           6   4.0391860 231.3513690 304.6638050  -2.5226441   7.0129294
2013-03-14T14:37:00Z 121.5000000   2.4435802           2           1 106.2496206   0.8651389  12.8000000           5  12.8000000           5   3.9401990 232.5510589 305.0840900  -2.3958545   7.1278950
2013-03-14T14:38:00Z 121.5000000   2.4397531           2           1 106.2499729   0.8661111  15.7000000           5  15.7000000           5   3.8380331 233.4992823 305.5888600  -2.2829882   7.2601751
2013-03-14T14:39:00Z 121.5000000   2.4359259           2           1 106.2503252   0.8670833  18.6000000           5  18.6000000           5   3.7435152 234.8982614 305.9783650  -2.1526338   7.3890055
2013-03-14T14:40:00Z 121.5000000   2.4320988           2           1 106.2506775   0.8680556   9.9000000           5   9.9000000           5   3.6894874 235.3425102 306.2544850  -2.0980985   7.5469233
2013-03-14T14:41:00Z 121.5000000   2.4282716           2           1 106.2510298   0.8690278  10.7000000           5  10.7000000           5   3.6622604 235.7443801 306.3276000  -2.0614351   7.6723412
2013-03-14T14:42:00Z 121.5000000   2.4244444           2           1 106.2513821   0.8700000  18.2000000           5  18.2000000           5   3.6332556 236.1229427 306.4203150  -2.0252228   7.7801990
2013-03-14T14:43:00Z 121.5000000   2.4206173           2           1 106.2517344   0.8709722  17.7000000           5  17.7000000           5   3.7492367 235.0421541 306.3448400  -2.1482136   7.5862937
2013-03-14T14:44:00Z 121.5000000   2.4167901           2           1 106.2520867   0.8719444  17.2000000           5  17.2000000           5   3.8155370 234.5935309 306.1528900  -2.2106199   7.4462280
2013-03-14T14:45:00Z 121.5000000   2.4129630           2           1 106.2524390   0.8729167  16.7000000           5  16.7000000           5   3.8533854 235.1741078 306.2969300  -2.2006090   7.5515618
2013-03-14T14:46:00Z 121.5000000   2.4091358           2           1 106.2527913   0.8738889  16.2000000           5  16.2000000           5   3.8536774 235.7728811 306.5010450  -2.1675963   7.5917666
2013-03-14T14:47:00Z 121.5000000   2.4053086           2           1 106.2531436   0.8748611  15.7000000           5  15.7000000           5   3.8533335 236.4095587 306.5644100  -2.1318667   7.6678016
2013-03-14T14:48:00Z 121.5000000   2.4014815           2           1 106.2534959   0.8758333  15.2000000           5  15.2000000           5   3.8493034 237.1386869 306.4274050  -2.0886605   7.6818949
2013-03-14T14:49:00Z 121.5000000   2.3976543           2           1 106.2538482   0.8768056  14.7000000           5  14.7000000           5   3.8390556 238.0603400 306.3500150  -2.0309597   7.7704057
2013-03-14T14:50:00Z 121.5000000   2.3938272           2           1 106.2542005   0.8777778  14.2000000           5  14.2000000           5   3.8198113 238.8270222 306.2686750  -1.9772242   7.8581362
2013-03-14T14:51:00Z 121.5000000   2.3900000           2           1 106.2545528   0.8787500  13.7000000           5  13.7000000           5   3.8055820 239.2771540 306.1935050  -1.9442175   7.9765114
2013-03-14T14:52:00Z 121.5000000   2.3861728           2           1 106.2549051   0.8797222  13.2000000           5  13.2000000           5   3.8011715 239.9218663 306.2325650  -1.9050731   8.0905301
2013-03-14T14:53:00Z 121.5000000   2.3823457           2           1 106.2552575   0.8806944  12.7000000           5  12.7000000           5   3.8000256 240.7339153 306.0666150  -1.8577039   8.1728425
2013-03-14T14:54:00Z 121.5000000   2.3785185           2           1 106.2556098   0.8816667  12.2000000           5  12.2000000           5   3.8002879 241.5941403 305.9337800  -1.8078508   8.2163816
2013-03-14T14:55:00Z 121.5000000   2.3746914           2           1 106.2559621   0.8826389  11.7000000           5  11.7000000           5   3.7919749 241.9000299 305.7206850  -1.7860635   8.2826290
2013-03-14T14:56:00Z 121.5000000   2.3708642           2           1 106.2563144   0.8836111  11.2000000           5  11.2000000           5   3.7721615 242.1204526 305.5377150  -1.7639167   8.3083910
2013-03-14T14:57:00Z 121.5000000   2.3670370           2           1 106.2566667   0.8845833  18.7000000           6  18.7000000           6   3.7675734 242.5159911 305.3229800  -1.7387390   8.3257992
2013-03-14T14:58:00Z 121.5000000   2.3632099           2           1 106.2570190   0.8855556  12.6200000           5  12.6200000           5   3.7890777 242.9208154 304.9909550  -1.7248695   8.3248377
2013-03-14T14:59:00Z 121.5000000   2.3593827           2           1 106.2573713   0.8865278  14.1400000           5  14.1400000           5   3.8124209 243.1302260 304.7415650  -1.7230777   8.3807332
2013-03-14T15:00:00Z 121.5000000   2.3555556           2           1 106.2577236   0.8875000  15.6600000           5  15.6600000           5   3.8409100 243.3235755 304.5929700  -1.7243818   8.4212422
2013-03-14T15:01:00Z 121.5000000   2.3517284           2           1 106.2580759   0.8884722  17.1800000           5  17.1800000           5   3.8665405 243.4238761 304.4615100  -1.7298378   8.4491480
2013-03-14T15:02:00Z 121.5000000   2.3479012           2           1 106.2584282   0.8894444  11.1000000           5  11.1000000           5   3.8819065 243.5393346 304.2519650  -1.7297128   8.4585029
2013-03-14T15:03:00Z 121.5000000   2.3440741           2           1 106.2587805   0.8904167  16.5409091           5  16.5409091           5   3.7746439 245.3728359 304.3108950  -1.5729387   8.7495409
2013-03-14T15:04:00Z 121.5000000   2.3402469           2           1 106.2591328   0.8913889  16.2818182           5  16.2818182           5   3.7384299 246.3309143 304.6014300  -1.5008064   9.0303934
2013-03-14T15:05:00Z 121.5000000   2.3364198           2           1 106.2594851   0.8923611  16.0227273           5  16.0227273           5   3.7046741 246.3675550 304.4100500  -1.4850848   8.9901268
2013-03-14T15:06:00Z 121.5000000   2.3322222           2           1 106.2598374   0.8933333  15.7636364           5  15.7636364           5   3.7059263 246.3606747 304.0562100  -1.4859945   8.9969971
2013-03-14T15:07:00Z 121.5000000   2.3264815           2           1 106.2601897   0.8943056  15.5045455           5  15.5045455           5   3.7137812 246.3260097 303.7688150  -1.4912023   8.9505479
2013-03-14T15:08:00Z 121.5000000   2.3207407           2           1 106.2605420   0.8952778  15.2454545           5  15.2454545           5   3.7365191 246.1176136 303.9084450  -1.5127691   9.0234462
2013-03-14T15:09:00Z 121.5000000   2.3150000           2           1 106.2608943   0.8962500  14.9863636           5  14.9863636           5   3.7668795 245.7562793 303.8158850  -1.5467520   8.9790450
2013-03-14T15:10:00Z 121.5000000   2.3092593           2           1 106.2612466   0.8972222  14.7272727           5  14.7272727           5   3.7977385 245.4133846 303.6254950  -1.5801189   8.9374740
2013-03-14T15:11:00Z 121.5000000   2.3035185           2           1 106.2615989   0.8981944  14.4681818           5  14.4681818           5   3.8255533 245.2530774 303.4445500  -1.6014186   8.8844774
2013-03-14T15:12:00Z 121.5000000   2.2977778           2           1 106.2619512   0.8991667  14.2090909           5  14.2090909           5   3.8415025 245.0441944 303.2470700  -1.6208032   8.8745743
2013-03-14T15:13:00Z 121.5000000   2.2920370           2           1 106.2623035   0.9001389  13.9500000           5  13.9500000           5   3.8477882 244.5612434 303.1276850  -1.6528024   8.9284064
2013-03-14T15:14:00Z 121.5000000   2.2862963           2           1 106.2626558   0.9011111  13.6909091           5  13.6909091           5   3.8486879 243.8642214 302.9738700  -1.6953465   9.0155785
2013-03-14T15:15:00Z 121.5000000   2.2805556           2           1 106.2630081   0.9020833  13.4318182           5  13.4318182           5   3.8588145 242.8599835 302.8780750  -1.7602620   9.1316574
2013-03-14T15:16:00Z 121.5000000   2.2748148           2           1 106.2633604   0.9030556  13.1727273           5  13.1727273           5   3.9223928 242.2824081 303.0625250  -1.8243593   9.1581758
2013-03-14T15:17:00Z 121.5000000   2.2690741           2           1 106.2637127   0.9040278  12.9136364           5  12.9136364           5   3.9470712 241.9291288 303.3776550  -1.8573471   9.1677129
2013-03-14T15:18:00Z 121.5000000   2.2633333           2           1 106.2640650   0.9050000  12.6545455           5  12.6545455           5   3.9457517 241.2221966 303.2899800  -1.8995407   9.2365569
2013-03-14T15:19:00Z 121.5000000   2.2575926           2           1 106.2644173   0.9059722  12.3954545           5  12.3954545           5   3.9429804 240.6353554 303.2298750  -1.9335038   9.2992686
2013-03-14T15:20:00Z 121.5000000   2.2518519           2           1 106.2647696   0.9069444  12.1363636           5  12.1363636           5   3.9411751 240.1293017 303.1308700  -1.9628800   9.3780573
2013-03-14T15:21:00Z 121.5000000   2.2461111           2           1 106.2651220   0.9079167  11.8772727           5  11.8772727           5   3.9508832 239.4747866 303.0334500  -2.0067227   9.4326609
2013-03-14T15:22:00Z 121.5000000   2.2403704           2           1 106.2654743   0.9088889  11.6181818           5  11.6181818           5   3.9765499 238.5644762 302.9759150  -2.0739248   9.5528264
2013-03-14T15:23:00Z 121.5000000   2.2346296           2           1 106.2658266   0.9098611  11.3590909           5  11.3590909           5   3.9841089 237.7563397 302.9046800  -2.1256055   9.6617904
2013-03-14T15:24:00Z 121.5000000   2.2288889           2           1 106.2661789   0.9108333  16.8000000           6  16.8000000           6   3.9574940 237.1920108 302.7549200  -2.1442708   9.7465854
2013-03-14T15:25:00Z 121.5000000   2.2231481           2           1 106.2665312   0.9118056  20.2500000           6  20.2500000           6   3.9533825 236.6259533 302.7432200  -2.1747657   9.8872720
2013-03-14T15:26:00Z 121.5000000   2.2174074           2           1 106.2668835   0.9127778  23.7000000           6  23.7000000           6   3.9461388 236.1921747 302.7447300  -2.1956676  10.0036060
2013-03-14T15:27:00Z 121.5000000   2.2116667           2           1 106.2672358   0.9137500  13.7250000           5  13.7250000           5   3.9475411 235.8222270 302.8108400  -2.2175805  10.1389813
2013-03-14T15:28:00Z 121.5000000   2.2059259           2           1 106.2675881   0.9147222  17.0500000           5  17.0500000           5   3.9803552 234.2824294 302.7316050  -2.3236925  10.1897238
2013-03-14T15:29:00Z 121.5000000   2.2001852           2           1 106.2679404   0.9156944  20.3750000           5  20.3750000           5   4.0250878 233.2657648 302.8493300  -2.4074216  10.2398943
2013-03-14T15:30:00Z 121.5000000   2.1944444           2           1 106.2682927   0.9166667  10.4000000           5  10.4000000           5   4.0801931 232.1237619 303.0316700  -2.5050668  10.2522316
2013-03-14T15:31:00Z 121.5000000   2.1887037           2           1 106.2686450   0.9176389  17.1000000           6  17.1000000           6   4.1311748 228.9018922 303.3100050  -2.7156293  10.2301348
2013-03-14T15:32:00Z 121.5000000   2.1829630           2           1 106.2689973   0.9186111  23.3533333           6  23.3533333           6   4.1932826 228.2940794 303.6325650  -2.7898224  10.2060845
2013-03-14T15:33:00Z 121.5000000   2.1772222           2           1 106.2693496   0.9195833  22.9066667           6  22.9066667           6   4.2744685 229.7769524 303.8060450  -2.7603016  10.2145188
2013-03-14T15:34:00Z 121.5000000   2.1714815           2           1 106.2697019   0.9205556  22.4600000           6  22.4600000           6   4.2886161 232.4940960 304.1645400  -2.6110947  10.1874113
2013-03-14T15:35:00Z 121.5000000   2.1657407           2           1 106.2700542   0.9215278  22.0133333           6  22.0133333           6   4.3299829 234.0488750 304.7729200  -2.5421110  10.1754378
2013-03-14T15:36:00Z 121.5000000   2.1600000           2           1 106.2704065   0.9225000  21.5666667           6  21.5666667           6   4.3606878 234.5409688 304.9856900  -2.5297252  10.2585579
2013-03-14T15:37:00Z 121.5000000   2.1542593           2           1 106.2707588   0.9234722  21.1200000           6  21.1200000           6   4.4184868 234.6154335 305.1713550  -2.5585759  10.3936912
2013-03-14T15:38:00Z 121.5000000   2.1485185           2           1 106.2711111   0.9244444  20.6733333           6  20.6733333           6   4.4787584 235.0657921 305.8445050  -2.5646957  10.4671352
2013-03-14T15:39:00Z 121.5000000   2.1427778           2           1 106.2714634   0.9254167  20.2266667           6  20.2266667           6   4.5286808 235.3422976 306.4157300  -2.5753359  10.5632827
2013-03-14T15:40:00Z 121.5000000   2.1370370           2           1 106.2718157   0.9263889  19.7800000           6  19.7800000           6   4.5941162 235.9045078 306.8448400  -2.5753414  10.5706042
2013-03-14T15:41:00Z 121.5000000   2.1312963           2           1 106.2721680   0.9273611  19.3333333           6  19.3333333           6   4.6400358 236.8990355 307.8572850  -2.5339981  10.9815462
2013-03-14T15:42:00Z 121.5000000   2.1255556           2           1 106.2725203   0.9283333  18.8866667           6  18.8866667           6   4.6460054 238.1412028 308.3778300  -2.4522902  11.1279202
2013-03-14T15:43:00Z 121.5000000   2.1198148           2           1 106.2728726   0.9293056  18.4400000           6  18.4400000           6   4.6513732 239.6642456 308.5245550  -2.3492519  11.1202862
2013-03-14T15:44:00Z 121.5000000   2.1140741           2           1 106.2732249   0.9302778  17.9933333           6  17.9933333           6   4.6954979 241.3934977 308.7438000  -2.2481645  11.0509321
2013-03-14T15:45:00Z 121.5000000   2.1083333           2           1 106.2735772   0.9312500  17.5466667           6  17.5466667           6   4.7015584 243.2758790 309.0089250  -2.1142676  11.0791411
2013-03-14T15:46:00Z 121.5000000   2.1025926           2           1 106.2739295   0.9322222  23.8000000           6  23.8000000           6   4.7199460 244.4922882 309.1924850  -2.0325625  11.1586237
2013-03-14T15:47:00Z 121.5000000   2.0968519           2           1 106.2742818   0.9331944  16.8571429           5  16.8571429           5   4.7326822 245.3959424 309.2310050  -1.9704294  11.2094587
2013-03-14T15:48:00Z 121.5000000   2.0911111           2           1 106.2746341   0.9341667  18.0142857           6  18.0142857           6   4.7351484 247.9147825 309.1326000  -1.7803457  11.2896317
2013-03-14T15:49:00Z 121.5000000   2.0853704           2           1 106.2749864   0.9351389  19.1714286           6  19.1714286           6   4.7700568 248.7025220 309.0426550  -1.7325334  11.3374143
2013-03-14T15:50:00Z 121.5000000   2.0796296           2           1 106.2753388   0.9361111  20.3285714           6  20.3285714           6   4.8106391 248.5821608 308.9805900  -1.7566850  11.4084567
2013-03-14T15:51:00Z 121.5000000   2.0738889           2           1 106.2756911   0.9370833  21.4857143           6  21.4857143           6   4.8850932 250.5095746 308.8356200  -1.6299081  11.4458345
2013-03-14T15:52:00Z 121.5000000   2.0681481           2           1 106.2760434   0.9380556  22.6428571           5  22.6428571           5   4.9074870 251.2058375 308.7908900  -1.5810414  11.4993383
2013-03-14T15:53:00Z 121.5000000   2.0624074           2           1 106.2763957   0.9390278  15.7000000           6  15.7000000           6   4.8678838 250.4578821 308.8934900  -1.6283057  11.4876188
2013-03-14T15:54:00Z 121.5000000   2.0566667           2           1 106.2767480   0.9400000  20.9380952           5  20.9380952           5   4.8614942 247.9754069 308.7995050  -1.8230824  11.4867023
2013-03-14T15:55:00Z 121.5000000   2.0509259           2           1 106.2771003   0.9409722  20.6761905           6  20.6761905           6   4.8398599 246.2299963 308.4653650  -1.9507841  11.4633708
2013-03-14T15:56:00Z 121.5000000   2.0451852           2           1 106.2774526   0.9419444  20.4142857           5  20.4142857           5   4.8008251 245.3919698 308.1138450  -1.9991030  11.4387928
2013-03-14T15:57:00Z 121.5000000   2.0394444           2           1 106.2778049   0.9429167  20.1523810           6  20.1523810           6   4.7776428 245.6087316 307.7517450  -1.9730023  11.4066308
2013-03-14T15:58:00Z 121.5000000   2.0337037           2           1 106.2781572   0.9438889  19.8904762           6  19.8904762           6   4.7889642 243.9161930 307.5258750  -2.1056374  11.3390408
2013-03-14T15:59:00Z 121.5000000   2.0279630           2           1 106.2785095   0.9448611  19.6285714           6  19.6285714           6   4.8494981 241.0651107 307.4160400  -2.3462618  11.0772679
2013-03-14T16:00:00Z 121.5000000   2.0222222           2           1 106.2788618   0.9458333  19.3666667           6  19.3666667           6   4.8869625 238.0854146 307.4913700  -2.5835144  10.8167669
2013-03-14T16:01:00Z 121.5000000   2.0164815           2           1 106.2792141   0.9468056  19.1047619           6  19.1047619           6   4.9358967 234.6483222 306.9349450  -2.8558777  10.1813003
2013-03-14T16:02:00Z 121.5000000   2.0107407           2           1 106.2795664   0.9477778  18.8428571           6  18.8428571           6   5.0288343 231.3008740 306.8102450  -3.1441818   9.8158976
2013-03-14T16:03:00Z 121.5000000   2.0050000           2           1 106.2799187   0.9487500  18.5809524           6  18.5809524           6   5.1079348 227.5624594 306.9459600  -3.4467633   9.6411459
2013-03-14T16:04:00Z 121.5000000   1.9985185           2           1 106.2802710   0.9497222  18.3190476           6  18.3190476           6   5.0893116 222.7843950 306.9995750  -3.7351216   9.5633597
2013-03-14T16:05:00Z 121.5000000   1.9870370           2           1 106.2806233   0.9506944  18.0571429           6  18.0571429           6   5.0946353 217.7440151 307.0072450  -4.0286008   9.4750907
2013-03-14T16:06:00Z 121.5000000   1.9755556           2           1 106.2809756   0.9516667  17.7952381           6  17.7952381           6   5.0803452 212.6075962 307.1353250  -4.2795861   9.3256071
2013-03-14T16:07:00Z 121.5000000   1.9640741           2           1 106.2813279   0.9526389  17.5333333           6  17.5333333           6   5.0267082 207.4201109 307.4149350  -4.4619767   9.1953716
2013-03-14T16:08:00Z 121.5000000   1.9525926           2           1 106.2816802   0.9536111  17.2714286           6  17.2714286           6   4.9794376 201.7624045 307.6922000  -4.6245497   9.0560772
2013-03-14T16:09:00Z 121.5000000   1.9411111           2           1 106.2820325   0.9545833  17.0095238           6  17.0095238           6   4.8075931 196.1062022 307.9521850  -4.6188908   9.0096753
2013-03-14T16:10:00Z 121.5000000   1.9296296           2           1 106.2823848   0.9555556  16.7476190           6  16.7476190           6   4.6091128 190.3784512 308.4361350  -4.5337045   8.9667109
2013-03-14T16:11:00Z 121.5000000   1.9181481           2           1 106.2827371   0.9565278  16.4857143           5  16.4857143           5   4.4867304 184.2017306 308.8694450  -4.4746712   8.9984016
2013-03-14T16:12:00Z 121.5000000   1.9066667           2           1 106.2830894   0.9575000  16.2238095           6  16.2238095           6   4.4537427 177.1676199 309.2673850  -4.4483018   8.9177001
2013-03-14T16:13:00Z 121.5000000   1.8951852           2           1 106.2834417   0.9584722  15.9619048           5  15.9619048           5   4.4925106 169.9121002 309.7131950  -4.4230573   8.8593036
2013-03-14T16:14:00Z 121.5000000   1.8837037           2           1 106.2837940   0.9594444  21.2000000           6  21.2000000           6   4.5554341 163.1702278 310.1295800  -4.3603211   8.6987998
2013-03-14T16:15:00Z 121.5000000   1.8722222           2           1 106.2841463   0.9604167  42.7333333           7  42.7333333           7   4.6582713 157.0241683 310.5858800  -4.2887287   8.5044134
2013-03-14T16:16:00Z 121.5000000   1.8607407           2           1 106.2844986   0.9613889  31.9666667           6  31.9666667           6   4.8363200 151.2110787 311.2066700  -4.2385499   8.3291003
2013-03-14T16:17:00Z 121.5000000   1.8492593           2           1 106.2848509   0.9623611  53.5000000           8  53.5000000           8   5.1255537 146.0251239 311.7269650  -4.2505330   8.1855822
2013-03-14T16:18:00Z 121.5000000   1.8377778           2           1 106.2852033   0.9633333  22.6750000           5  22.6750000           5   5.3113689 140.7717742 312.0161650  -4.1143618   8.0564214
2013-03-14T16:19:00Z 121.5000000   1.8262963           2           1 106.2855556   0.9643056  32.9500000           6  32.9500000           6   5.4196150 134.9383990 312.3276500  -3.8281241   8.0604882
2013-03-14T16:20:00Z 121.5000000   1.8148148           2           1 106.2859079   0.9652778  43.2250000           7  43.2250000           7   5.5849810 129.6598668 312.6163200  -3.5644953   8.1188882
2013-03-14T16:21:00Z 121.5000000   1.8033333           2           1 106.2862602   0.9662500  12.4000000           5  12.4000000           5   5.7899942 125.0459477 312.8682900  -3.3248067   8.1602145
2013-03-14T16:22:00Z 121.5000000   1.7918519           2           1 106.2866125   0.9672222  13.1000000           5  13.1000000           5   5.6315582 124.2306527 312.6801400  -3.1678967   8.2692579
2013-03-14T16:23:00Z 121.5000000   1.7803704           2           1 106.2869648   0.9681944  36.4071429           6  36.4071429           6   5.3749082 123.3866190 312.5965050  -2.9577354   8.4071541
2013-03-14T16:24:00Z 121.5000000   1.7688889           2           1 106.2873171   0.9691667  34.6142857           6  34.6142857           6   5.4686698 119.6842204 312.9145700  -2.7081915   8.3565204
2013-03-14T16:25:00Z 121.5000000   1.7574074           2           1 106.2876694   0.9701389  32.8214286           6  32.8214286           6   5.5467119 116.5471688 313.2478900  -2.4790164   8.3022420
2013-03-14T16:26:00Z 121.5000000   1.7459259           2           1 106.2880217   0.9711111  31.0285714           6  31.0285714           6   5.5937072 113.6944177 313.5224000  -2.2478791   8.1837002
2013-03-14T16:27:00Z 121.5000000   1.7344444           2           1 106.2883740   0.9720833  29.2357143           6  29.2357143           6   5.6242514 111.4866265 313.8105200  -2.0600735   8.0888448
2013-03-14T16:28:00Z 121.5000000   1.7229630           2           1 106.2887263   0.9730556  27.4428571           6  27.4428571           6   5.6488583 109.7815366 314.0307150  -1.9117697   8.0169303
2013-03-14T16:29:00Z 121.5000000   1.7114815           2           1 106.2890786   0.9740278  25.6500000           6  25.6500000           6   5.6301852 108.4775860 314.3600150  -1.7843951   7.8435265
2013-03-14T16:30:00Z 121.5000000   1.7000000           2           1 106.2894309   0.9750000  23.8571429           5  23.8571429           5   5.5861476 107.0420112 314.4684200  -1.6371480   7.7055995
2013-03-14T16:31:00Z 121.5000000   1.6944444           2           1 106.2897832   0.9750000  22.0642857           5  22.0642857           5   5.5239951 105.4627659 314.3991450  -1.4727639   7.6110313
2013-03-14T16:32:00Z 121.5000000   1.6888889           2           1 106.2901355   0.9750000  20.2714286           5  20.2714286           5   5.4547295 104.1073127 314.3616100  -1.3295292   7.6890576
2013-03-14T16:33:00Z 121.5000000   1.6833333           2           1 106.2904878   0.9750000  18.4785714           5  18.4785714           5   5.3620114 102.4086910 314.5646700  -1.1522076   8.1337375
2013-03-14T16:34:00Z 121.5000000   1.6777778           2           1 106.2908401   0.9750000  16.6857143           5  16.6857143           5   5.2850519 100.6405442 314.7710400  -0.9758682   8.5410693
2013-03-14T16:35:00Z 121.5000000   1.6722222           2           1 106.2911924   0.9750000  14.8928571           5  14.8928571           5   5.2117124  98.7280886 314.8115300  -0.7908534   8.7274421
2013-03-14T16:36:00Z 121.5000000   1.6666667           2           1 106.2915447   0.9750000  38.2000000           7  38.2000000           7   5.1408102  96.8875633 314.8071150  -0.6164929   8.9212137
2013-03-14T16:37:00Z 121.5000000   1.6611111           2           1 106.2918970   0.9750000  20.6125000           6  20.6125000           6   5.0655844  94.5668758 314.8538100  -0.4033352   9.0389583
2013-03-14T16:38:00Z 121.5000000   1.6555556           2           1 106.2922493   0.9750000  23.1250000           6  23.1250000           6   4.9946074  92.1680182 314.9738500  -0.1889461  10.5941966
2013-03-14T16:39:00Z 121.5000000   1.6500000           2           1 106.2926016   0.9750000  25.6375000           6  25.6375000           6   5.0178232  89.3926752 315.0908100   0.0531870  14.6650482
2013-03-14T16:40:00Z 121.5000000   1.6444444           2           1 106.2929539   0.9750000  28.1500000           6  28.1500000           6   4.9831542  87.1701985 315.0214800   0.2460147  14.8000891
2013-03-14T16:41:00Z 121.5000000   1.6388889           2           1 106.2933062   0.9750000  30.6625000           6  30.6625000           6   4.9684706  85.1764142 315.0181800   0.4177890  14.9283879
2013-03-14T16:42:00Z 121.5000000   1.6333333           2           1 106.2936585   0.9750000  33.1750000           6  33.1750000           6   5.5001929  83.7357060 315.5027300   0.6001528  14.9886192
2013-03-14T16:43:00Z 121.5000000   1.6277778           2           1 106.2940108   0.9750000  35.6875000           6  35.6875000           6   6.0732121  82.8951820 315.8159850   0.7511648  14.9754601
2013-03-14T16:44:00Z 121.5000000   1.6222222           2           1 106.2943631   0.9750000  18.1000000           6  18.1000000           6   6.1013717  82.1166957 315.7300650   0.8368392  14.9929998
2013-03-14T16:45:00Z 121.5000000   1.6166667           2           1 106.2947154   0.9750000  20.3800000           5  20.3800000           5   6.1289528  81.3296606 315.7156300   0.9239340  14.9598026
2013-03-14T16:46:00Z 121.5000000   1.6111111           2           1 106.2950678   0.9750000  20.2600000           6  20.2600000           6   6.1648736  80.6919745 315.6288850   0.9971193  14.9966353
2013-03-14T16:47:00Z 121.5000000   1.6055556           2           1 106.2954201   0.9750000  20.1400000           6  20.1400000           6   6.1953884  79.9869388 315.5226200   1.0772087  15.0016526
2013-03-14T16:48:00Z 121.5000000   1.6000000           2           1 106.2957724   0.9750000  20.0200000           6  20.0200000           6   6.2281412  79.5576670 315.5277250   1.1288245  14.9793889
2013-03-14T16:49:00Z 121.5000000   1.5944444           2           1 106.2961247   0.9750000  19.9000000           6  19.9000000           6   6.2760768  79.5013661 315.3636700   1.1435770  15.0331940
2013-03-14T16:50:00Z 121.5000000   1.5888889           2           1 106.2964770   0.9750000  19.7800000           5  19.7800000           5   6.3320903  79.6999384 315.1573750   1.1321985  15.0686815
2013-03-14T16:51:00Z 121.5000000   1.5833333           2           1 106.2968293   0.9750000  19.6600000           6  19.6600000           6   6.3963290  80.2035418 315.1560200   1.0883263  15.0425396
2013-03-14T16:52:00Z 121.5000000   1.5777778           2           1 106.2971816   0.9750000  19.5400000           6  19.5400000           6   6.4629410  80.7941832 315.1093100   1.0339504  14.9105223
2013-03-14T16:53:00Z 121.5000000   1.5722222           2           1 106.2975339   0.9750000  19.4200000           6  19.4200000           6   6.5263576  81.8224861 314.8453350   0.9283122  14.4277448
2013-03-14T16:54:00Z 121.5000000   1.5666667           2           1 106.2978862   0.9750000  19.3000000           6  19.3000000           6   6.5625457  83.0657776 314.6754950   0.7922947  14.0747065
2013-03-14T16:55:00Z 121.5000000   1.5611111           2           1 106.2982385   0.9750000  19.1800000           6  19.1800000           6   6.6206199  84.1338665 314.5530250   0.6766576  13.8051869
2013-03-14T16:56:00Z 121.5000000   1.5555556           2           1 106.2985908   0.9750000  19.0600000           6  19.0600000           6   6.6829928  85.1083435 314.3865250   0.5698710  13.5398882
2013-03-14T16:57:00Z 121.5000000   1.5500000           2           1 106.2989431   0.9750000  18.9400000           6  18.9400000           6   6.7582845  86.3971335 314.1451100   0.4246936  13.4402500
2013-03-14T16:58:00Z 121.5000000   1.5444444           2           1 106.2992954   0.9750000  18.8200000           5  18.8200000           5   6.8313910  87.7624192 313.8922900   0.2667195  11.8914277
2013-03-14T16:59:00Z 121.5000000   1.5388889           2           1 106.2996477   0.9750000  18.7000000           6  18.7000000           6   6.8227327  89.4178517 313.6723100   0.0693205   7.9258437
2013-03-14T17:00:00Z 121.5000000   1.5333333           2           1 106.3000000   0.9750000  18.5800000           6  18.5800000           6   6.8825952  90.5211061 313.5054150  -0.0625965   7.8586248
2013-03-14T17:01:00Z 121.5000000   1.5277778           2           1 106.3003523   0.9750000  18.4600000           6  18.4600000           6   6.9340224  91.2896972 313.3617950  -0.1560679   7.8530154
2013-03-14T17:02:00Z 121.5000000   1.5222222           2           1 106.3007046   0.9750000  18.3400000           6  18.3400000           6   6.9702325  91.7080276 313.2157000  -0.2077568   7.7992206
2013-03-14T17:03:00Z 121.5000000   1.5166667           2           1 106.3010569   0.9750000  18.2200000           5  18.2200000           5   7.0109242  92.6362038 313.1517000  -0.3224619   7.7248727
2013-03-14T17:04:00Z 121.5000000   1.5111111           2           1 106.3014092   0.9750000  20.5000000           6  20.5000000           6   7.0427040  93.7452442 313.0732350  -0.4600316   7.7386470
2013-03-14T17:05:00Z 121.5000000   1.5055556           2           1 106.3017615   0.9750000  19.7666667           6  19.7666667           6   7.0774748  94.9630878 312.9926800  -0.6123002   7.7306311
2013-03-14T17:06:00Z 121.5000000   1.5000000           2           1 106.3021138   0.9750000  20.1333333           6  20.1333333           6   7.0928740  95.9027859 313.0781350  -0.7294376   7.7104753
2013-03-14T17:07:00Z 121.5000000   1.4944444           2           1 106.3024661   0.9750000  19.4000000           6  19.4000000           6   7.1056726  96.4861870 312.9695800  -0.8026829   7.6933726
2013-03-14T17:08:00Z 121.5000000   1.4888889           2           1 106.3028184   0.9750000  12.2000000           4  12.2000000           4   7.1502641  97.7510888 312.8091650  -0.9643544   7.6581247
2013-03-14T17:09:00Z 121.5000000   1.4833333           2           1 106.3031707   0.9750000  14.6000000           5  14.6000000           5   7.1902598  99.2066771 312.8181850  -1.1504144   7.5727473
2013-03-14T17:10:00Z 121.5000000   1.4777778           2           1 106.3035230   0.9750000  17.0000000           5  17.0000000           5   7.2238225 100.3510117 312.8264150  -1.2979628   7.5416467
2013-03-14T17:11:00Z 121.5000000   1.4722222           2           1 106.3038753   0.9750000   9.8000000           4   9.8000000           4   7.2318422 101.2984881 312.8459400  -1.4168645   7.5260985
2013-03-14T17:12:00Z 121.5000000   1.4666667           2           1 106.3042276   0.9750000  14.4000000           5  14.4000000           5   7.1748283 101.0142380 312.9429200  -1.3707719   7.4811272
2013-03-14T17:13:00Z 121.5000000   1.4611111           2           1 106.3045799   0.9750000  24.8000000           6  24.8000000           6   7.0575073  99.5188729 313.1939250  -1.1671174   7.4293041
2013-03-14T17:14:00Z 121.5000000   1.4555556           2           1 106.3049322   0.9750000  24.0000000           6  24.0000000           6   6.8677566  96.8814899 313.2860450  -0.8228679   7.3934365
2013-03-14T17:15:00Z 121.5000000   1.4500000           2           1 106.3052846   0.9750000  23.2000000           6  23.2000000           6   6.6974059  94.4676553 313.2870550  -0.5217032   7.4874259
2013-03-14T17:16:00Z 121.5000000   1.4444444           2           1 106.3056369   0.9750000  22.4000000           6  22.4000000           6   6.5415740  91.7716486 313.3442450  -0.2022404   7.5131818
2013-03-14T17:17:00Z 121.5000000   1.4388889           2           1 106.3059892   0.9750000  21.6000000           6  21.6000000           6   6.4184897  88.9570379 313.3840450   0.1168301   7.3931495
2013-03-14T17:18:00Z 121.5000000   1.4333333           2           1 106.3063415   0.9750000  20.8000000           6  20.8000000           6   6.3235153  86.1319194 313.3991500   0.4265810   7.2624329
2013-03-14T17:19:00Z 121.5000000   1.4277778           2           1 106.3066938   0.9750000  20.0000000           6  20.0000000           6   6.2444903  83.4060358 313.2644600   0.7170705   7.1034964
2013-03-14T17:20:00Z 121.5000000   1.4222222           2           1 106.3070461   0.9750000  19.2000000           5  19.2000000           5   6.2013753  80.6803802 313.2270250   1.0042615   6.9734395
2013-03-14T17:21:00Z 121.5000000   1.4166667           2           1 106.3073984   0.9750000  18.4000000           5  18.4000000           5   6.1870423  77.9643658 313.2036900   1.2901220   6.7790127
2013-03-14T17:22:00Z 121.5000000   1.4111111           2           1 106.3077507   0.9750000  17.6000000           5  17.6000000           5   6.1892814  74.9871967 313.2462000   1.6032398   6.6298720
2013-03-14T17:23:00Z 121.5000000   1.4055556           2           1 106.3081030   0.9750000  16.8000000           5  16.8000000           5   6.2128519  71.8589777 313.3096350   1.9344143   6.5200109
2013-03-14T17:24:00Z 121.5000000   1.4000000           2           1 106.3084553   0.9750000  16.0000000           5  16.0000000           5   6.2683315  68.6420459 313.3860150   2.2828852   6.3951577
2013-03-14T17:25:00Z 121.5000000   1.3944444           2           1 106.3088076   0.9750000  15.2000000           5  15.2000000           5   6.3319755  65.6899386 313.4105900   2.6067122   6.2983254
2013-03-14T17:26:00Z 121.5000000   1.3888889           2           1 106.3091599   0.9750000  25.6000000           7  25.6000000           7   6.3984208  63.4293093 313.3830950   2.8620241   6.2467184
2013-03-14T17:27:00Z 121.5000000   1.3833333           2           1 106.3095122   0.9750000  15.9750000           5  15.9750000           5   6.4576770  62.1899980 313.4483050   3.0127714   6.1935048
2013-03-14T17:28:00Z 121.5000000   1.3777778           2           1 106.3098645   0.9750000  17.3500000           5  17.3500000           5   6.5657175  60.2170581 313.8297650   3.2612942   6.0826952
2013-03-14T17:29:00Z 121.5000000   1.3722222           2           1 106.3102168   0.9750000  18.7250000           5  18.7250000           5   6.7101854  58.4758336 314.0444050   3.5084751   6.0369976
2013-03-14T17:30:00Z 121.5000000   1.3666667           2           1 106.3105691   0.9750000  20.1000000           6  20.1000000           6   6.8441350  57.1075158 314.0963150   3.7168054   6.0023091
2013-03-14T17:31:00Z 121.5000000   1.3611111           2           1 106.3109214   0.9750000  21.4750000           6  21.4750000           6   6.9847534  56.0132815 314.3175700   3.9044821   6.0382302
2013-03-14T17:32:00Z 121.5000000   1.3555556           2           1 106.3112737   0.9750000  22.8500000           6  22.8500000           6   7.0668020  56.1462976 314.3134350   3.9367334   5.9831052
2013-03-14T17:33:00Z 121.5000000   1.3500000           2           1 106.3116260   0.9750000  24.2250000           6  24.2250000           6   7.1049234  57.3287075 314.2102800   3.8353700   5.8716381
2013-03-14T17:34:00Z 121.5000000   1.3444444           2           1 106.3119783   0.9750000  14.6000000           5  14.6000000           5   7.1539322  59.5067868 314.3242600   3.6301649   5.7828968
2013-03-14T17:35:00Z 121.5000000   1.3388889           2           1 106.3123306   0.9750000  22.5578947           5  22.5578947           5   7.2198890  61.5628634 314.6018850   3.4380697   5.6719812
2013-03-14T17:36:00Z 121.5000000   1.3333333           2           1 106.3126829   0.9750000  22.1157895           5  22.1157895           5   7.2864033  63.7957691 314.8815250   3.2174725   5.6162658
2013-03-14T17:37:00Z 121.5000000   1.3277778           2           1 106.3130352   0.9750000  21.6736842           5  21.6736842           5   7.3481623  65.8890835 315.2243100   3.0017565   5.5577558
2013-03-14T17:38:00Z 121.5000000   1.3222222           2           1 106.3133875   0.9750000  21.2315789           5  21.2315789           5   7.4272993  67.7663555 315.5452350   2.8103742   5.5371142
2013-03-14T17:39:00Z 121.5000000   1.3166667           2           1 106.3137398   0.9750000  20.7894737           5  20.7894737           5   7.5031405  69.6765807 315.9298250   2.6059831   5.5585493
2013-03-14T17:40:00Z 121.5000000   1.3111111           2           1 106.3140921   0.9750000  20.3473684           5  20.3473684           5   7.5674038  71.6563290 316.2879500   2.3815832   5.6072478
2013-03-14T17:41:00Z 121.5000000   1.3055556           2           1 106.3144444   0.9750000  19.9052632           5  19.9052632           5   7.6183009  73.5685125 316.5957400   2.1549782   5.5895663
2013-03-14T17:42:00Z 121.5000000   1.3000000           2           1 106.3147967   0.9750000  19.4631579           5  19.4631579           5   7.6706130  75.5797455 316.9418750   1.9102302   5.5268238
2013-03-14T17:43:00Z 121.5000000   1.2944444           2           1 106.3151491   0.9750000  19.0210526           5  19.0210526           5   7.7196219  77.4782771 317.1797650   1.6736893   5.4691838
2013-03-14T17:44:00Z 121.5000000   1.2888889           2           1 106.3155014   0.9750000  18.5789474           5  18.5789474           5   7.7751867  79.3075016 317.3847600   1.4425923   5.4569055
2013-03-14T17:45:00Z 121.5000000   1.2833333           2           1 106.3158537   0.9750000  18.1368421           5  18.1368421           5   7.8627815  80.8790310 317.4580950   1.2464036   5.5028375
2013-03-14T17:46:00Z 121.5000000   1.2777778           2           1 106.3162060   0.9750000  17.6947368           5  17.6947368           5   7.9545429  82.2378826 317.6047900   1.0743444   5.4803675
2013-03-14T17:47:00Z 121.5000000   1.2722222           2           1 106.3165583   0.9750000  17.2526316           5  17.2526316           5   8.0358999  83.7317740 317.6858200   0.8773843   5.4146726
2013-03-14T17:48:00Z 121.5000000   1.2666667           2           1 106.3169106   0.9750000  16.8105263           5  16.8105263           5   8.0999094  84.7905966 317.6012550   0.7354396   5.4155028
2013-03-14T17:49:00Z 121.5000000   1.2611111           2           1 106.3172629   0.9750000  16.3684211           5  16.3684211           5   8.1395703  85.3727940 317.4233300   0.6566372   5.4111105
2013-03-14T17:50:00Z 121.5000000   1.2555556           2           1 106.3176152   0.9750000  15.9263158           5  15.9263158           5   8.1745833  85.9867995 317.6122800   0.5721089   5.3126605
2013-03-14T17:51:00Z 121.5000000   1.2500000           2           1 106.3179675   0.9750000  15.4842105           5  15.4842105           5   8.2087671  86.7645676 317.7810800   0.4632941   5.1735628
2013-03-14T17:52:00Z 121.5000000   1.2444444           2           1 106.3183198   0.9750000  15.0421053           5  15.0421053           5   8.2582966  87.8351224 318.0743800   0.3119592   5.1594789
2013-03-14T17:53:00Z 121.5000000   1.2388889           2           1 106.3186721   0.9750000  23.0000000           6  23.0000000           6   8.3047035  88.4871190 318.2629850   0.2192582   5.1589851
2013-03-14T17:54:00Z 121.5000000   1.2333333           2           1 106.3190244   0.9750000  13.0800000           5  13.0800000           5   8.3961341  89.3744968 318.6246400   0.0916595   5.0718587
2013-03-14T17:55:00Z 121.5000000   1.2277778           2           1 106.3193767   0.9750000  15.5600000           5  15.5600000           5   8.4721915  90.9182627 319.3611300  -0.1357755   4.9856022
2013-03-14T17:56:00Z 121.5000000   1.2222222           2           1 106.3197290   0.9750000  18.0400000           5  18.0400000           5   8.4990903  93.2048675 320.3583600  -0.4751529   4.8696216
2013-03-14T17:57:00Z 121.5000000   1.2166667           2           1 106.3200813   0.9750000  20.5200000           5  20.5200000           5   8.5412012  95.6096589 321.7403450  -0.8349082   4.7792205
2013-03-14T17:58:00Z 121.5000000   1.2111111           2           1 106.3204336   0.9750000  10.6000000           5  10.6000000           5   8.6034638  97.5353579 323.1796350  -1.1282410   4.7086856
2013-03-14T17:59:00Z 121.5000000   1.2055556           2           1 106.3207859   0.9750000   7.7500000           4   7.7500000           4   8.6827489  98.8343383 324.0264100  -1.3334798   4.5221359
2013-03-14T18:00:00Z 121.5000000   1.2000000           2           1 106.3211382   0.9750000   8.7000000           4   8.7000000           4   8.7428616  99.5770976 325.3296750  -1.4545902   4.3489218
2013-03-14T18:01:00Z 121.5000000   1.1944444           2           1 106.3214905   0.9750000   9.6500000           4   9.6500000           4   8.7207970  99.3619545 325.1105200  -1.4186192   4.3934151
2013-03-14T18:02:00Z 121.5000000   1.1888889           2           1 106.3218428   0.9750000   6.8000000           4   6.8000000           4   8.7007329  99.0550038 324.9868800  -1.3693437   4.5302154
2013-03-14T18:03:00Z 121.5000000   1.1833333           2           1 106.3221951   0.9750000  18.0000000           6  18.0000000           6   8.7477163  99.4865780 325.4456700  -1.4417685   4.4017226
2013-03-14T18:04:00Z 121.5000000   1.1777778           2           1 106.3225474   0.9750000  20.2153846           6  20.2153846           6   8.8228749 100.0737361 326.0412150  -1.5432569   4.2789081
2013-03-14T18:05:00Z 121.5000000   1.1722222           2           1 106.3228997   0.9750000  20.0307692           6  20.0307692           6   8.8932932 100.6997857 326.8871350  -1.6511550   4.0901932
2013-03-14T18:06:00Z 121.5000000   1.1666667           2           1 106.3232520   0.9750000  19.8461538           6  19.8461538           6   8.9528568 101.1281015 327.4641800  -1.7279303   4.4135211
2013-03-14T18:07:00Z 121.5000000   1.1611111           2           1 106.3236043   0.9750000  19.6615385           6  19.6615385           6   8.9830441 101.1493976 328.0911350  -1.7370325   4.4360095
2013-03-14T18:08:00Z 121.5000000   1.1555556           2           1 106.3239566   0.9750000  19.4769231           6  19.4769231           6   9.0188467 101.5791072 328.7990900  -1.8102693   4.3417311
2013-03-14T18:09:00Z 121.5000000   1.1500000           2           1 106.3243089   0.9750000  19.2923077           6  19.2923077           6   9.0352831 101.3007074 329.7839450  -1.7705383   4.3082972
2013-03-14T18:10:00Z 121.5000000   1.1444444           2           1 106.3246612   0.9750000  19.1076923           6  19.1076923           6   9.0496008 100.9551533 330.5583350  -1.7197915   4.3120244
2013-03-14T18:11:00Z 121.5000000   1.1388889           2           1 106.3250136   0.9750000  18.9230769           6  18.9230769           6   9.0578307 100.4969150 331.1033350  -1.6501790   4.2547800
2013-03-14T18:12:00Z 121.5000000   1.1333333           2           1 106.3253659   0.9750000  18.7384615           6  18.7384615           6   9.0445759  99.7880779 331.6584950  -1.5376182   4.1922069
2013-03-14T18:13:00Z 121.5000000   1.1277778           2           1 106.3257182   0.9750000  18.5538462           6  18.5538462           6   9.0473649  99.4330297 332.1784150  -1.4828149   4.1778307
2013-03-14T18:14:00Z 121.5000000   1.1222222           2           1 106.3260705   0.9750000  18.3692308           6  18.3692308           6   8.9855347  98.7239004 332.2802300  -1.3628643   4.2074738
2013-03-14T18:15:00Z 121.5000000   1.1166667           2           1 106.3264228   0.9750000  18.1846154           6  18.1846154           6   8.9036188  97.2257457 332.0280150  -1.1198885   4.2066847
2013-03-14T18:16:00Z 121.5000000   1.1111111           2           1 106.3267751   0.9750000  20.4000000           6  20.4000000           6   8.8682023  94.8759846 331.5647050  -0.7537910   4.2572797
2013-03-14T18:17:00Z 121.5000000   1.1055556           2           1 106.3271274   0.9750000  16.8444444           6  16.8444444           6   8.8436985  92.4149809 330.4822450  -0.3726459   4.3067427
2013-03-14T18:18:00Z 121.5000000   1.1000000           2           1 106.3274797   0.9750000  17.2888889           6  17.2888889           6   8.8447100  90.9233784 329.9639450  -0.1425351   4.3910907
2013-03-14T18:19:00Z 121.5000000   1.0944444           2           1 106.3278320   0.9750000  17.7333333           6  17.7333333           6   8.8377654  90.0475195 329.4906150  -0.0073298   4.4279894
2013-03-14T18:20:00Z 121.5000000   1.0888889           2           1 106.3281843   0.9750000  18.1777778           6  18.1777778           6   8.8363316  89.5596130 328.5449450   0.0679172   4.4470573
2013-03-14T18:21:00Z 121.5000000   1.0833333           2           1 106.3285366   0.9750000  18.6222222           6  18.6222222           6   8.8938130  89.8696006 329.1391700   0.0202414   4.3080811
2013-03-14T18:22:00Z 121.5000000   1.0777778           2           1 106.3288889   0.9750000  19.0666667           6  19.0666667           6   8.9519961  90.2528158 329.5143750  -0.0395003   4.0869066
2013-03-14T18:23:00Z 121.5000000   1.0722222           2           1 106.3292412   0.9750000  19.5111111           6  19.5111111           6   8.9648297  89.6886720 329.5587250   0.0487119   4.1552253
2013-03-14T18:24:00Z 121.5000000   1.0666667           2           1 106.3295935   0.9750000  19.9555556           6  19.9555556           6   8.9420358  88.8211381 329.3354900   0.1839696   4.1684063
2013-03-14T18:25:00Z 121.5000000   1.0611111           2           1 106.3299458   0.9750000  16.4000000           6  16.4000000           6   8.9296633  88.3364658 329.3777450   0.2592287   4.1871040
2013-03-14T18:26:00Z 121.5000000   1.0555556           2           1 106.3302981   0.9750000   8.6315789           4   8.6315789           4   8.9185659  87.8941091 329.6430200   0.3277257   3.7533585
2013-03-14T18:27:00Z 121.5000000   1.0500000           2           1 106.3306504   0.9750000   9.0631579           4   9.0631579           4   8.9072101  87.2773596 329.9000650   0.4231028   3.6581096
2013-03-14T18:28:00Z 121.5000000   1.0444444           2           1 106.3310027   0.9750000   9.4947368           4   9.4947368           4   8.9163397  86.5177571 330.0392400   0.5415713   3.7089158
2013-03-14T18:29:00Z 121.5000000   1.0388889           2           1 106.3313550   0.9750000   9.9263158           4   9.9263158           4   8.9201944  86.8191876 329.8101850   0.4949560   3.9337805
2013-03-14T18:30:00Z 121.5000000   1.0333333           2           1 106.3317073   0.9750000  10.3578947           4  10.3578947           4   8.9358872  87.1681324 329.5799350   0.4414801   4.4045964
2013-03-14T18:31:00Z 121.5000000   1.0277778           2           1 106.3320596   0.9750000  10.7894737           4  10.7894737           4   8.9535727  87.9046867 329.6295750   0.3273602   4.3819773
2013-03-14T18:32:00Z 121.5000000   1.0222222           2           1 106.3324119   0.9750000  11.2210526           4  11.2210526           4   8.9749852  88.7378362 329.6712850   0.1976932   4.3447154
2013-03-14T18:33:00Z 121.5000000   1.0166667           2           1 106.3327642   0.9750000  11.6526316           4  11.6526316           4   9.0063435  89.2800564 329.9209800   0.1131652   4.3285499
2013-03-14T18:34:00Z 121.5000000   1.0111111           2           1 106.3331165   0.9750000  12.0842105           4  12.0842105           4   9.0086550  90.1643527 329.8322800  -0.0258412   4.2437069
2013-03-14T18:35:00Z 121.5000000   1.0055556           2           1 106.3334688   0.9750000  12.5157895           5  12.5157895           5   9.0603520  90.7471746 330.3793450  -0.1181496   4.2638039
2013-03-14T18:36:00Z 121.5000000   1.0000000           2           1 106.3338211   0.9750000  12.9473684           5  12.9473684           5   9.1114833  91.1615732 330.5475150  -0.1847070   4.2751619
2013-03-14T18:37:00Z 121.5000000   0.9944444           2           1 106.3341734   0.9750000  13.3789474           5  13.3789474           5   9.1351562  91.5860778 330.6162550  -0.2528497   4.2649036
2013-03-14T18:38:00Z 121.5000000   0.9888889           2           1 106.3345257   0.9750000  13.8105263           5  13.8105263           5   9.1288563  91.7100726 330.5962250  -0.2724230   4.2399120
2013-03-14T18:39:00Z 121.5000000   0.9833333           2           1 106.3348780   0.9750000  14.2421053           5  14.2421053           5   9.0862129  91.0663147 331.3577200  -0.1690910   4.2729649
2013-03-14T18:40:00Z 121.5000000   0.9777778           2           1 106.3352304   0.9750000  14.6736842           5  14.6736842           5   9.0519917  90.4387902 332.0209000  -0.0693225   4.2927098
2013-03-14T18:41:00Z 121.5000000   0.9722222           2           1 106.3355827   0.9750000  15.1052632           5  15.1052632           5   8.9972891  89.7158458 332.2263050   0.0446212   4.3910297
2013-03-14T18:42:00Z 121.5000000   0.9666667           2           1 106.3359350   0.9750000  15.5368421           5  15.5368421           5   8.9469152  88.9729842 332.6299450   0.1603631   4.4945139
2013-03-14T18:43:00Z 121.5000000   0.9611111           2           1 106.3362873   0.9750000  15.9684211           5  15.9684211           5   8.9018738  88.3891699 333.3152050   0.2502369   4.5307932
2013-03-14T18:44:00Z 121.5000000   0.9555556           2           1 106.3366396   0.9750000   8.2000000           4   8.2000000           4   8.8810272  87.9407822 334.0630050   0.3191166   4.5765734
2013-03-14T18:45:00Z 121.5000000   0.9500000           2           1 106.3369919   0.9750000  10.0400000           4  10.0400000           4   8.8741630  87.3247739 334.3343550   0.4141975   4.6411455
2013-03-14T18:46:00Z 121.5000000   0.9444444           2           1 106.3373442   0.9750000   9.5800000           4   9.5800000           4   8.8534762  86.8765940 334.8602400   0.4823969   4.7382516
2013-03-14T18:47:00Z 121.5000000   0.9388889           2           1 106.3376965   0.9750000   9.1200000           4   9.1200000           4   8.8459317  86.8015141 335.0043500   0.4935598   4.7682472
2013-03-14T18:48:00Z 121.5000000   0.9333333           2           1 106.3380488   0.9750000   8.6600000           4   8.6600000           4   8.8067914  86.3981370 335.1063650   0.5532688   4.8387921
2013-03-14T18:49:00Z 121.5000000   0.9277778           2           1 106.3384011   0.9750000  10.5000000           5  10.5000000           5   8.7824561  85.7611618 335.2624950   0.6491483   4.6800202
2013-03-14T18:50:00Z 121.5000000   0.9222222           2           1 106.3387534   0.9750000   5.8333333           3   5.8333333           3   8.7488198  85.0218066 336.1684500   0.7591927   4.4056285
2013-03-14T18:51:00Z 121.5000000   0.9166667           2           1 106.3391057   0.9750000   8.1666667           3   8.1666667           3   8.7266193  83.8486651 336.8764850   0.9351002   4.5543539
2013-03-14T18:52:00Z 121.5000000   0.9111111           2           1 106.3394580   0.9750000   3.5000000           2   3.5000000           2   8.7014080  82.5222117 337.3570550   1.1324172   4.9710686
2013-03-14T18:53:00Z 121.5000000   0.9055556           2           1 106.3398103   0.9750000   8.0000000           4   8.0000000           4   8.6657113  81.5846568 337.5246850   1.2682090   5.0849328
2013-03-14T18:54:00Z 121.5000000   0.9000000           2           1 106.3401626   0.9750000  10.6769231           4  10.6769231           4   8.6858181  80.5368084 338.3983350   1.4280697   5.2165379
2013-03-14T18:55:00Z 121.5000000   0.8944444           2           1 106.3405149   0.9750000  10.4538462           4  10.4538462           4   8.6522079  79.7732188 338.1714900   1.5361541   5.3593431
2013-03-14T18:56:00Z 121.5000000   0.8888889           2           1 106.3408672   0.9750000  10.2307692           4  10.2307692           4   8.6263054  79.4322385 337.9796050   1.5820494   5.6272903
2013-03-14T18:57:00Z 121.5000000   0.8833333           2           1 106.3412195   0.9750000  10.0076923           4  10.0076923           4   8.6314786  79.0528978 338.1358600   1.6391405   5.7692100
2013-03-14T18:58:00Z 121.5000000   0.8777778           2           1 106.3415718   0.9750000   9.7846154           4   9.7846154           4   8.6576452  78.1892793 337.9523050   1.7720399   5.7596643
2013-03-14T18:59:00Z 121.5000000   0.8722222           2           1 106.3419241   0.9750000   9.5615385           4   9.5615385           4   8.6875056  78.0597315 337.6268900   1.7973741   6.1795359
2013-03-14T19:00:00Z 121.5000000   0.8666667           2           1 106.3422764   0.9750000   9.3384615           4   9.3384615           4   8.7005376  78.0576019 337.4270600   1.8003867   7.0319350
2013-03-14T19:01:00Z 121.5000000   0.8611111           2           1 106.3426287   0.9750000   9.1153846           4   9.1153846           4   8.7417231  78.6199171 338.4542500   1.7248868   7.0980181
2013-03-14T19:02:00Z 121.5000000   0.8555556           2           1 106.3429810   0.9750000   8.8923077           4   8.8923077           4   8.7905581  78.8542431 339.1755550   1.6992639   7.1530989
2013-03-14T19:03:00Z 121.5000000   0.8500000           2           1 106.3433333   0.9750000   8.6692308           4   8.6692308           4   8.8474222  78.8593817 339.0368700   1.7094775   7.2442323
2013-03-14T19:04:00Z 121.5000000   0.8444444           2           1 106.3436856   0.9750000   8.4461538           4   8.4461538           4   8.8787238  78.6626178 338.8580850   1.7454319   7.3011963
2013-03-14T19:05:00Z 121.5000000   0.8388889           2           1 106.3440379   0.9750000   8.2230769           4   8.2230769           4   8.9023495  78.4702840 338.7505300   1.7793672   7.3044006
2013-03-14T19:06:00Z 121.5000000   0.8333333           2           1 106.3443902   0.9750000  10.9000000           5  10.9000000           5   8.9308717  78.8172507 338.5496250   1.7320443   7.1721792
2013-03-14T19:07:00Z 121.5000000   0.8277778           2           1 106.3447425   0.9750000   9.6555556           4   9.6555556           4   8.9527302  78.7198451 338.5142750   1.7512121   7.1449169
2013-03-14T19:08:00Z 121.5000000   0.8222222           2           1 106.3450949   0.9750000   9.8111111           4   9.8111111           4   8.9948334  78.7594727 338.6122250   1.7533464   7.0855882
2013-03-14T19:09:00Z 121.5000000   0.8166667           2           1 106.3454472   0.9750000   9.9666667           4   9.9666667           4   9.0118632  79.1056951 338.5733300   1.7032227   7.0372104
2013-03-14T19:10:00Z 121.5000000   0.8111111           2           1 106.3457995   0.9750000  10.1222222           4  10.1222222           4   9.0327899  79.3589607 337.7167900   1.6679530   6.8294966
2013-03-14T19:11:00Z 121.5000000   0.8055556           2           1 106.3461518   0.9750000  10.2777778           4  10.2777778           4   9.0501332  79.4373730 336.9447800   1.6589814   6.7160857
2013-03-14T19:12:00Z 121.5000000   0.8000000           2           1 106.3465041   0.9750000  10.4333333           4  10.4333333           4   9.0724501  79.7141177 336.4606850   1.6199747   6.3393280
2013-03-14T19:13:00Z 121.5000000   0.7944444           2           1 106.3468564   0.9750000  10.5888889           4  10.5888889           4   9.0960088  80.0716489 336.1842550   1.5683023   6.2611346
2013-03-14T19:14:00Z 121.5000000   0.7888889           2           1 106.3472087   0.9750000  10.7444444           4  10.7444444           4   9.1154293  80.3451105 335.6499550   1.5287783   6.2163738
2013-03-14T19:15:00Z 121.5000000   0.7833333           2           1 106.3475610   0.9750000   9.5000000           4   9.5000000           4   9.1453199  81.1005257 335.5961750   1.4147931   6.1147438
2013-03-14T19:16:00Z 121.5000000   0.7777778           2           1 106.3479133   0.9750000  10.9210526           4  10.9210526           4   9.1779342  81.7413459 335.9123550   1.3183377   5.8797483
2013-03-14T19:17:00Z 121.5000000   0.7722222           2           1 106.3482656   0.9750000  10.8421053           4  10.8421053           4   9.1938815  82.1619075 336.2220200   1.2538085   5.7730495
2013-03-14T19:18:00Z 121.5000000   0.7666667           2           1 106.3486179   0.9750000  10.7631579           4  10.7631579           4   9.1969649  82.8879407 336.2923600   1.1386793   5.7905584
2013-03-14T19:19:00Z 121.5000000   0.7611111           2           1 106.3489702   0.9750000  10.6842105           4  10.6842105           4   9.2118005  83.6163504 336.3326350   1.0242172   5.3790855
2013-03-14T19:20:00Z 121.5000000   0.7555556           2           1 106.3493225   0.9750000  10.6052632           4  10.6052632           4   9.2467826  84.3045559 336.4438900   0.9176565   4.5438220
2013-03-14T19:21:00Z 121.5000000   0.7500000           2           1 106.3496748   0.9750000  10.5263158           4  10.5263158           4   9.2617544  84.7016365 335.8126350   0.8552503   4.4579720
2013-03-14T19:22:00Z 121.5000000   0.7444444           2           1 106.3500271   0.9750000  10.4473684           4  10.4473684           4   9.2643121  85.3356689 335.2232400   0.7533558   4.3421486
2013-03-14T19:23:00Z 121.5000000   0.7388889           2           1 106.3503794   0.9750000  10.3684211           4  10.3684211           4   9.2579262  86.1010370 334.9517250   0.6295134   4.2476964
2013-03-14T19:24:00Z 121.5000000   0.7333333           2           1 106.3507317   0.9750000  10.2894737           4  10.2894737           4   9.2840240  86.8819211 334.8086050   0.5049941   4.2204260
2013-03-14T19:25:00Z 121.5000000   0.7277778           2           1 106.3510840   0.9750000  10.2105263           4  10.2105263           4   9.2725916  86.7818866 335.0937500   0.5205368   4.2285858
2013-03-14T19:26:00Z 121.5000000   0.7222222           2           1 106.3514363   0.9750000  10.1315789           4  10.1315789           4   9.2606653  86.1918916 335.0742950   0.6150481   4.3941231
2013-03-14T19:27:00Z 121.5000000   0.7166667           2           1 106.3517886   0.9750000  10.0526316           4  10.0526316           4   9.2511388  85.8169569 335.2042000   0.6748061   4.5096800
2013-03-14T19:28:00Z 121.5000000   0.7111111           2           1 106.3521409   0.9750000   9.9736842           4   9.9736842           4   9.2514552  85.8742528 335.4117950   0.6656020   4.6284155
2013-03-14T19:29:00Z 121.5000000   0.7055556           2           1 106.3524932   0.9750000   9.8947368           4   9.8947368           4   9.2459091  85.5379764 335.8990100   0.7193161   4.7139742
2013-03-14T19:30:00Z 121.5000000   0.7000000           2           1 106.3528455   0.9750000   9.8157895           4   9.8157895           4   9.2248468  85.3332676 336.5718700   0.7505318   4.8643019
2013-03-14T19:31:00Z 121.5000000   0.7000000           2           1 106.3531978   0.9750000   9.7368421           4   9.7368421           4   9.1970682  85.3164025 337.3180450   0.7509699   5.0163142
2013-03-14T19:32:00Z 121.5000000   0.7000000           2           1 106.3535501   0.9750000   9.6578947           4   9.6578947           4   9.1719530  85.2001464 337.9674950   0.7674659   5.1427543
2013-03-14T19:33:00Z 121.5000000   0.7000000           2           1 106.3539024   0.9750000   9.5789474           4   9.5789474           4   9.1391374  85.0074990 338.4448950   0.7953367   5.2495910
2013-03-14T19:34:00Z 121.5000000   0.7000000           2           1 106.3542547   0.9750000  11.0000000           5  11.0000000           5   9.1052531  84.9866001 338.9465750   0.7956964   5.3643955
2013-03-14T19:35:00Z 121.5000000   0.7000000           2           1 106.3546070   0.9750000   9.5428571           4   9.5428571           4   9.0831120  84.5143366 339.5135600   0.8683154   5.4960362
2013-03-14T19:36:00Z 121.5000000   0.7000000           2           1 106.3549593   0.9750000   9.7857143           4   9.7857143           4   9.0572373  84.0203593 340.0074850   0.9435383   5.5916453
2013-03-14T19:37:00Z 121.5000000   0.7000000           2           1 106.3553117   0.9750000  10.0285714           4  10.0285714           4   9.0568126  83.9872234 340.3505450   0.9487032   5.6644010
2013-03-14T19:38:00Z 121.5000000   0.7000000           2           1 106.3556640   0.9750000  10.2714286           4  10.2714286           4   9.0667441  83.8492559 340.4690750   0.9714533   5.7212295
2013-03-14T19:39:00Z 121.5000000   0.7000000           2           1 106.3560163   0.9750000  10.5142857           4  10.5142857           4   9.0673285  83.3721806 340.5650500   1.0465462   5.7091062
2013-03-14T19:40:00Z 121.5000000   0.7000000           2           1 106.3563686   0.9750000  10.7571429           4  10.7571429           4   9.0517108  83.0852870 340.3195300   1.0897514   5.6996519
2013-03-14T19:41:00Z 121.5000000   0.7000000           2           1 106.3567209   0.9750000   9.3000000           4   9.3000000           4   9.0515804  82.8017995 340.3538850   1.1341818   5.7009892
2013-03-14T19:42:00Z 121.5000000   0.7000000           2           1 106.3570732   0.9750000   9.4500000           4   9.4500000           4   9.0489443  82.9466417 340.4130900   1.1111527   5.7376037
2013-03-14T19:43:00Z 121.5000000   0.7000000           2           1 106.3574255   0.9750000   9.6000000           4   9.6000000           4   9.0228727  83.0660010 341.0864950   1.0892946   5.8205249
2013-03-14T19:44:00Z 121.5000000   0.7000000           2           1 106.3577778   0.9750000   2.6000000           2   2.6000000           2   8.9545782  82.4235824 341.8075300   1.1806469   5.9131225
2013-03-14T19:45:00Z 121.5000000   0.7000000           2           1 106.3581301   0.9750000  13.3250000           4  13.3250000           4   8.9076183  82.6375182 342.0779250   1.1414775   6.0484102
2013-03-14T19:46:00Z 121.5000000   0.7000000           2           1 106.3584824   0.9750000  12.3500000           4  12.3500000           4   8.8372152  82.5498955 342.4957100   1.1458577   6.1359416
2013-03-14T19:47:00Z 121.5000000   0.7000000           2           1 106.3588347   0.9750000  11.3750000           4  11.3750000           4   8.7768889  82.4027950 343.0416750   1.1603753   6.2285789
2013-03-14T19:48:00Z 121.5000000   0.7000000           2           1 106.3591870   0.9750000  10.4000000           3  10.4000000           3   8.7170190  82.0978156 343.3895550   1.1984359   6.2905274
2013-03-14T19:49:00Z 121.5000000   0.7000000           2           1 106.3595393   0.9750000   9.4250000           3   9.4250000           3   8.6724218  81.9740042 343.7072750   1.2108642   6.3346569
2013-03-14T19:50:00Z 121.5000000   0.7000000           2           1 106.3598916   0.9750000   8.4500000           3   8.4500000           3   8.6540556  82.2498308 343.7571600   1.1670328   6.3372381
2013-03-14T19:51:00Z 121.5000000   0.7000000           2           1 106.3602439   0.9750000   7.4750000           3   7.4750000           3   8.6438298  82.9016294 343.7617100   1.0681462   6.3179867
2013-03-14T19:52:00Z 121.5000000   0.7000000           2           1 106.3605962   0.9750000   6.5000000           3   6.5000000           3   8.6551601  83.1819336 343.8332150   1.0275152   6.3019208
2013-03-14T19:53:00Z 121.5000000   0.7000000           2           1 106.3609485   0.9750000   5.5250000           2   5.5250000           2   8.6728387  83.5394547 343.9269050   0.9758591   6.3168007
2013-03-14T19:54:00Z 121.5000000   0.7000000           2           1 106.3613008   0.9750000   4.5500000           2   4.5500000           2   8.6953856  84.2786255 343.7840050   0.8668513   6.2463404
2013-03-14T19:55:00Z 121.5000000   0.7000000           2           1 106.3616531   0.9750000   3.5750000           2   3.5750000           2   8.6994517  85.1919814 343.5652250   0.7291646   6.1398924
2013-03-14T19:56:00Z 121.5000000   0.7000000           2           1 106.3620054   0.9750000  14.3000000           5  14.3000000           5   8.6911769  86.2769189 343.4888600   0.5643555   6.0781129
2013-03-14T19:57:00Z 121.5000000   0.7000000           2           1 106.3623577   0.9750000   9.5750000           4   9.5750000           4   8.6556846  87.2106895 343.6391600   0.4212153   6.0533589
2013-03-14T19:58:00Z 121.5000000   0.7000000           2           1 106.3627100   0.9750000   9.7500000           4   9.7500000           4   8.6115847  88.0998830 344.0482000   0.2855362   6.0109594
2013-03-14T19:59:00Z 121.5000000   0.7000000           2           1 106.3630623   0.9750000   9.9250000           4   9.9250000           4   8.5738488  89.1578406 344.5158200   0.1260178   6.0278960
2013-03-14T20:00:00Z 121.5000000   0.7000000           2           1 106.3634146   0.9750000  10.1000000           4  10.1000000           4   8.4754952  90.4119660 345.5493850  -0.0609397   6.1147935
2013-03-14T20:01:00Z 121.5002083   0.7000000           2           1 106.3636382   0.9750000  10.2750000           4  10.2750000           4   8.2433327  90.7006219 346.6913900  -0.1007983   6.2636500
2013-03-14T20:02:00Z 121.5004167   0.7000000           2           1 106.3638618   0.9750000  10.4500000           4  10.4500000           4   7.9068983  89.5855225 348.0114450   0.0571980   6.5913242
2013-03-14T20:03:00Z 121.5006250   0.7000000           2           1 106.3640854   0.9750000  10.6250000           4  10.6250000           4   7.5496842  88.9422407 348.5614450   0.1393697   6.9575755
2013-03-14T20:04:00Z 121.5008333   0.7000000           2           1 106.3643089   0.9750000  10.8000000           4  10.8000000           4   7.2271339  88.8173942 348.9027400   0.1491601   7.2594713
2013-03-14T20:05:00Z 121.5010417   0.7000000           2           1 106.3645325   0.9750000  10.9750000           4  10.9750000           4   6.6849274  86.9673059 349.2825250   0.3536713   7.4507631
2013-03-14T20:06:00Z 121.5012500   0.7000000           2           1 106.3647561   0.9750000  11.1500000           4  11.1500000           4   6.0086389  84.6630011 349.8477400   0.5588849   7.5866613
2013-03-14T20:07:00Z 121.5014583   0.7000000           2           1 106.3649797   0.9750000  11.3250000           4  11.3250000           4   5.3047763  82.2950295 351.1045150   0.7112228   7.7162968
2013-03-14T20:08:00Z 121.5016667   0.7000000           2           1 106.3652033   0.9750000  11.5000000           4  11.5000000           4   4.5929054  79.2868041 352.5920500   0.8537886   7.8929631
2013-03-14T20:09:00Z 121.5018750   0.7000000           2           1 106.3654268   0.9750000  11.6750000           4  11.6750000           4   3.8895010  74.7343934 354.1453150   1.0240823   8.0789097
2013-03-14T20:10:00Z 121.5020833   0.7000000           2           1 106.3656504   0.9750000  11.8500000           4  11.8500000           4   3.2544129  66.6132548 355.8302100   1.2917922   8.2468809
2013-03-14T20:11:00Z 121.5022917   0.7000000           2           1 106.3658740   0.9750000  12.0250000           4  12.0250000           4   2.7579599  53.8127376 357.1274300   1.6283719   8.3297847
2013-03-14T20:12:00Z 121.5025000   0.7000000           2           1 106.3660976   0.9750000  12.2000000           4  12.2000000           4   2.7681353  54.0255189 356.7135600   1.6260715   8.2609960
2013-03-14T20:13:00Z 121.5027083   0.7000000           2           1 106.3663211   0.9750000  12.3750000           4  12.3750000           4   2.7526945  55.0016480 356.2685550   1.5788158   8.1626749
2013-03-14T20:14:00Z 121.5029167   0.7000000           2           1 106.3665447   0.9750000  12.5500000           4  12.5500000           4   2.4738441  37.3713615 357.2367900   1.9660087   8.4231958
2013-03-14T20:15:00Z 121.5031250   0.7000000           2           1 106.3667683   0.9750000  12.7250000           4  12.7250000           4   2.4968199  17.8973913 358.1590650   2.3759948   8.7158371
2013-03-14T20:16:00Z 121.5033333   0.7000000           2           1 106.3669919   0.9750000  12.9000000           4  12.9000000           4   2.8232362   0.6152050 358.8043550   2.8230734   8.9931685
2013-03-14T20:17:00Z 121.5035417   0.7000000           2           1 106.3672154   0.9750000  13.0750000           4  13.0750000           4   3.3524708 348.3680277 359.2685500   3.2836208   9.2548278
2013-03-14T20:18:00Z 121.5037500   0.7000000           2           1 106.3674390   0.9750000  13.2500000           4  13.2500000           4   4.0093203 340.7391107 359.6746300   3.7849040   9.4530841
2013-03-14T20:19:00Z 121.5039583   0.7000000           2           1 106.3676626   0.9750000  13.4250000           4  13.4250000           4   4.7100953 334.7757020 359.9913850   4.2609708   9.5775014
2013-03-14T20:20:00Z 121.5041667   0.7000000           2           1 106.3678862   0.9750000  13.6000000           4  13.6000000           4   5.4794816 331.5117219 360.0428500   4.8159970   9.6146548
2013-03-14T20:21:00Z 121.5043750   0.7000000           2           1 106.3681098   0.9750000  13.7750000           4  13.7750000           4   6.0642628 329.3630712 359.5907250   5.2177751   9.6081306
2013-03-14T20:22:00Z 121.5045833   0.7000000           2           1 106.3683333   0.9750000  13.9500000           4  13.9500000           4   6.4854307 327.7587060 359.0392750   5.4854350   9.4182561
2013-03-14T20:23:00Z 121.5047917   0.7000000           2           1 106.3685569   0.9750000  14.1250000           4  14.1250000           4   6.9369534 327.0485787 358.7014150   5.8210199   9.1539968
2013-03-14T20:24:00Z 121.5050000   0.7000000           2           1 106.3687805   0.9750000   9.4000000           4   9.4000000           4   7.3094358 326.5774713 358.5619550   6.1006843   8.8704087
2013-03-14T20:25:00Z 121.5052083   0.7000000           2           1 106.3690041   0.9750000  10.0857143           4  10.0857143           4   7.4212443 326.6948364 358.7119000   6.2023634   8.5269694
2013-03-14T20:26:00Z 121.5054167   0.7000000           2           1 106.3692276   0.9750000   9.9714286           4   9.9714286           4   7.3916731 328.0188336 358.7389200   6.2697815   8.2373088
2013-03-14T20:27:00Z 121.5056250   0.7000000           2           1 106.3694512   0.9750000   9.8571429           4   9.8571429           4   7.3577805 330.0574205 358.0789750   6.3757085   7.9659064
2013-03-14T20:28:00Z 121.5058333   0.7000000           2           1 106.3696748   0.9750000   9.7428571           4   9.7428571           4   7.3256226 332.3654749 357.0070300   6.4899467   7.6793468
2013-03-14T20:29:00Z 121.5060417   0.7000000           2           1 106.3698984   0.9750000   9.6285714           4   9.6285714           4   7.3091840 334.5007019 356.0848150   6.5972005   7.4125538
2013-03-14T20:30:00Z 121.5062500   0.7000000           2           1 106.3701220   0.9750000   9.5142857           4   9.5142857           4   7.1675680 337.2825359 355.3618100   6.6115111   7.1802037
2013-03-14T20:31:00Z 121.5064583   0.7000000           2           1 106.3703455   0.9750000  10.2000000           5  10.2000000           5   7.0030756 340.5087221 354.9881150   6.6017455   6.9877358
2013-03-14T20:32:00Z 121.5066667   0.7000000           2           1 106.3705691   0.9750000   8.5000000           4   8.5000000           4   7.3607668 338.7322729 356.3181250   6.8594668   6.9534333
2013-03-14T20:33:00Z 121.5068750   0.7000000           2           1 106.3707927   0.9750000   6.8000000           4   6.8000000           4   7.7164517 337.8342516 357.8181700   7.1461773   6.9185414
2013-03-14T20:34:00Z 121.5070833   0.7000000           2           1 106.3710163   0.9750000   3.9000000           2   3.9000000           2   7.3674836 341.7150356 358.3163300   6.9954835   6.5983256
2013-03-14T20:35:00Z 121.5072917   0.7000000           2           1 106.3712398   0.9750000  15.1615385           5  15.1615385           5   7.2063407 344.5251597 358.7197850   6.9450943   6.2812263
2013-03-14T20:36:00Z 121.5075000   0.7000000           2           1 106.3714634   0.9750000  14.2230769           5  14.2230769           5   7.0910875 347.1023165 358.9620800   6.9121809   5.9706039
2013-03-14T20:37:00Z 121.5077083   0.7000000           2           1 106.3716870   0.9750000  13.2846154           5  13.2846154           5   6.9926260 349.6032994 359.3157050   6.8778201   5.6510873
2013-03-14T20:38:00Z 121.5079167   0.7000000           2           1 106.3719106   0.9750000  12.3461538           4  12.3461538           4   6.8398315 352.1597344 359.7570400   6.7758942   5.4304420
2013-03-14T20:39:00Z 121.5081250   0.7000000           2           1 106.3721341   0.9750000  11.4076923           4  11.4076923           4   6.6957030 355.1620712 360.1949800   6.6718479   5.2866123
2013-03-14T20:40:00Z 121.5083333   0.7000000           2           1 106.3723577   0.9750000  10.4692308           4  10.4692308           4   6.5633060 358.3021946 360.7527600   6.5604247   5.1363499
2013-03-14T20:41:00Z 121.5085417   0.7000000           2           1 106.3725813   0.9750000   9.5307692           3   9.5307692           3   6.4280819   1.7419251 361.4167250   6.4251114   4.9583164
2013-03-14T20:42:00Z 121.5087500   0.7000000           2           1 106.3728049   0.9750000   8.5923077           3   8.5923077           3   6.3037424   5.2815025 361.6781650   6.2769797   4.7551525
2013-03-14T20:43:00Z 121.5089583   0.7000000           2           1 106.3730285   0.9750000   7.6538462           3   7.6538462           3   6.1994854   8.7473741 362.1886700   6.1273760   4.5461309
2013-03-14T20:44:00Z 121.5091667   0.7000000           2           1 106.3732520   0.9750000   6.7153846           2   6.7153846           2   6.1247584  11.3602459 362.9442150   6.0047626   4.4105693
2013-03-14T20:45:00Z 121.5093750   0.7000000           2           1 106.3734756   0.9750000   5.7769231           2   5.7769231           2   6.0549611  10.4932340 363.0515050   5.9537004   4.6728687
2013-03-14T20:46:00Z 121.5095833   0.7000000           2           1 106.3736992   0.9750000   4.8384615           2   4.8384615           2   6.0008645   9.3467098 363.0507950   5.9211949   4.9325718
2013-03-14T20:47:00Z 121.5097917   0.7000000           2           1 106.3739228   0.9750000  16.1000000           6  16.1000000           6   5.9429375  12.8336094 363.5912350   5.7944783   4.8523711
2013-03-14T20:48:00Z 121.5100000   0.7000000           2           1 106.3741463   0.9750000  13.2555556           5  13.2555556           5   5.8962519  16.6172615 364.2013000   5.6500036   4.7487795
2013-03-14T20:49:00Z 121.5102083   0.7000000           2           1 106.3743699   0.9750000  13.6111111           5  13.6111111           5   5.8692064  19.9084685 364.5477400   5.5184498   4.6694861
2013-03-14T20:50:00Z 121.5104167   0.7000000           2           1 106.3745935   0.9750000  13.9666667           5  13.9666667           5   5.8463210  20.9706780 364.5849850   5.4590824   4.5987035
2013-03-14T20:51:00Z 121.5106250   0.7000000           2           1 106.3748171   0.9750000  14.3222222           5  14.3222222           5   5.8094566  22.1049927 364.6672150   5.3824373   4.5997603
2013-03-14T20:52:00Z 121.5108333   0.7000000           2           1 106.3750407   0.9750000  14.6777778           5  14.6777778           5   5.6606428  25.3990067 365.0926350   5.1135005   4.6002747
2013-03-14T20:53:00Z 121.5110417   0.7000000           2           1 106.3752642   0.9750000  15.0333333           5  15.0333333           5   5.5752067  26.2934491 365.5505750   4.9983795   4.5492235
2013-03-14T20:54:00Z 121.5112500   0.7000000           2           1 106.3754878   0.9750000  15.3888889           5  15.3888889           5   5.5896717  22.3534343 365.6681750   5.1696382   4.5126789
2013-03-14T20:55:00Z 121.5114583   0.7000000           2           1 106.3757114   0.9750000  15.7444444           5  15.7444444           5   5.5727913  19.3042010 365.9300350   5.2594706   4.4835724
2013-03-14T20:56:00Z 121.5116667   0.7000000           2           1 106.3759350   0.9750000  12.9000000           5  12.9000000           5   5.5427329  16.5356121 366.5737950   5.3135022   4.4787435
2013-03-14T20:57:00Z 121.5118750   0.7000000           2           1 106.3761585   0.9750000   8.2722222           4   8.2722222           4   5.5311195  14.5615030 366.9013650   5.3534506   4.4667463
2013-03-14T20:58:00Z 121.5120833   0.7000000           2           1 106.3763821   0.9750000   8.5444444           4   8.5444444           4   5.5582088  12.8181379 367.2378700   5.4196936   4.4805500
2013-03-14T20:59:00Z 121.5122917   0.7000000           2           1 106.3766057   0.9750000   8.8166667           4   8.8166667           4   5.5915235  11.6600933 367.3342400   5.4761357   4.4720673
2013-03-14T21:00:00Z 121.5125000   0.7000000           2           1 106.3768293   0.9750000   9.0888889           4   9.0888889           4   5.6362446  10.4090420 367.3275650   5.5434887   4.4592272
2013-03-14T21:01:00Z 121.5127083   0.7000000           2           1 106.3770528   0.9750000   9.3611111           4   9.3611111           4   5.6887010   9.6642852 367.2836300   5.6079686   4.4518360
2013-03-14T21:02:00Z 121.5129167   0.7000000           2           1 106.3772764   0.9750000   9.6333333           4   9.6333333           4   5.7335149   9.3776417 367.7640650   5.6568912   4.4656060
2013-03-14T21:03:00Z 121.5131250   0.7000000           2           1 106.3775000   0.9750000   9.9055556           4   9.9055556           4   5.7492599   9.5182835 368.1378100   5.6701091   4.4839833
2013-03-14T21:04:00Z 121.5133333   0.7000000           2           1 106.3777236   0.9750000  10.1777778           4  10.1777778           4   5.7392051  10.5484621 368.2595200   5.6422149   4.4903838
2013-03-14T21:05:00Z 121.5135417   0.7000000           2           1 106.3779472   0.9750000  10.4500000           4  10.4500000           4   5.7623440  15.2641543 368.5380250   5.5590619   4.1794683
2013-03-14T21:06:00Z 121.5137500   0.7000000           2           1 106.3781707   0.9750000  10.7222222           4  10.7222222           4   5.8336857  18.7819776 368.8029800   5.5230453   3.8782203
2013-03-14T21:07:00Z 121.5139583   0.7000000           2           1 106.3783943   0.9750000  10.9944444           4  10.9944444           4   5.8459039  17.3311764 368.5325750   5.5804931   3.9537539
2013-03-14T21:08:00Z 121.5141667   0.7000000           2           1 106.3786179   0.9750000  11.2666667           4  11.2666667           4   5.8826185  15.5931555 368.2641550   5.6661068   4.0442608
2013-03-14T21:09:00Z 121.5143750   0.7000000           2           1 106.3788415   0.9750000  11.5388889           4  11.5388889           4   5.9059239  14.7897274 368.1100400   5.7102558   4.1187761
2013-03-14T21:10:00Z 121.5145833   0.7000000           2           1 106.3790650   0.9750000  11.8111111           4  11.8111111           4   5.9374023  14.7535315 368.1491950   5.7416476   4.1747978
2013-03-14T21:11:00Z 121.5147917   0.7000000           2           1 106.3792886   0.9750000  12.0833333           4  12.0833333           4   5.9897678  14.0342264 368.1005050   5.8109794   4.1971287
2013-03-14T21:12:00Z 121.5150000   0.7000000           2           1 106.3795122   0.9750000  12.3555556           4  12.3555556           4   6.1958631  11.2151815 367.7338900   6.0775448   4.2283970
2013-03-14T21:13:00Z 121.5152083   0.7000000           2           1 106.3797358   0.9750000  12.6277778           4  12.6277778           4   6.3233679   9.5053310 367.1262150   6.2365495   4.3057907
2013-03-14T21:14:00Z 121.5154167   0.7000000           2           1 106.3799593   0.9750000   8.0000000           4   8.0000000           4   6.3055067  10.4022745 366.7518650   6.2018713   4.3553088
2013-03-14T21:15:00Z 121.5156250   0.7000000           2           1 106.3801829   0.9750000   8.1777778           4   8.1777778           4   6.3086820  12.3089738 366.5272850   6.1636593   4.3804720
2013-03-14T21:16:00Z 121.5158333   0.7000000           2           1 106.3804065   0.9750000   8.1555556           4   8.1555556           4   6.3578311  14.3619064 366.1522300   6.1591380   4.3662936
2013-03-14T21:17:00Z 121.5160417   0.7000000           2           1 106.3806301   0.9750000   8.1333333           4   8.1333333           4   6.4179149  15.9451089 366.1594450   6.1709877   4.3876589
2013-03-14T21:18:00Z 121.5162500   0.7000000           2           1 106.3808537   0.9750000   8.1111111           4   8.1111111           4   6.4016008  18.8503572 366.2238300   6.0582551   4.3329093
2013-03-14T21:19:00Z 121.5164583   0.7000000           2           1 106.3810772   0.9750000   8.0888889           4   8.0888889           4   6.3805512  21.6484835 366.4862750   5.9304968   4.3110669
2013-03-14T21:20:00Z 121.5166667   0.7000000           2           1 106.3813008   0.9750000   8.0666667           4   8.0666667           4   6.3831891  21.7719958 366.6712450   5.9278585   4.3915933
2013-03-14T21:21:00Z 121.5168750   0.7000000           2           1 106.3815244   0.9750000   8.0444444           4   8.0444444           4   6.3868557  21.2835488 366.8529350   5.9512433   4.4524363
2013-03-14T21:22:00Z 121.5170833   0.7000000           2           1 106.3817480   0.9750000   8.0222222           4   8.0222222           4   6.3935731  20.3142484 366.8395000   5.9959096   4.5034831
2013-03-14T21:23:00Z 121.5172917   0.7000000           2           1 106.3819715   0.9750000   8.2000000           4   8.2000000           4   6.4381349  18.8431689 366.6559300   6.0930906   4.5190300
2013-03-14T21:24:00Z 121.5175000   0.7000000           2           1 106.3821951   0.9750000   6.9000000           3   6.9000000           3   6.4774314  17.0163065 366.4908500   6.1938593   4.5477307
2013-03-14T21:25:00Z 121.5177083   0.7000000           2           1 106.3824187   0.9750000   5.6000000           3   5.6000000           3   6.5126200  15.3122445 366.5449400   6.2814285   4.5997747
2013-03-14T21:26:00Z 121.5179167   0.7000000           2           1 106.3826423   0.9750000  11.2833333           4  11.2833333           4   6.5203952  15.0275233 366.5774500   6.2974067   4.6264119
2013-03-14T21:27:00Z 121.5181250   0.7000000           2           1 106.3828659   0.9750000  10.7666667           4  10.7666667           4   6.5186086  14.5277180 366.6124000   6.3101852   4.6415619
2013-03-14T21:28:00Z 121.5183333   0.7000000           2           1 106.3830894   0.9750000  10.2500000           4  10.2500000           4   6.5084258  14.1300332 366.4163300   6.3115081   4.6691920
2013-03-14T21:29:00Z 121.5185417   0.7000000           2           1 106.3833130   0.9750000   9.7333333           4   9.7333333           4   6.5081472  13.8407848 366.4262100   6.3191781   4.6683496
2013-03-14T21:30:00Z 121.5187500   0.7000000           2           1 106.3835366   0.9750000   9.2166667           4   9.2166667           4   6.4966251  14.2743129 366.3792750   6.2960506   4.6558480
2013-03-14T21:31:00Z 121.5189583   0.7000000           2           1 106.3837602   0.9750000   8.7000000           4   8.7000000           4   6.5085940  14.3887353 366.3974450   6.3044327   4.6452687
2013-03-14T21:32:00Z 121.5191667   0.7000000           2           1 106.3839837   0.9750000   8.1833333           3   8.1833333           3   6.5355171  14.3999816 366.6006500   6.3301923   4.6512115
2013-03-14T21:33:00Z 121.5193750   0.7000000           2           1 106.3842073   0.9750000   7.6666667           3   7.6666667           3   6.5423613  14.9703239 366.6436400   6.3203119   4.6567906
2013-03-14T21:34:00Z 121.5195833   0.7000000           2           1 106.3844309   0.9750000   7.1500000           3   7.1500000           3   6.5335760  16.0698251 366.5669800   6.2782770   4.6923251
2013-03-14T21:35:00Z 121.5197917   0.7000000           2           1 106.3846545   0.9750000   6.6333333           3   6.6333333           3   6.5288328  17.5185735 366.5144800   6.2260218   4.7147669
2013-03-14T21:36:00Z 121.5200000   0.7000000           2           1 106.3848780   0.9750000   6.1166667           3   6.1166667           3   6.5273394  18.8922883 366.4235150   6.1757048   4.7621255
2013-03-14T21:37:00Z 121.5202083   0.7000000           2           1 106.3851016   0.9750000  11.8000000           5  11.8000000           5   6.5428869  20.1512525 366.3359350   6.1423737   4.7797898
2013-03-14T21:38:00Z 121.5204167   0.7000000           2           1 106.3853252   0.9750000   9.6814815           4   9.6814815           4   6.5827195  19.3961030 366.1567800   6.2091188   4.8152601
2013-03-14T21:39:00Z 121.5206250   0.7000000           2           1 106.3855488   0.9750000   9.7629630           4   9.7629630           4   6.6412218  18.4407600 365.9710750   6.3002031   4.8746475
2013-03-14T21:40:00Z 121.5208333   0.7000000           2           1 106.3857724   0.9750000   9.8444444           4   9.8444444           4   6.6568075  19.9247545 365.9296550   6.2583375   4.8634646
2013-03-14T21:41:00Z 121.5210417   0.7000000           2           1 106.3859959   0.9750000   9.9259259           4   9.9259259           4   6.6790808  20.9400836 365.9071250   6.2379587   4.8627130
2013-03-14T21:42:00Z 121.5212500   0.7000000           2           1 106.3862195   0.9750000  10.0074074           4  10.0074074           4   6.7225446  22.1193831 365.8918100   6.2277740   4.8750793
2013-03-14T21:43:00Z 121.5214583   0.7000000           2           1 106.3864431   0.9750000  10.0888889           4  10.0888889           4   6.7707794  23.6789653 365.9587500   6.2007481   4.8940568
2013-03-14T21:44:00Z 121.5216667   0.7000000           2           1 106.3866667   0.9750000  10.1703704           4  10.1703704           4   6.8342816  25.2730080 366.1859600   6.1801299   4.8819699
2013-03-14T21:45:00Z 121.5218750   0.7000000           2           1 106.3868902   0.9750000  10.2518519           4  10.2518519           4   6.8964423  27.1804142 366.3646150   6.1348859   4.8620707
2013-03-14T21:46:00Z 121.5220833   0.7000000           2           1 106.3871138   0.9750000  10.3333333           4  10.3333333           4   7.0008063  29.1503255 366.7718250   6.1141172   4.8467704
2013-03-14T21:47:00Z 121.5222917   0.7000000           2           1 106.3873374   0.9750000  10.4148148           4  10.4148148           4   7.1170540  30.6427513 367.1613550   6.1232425   4.8143206
2013-03-14T21:48:00Z 121.5225000   0.7000000           2           1 106.3875610   0.9750000  10.4962963           4  10.4962963           4   7.2348959  31.8986304 367.8449600   6.1423131   4.7819467
2013-03-14T21:49:00Z 121.5227083   0.7000000           2           1 106.3877846   0.9750000  10.5777778           4  10.5777778           4   7.3417699  32.8239104 368.0261950   6.1695864   4.7681956
2013-03-14T21:50:00Z 121.5229167   0.7000000           2           1 106.3880081   0.9750000  10.6592593           4  10.6592593           4   7.4164534  33.0175721 368.3087700   6.2187221   4.7561753
2013-03-14T21:51:00Z 121.5231250   0.7000000           2           1 106.3882317   0.9750000  10.7407407           4  10.7407407           4   7.3876633  31.9747093 368.4530150   6.2668212   4.7812584
2013-03-14T21:52:00Z 121.5233333   0.7000000           2           1 106.3884553   0.9750000  10.8222222           4  10.8222222           4   7.3631639  31.1700134 368.3525950   6.3001827   4.7955859
2013-03-14T21:53:00Z 121.5235417   0.7000000           2           1 106.3886789   0.9750000  10.9037037           4  10.9037037           4   7.4417198  31.3017787 368.5284100   6.3585232   4.7919828
2013-03-14T21:54:00Z 121.5237500   0.7000000           2           1 106.3889024   0.9750000  10.9851852           4  10.9851852           4   7.5206638  31.3718491 368.8048350   6.4211930   4.7760953
2013-03-14T21:55:00Z 121.5239583   0.7000000           2           1 106.3891260   0.9750000  11.0666667           4  11.0666667           4   7.5759570  31.3847395 368.9496950   6.4675152   4.7773927
2013-03-14T21:56:00Z 121.5241667   0.7000000           2           1 106.3893496   0.9750000  11.1481481           4  11.1481481           4   7.6240130  31.4220362 369.1714450   6.5059542   4.7586620
2013-03-14T21:57:00Z 121.5243750   0.7000000           2           1 106.3895732   0.9750000  11.2296296           4  11.2296296           4   7.6578633  31.2788619 369.2841350   6.5447962   4.7458097
2013-03-14T21:58:00Z 121.5245833   0.7000000           2           1 106.3897967   0.9750000  11.3111111           4  11.3111111           4   7.6989991  31.0068197 369.4528900   6.5988582   4.7598124
2013-03-14T21:59:00Z 121.5247917   0.7000000           2           1 106.3900203   0.9750000  11.3925926           4  11.3925926           4   7.7149339  30.5886745 369.8472100   6.6413440   4.7630682
2013-03-14T22:00:00Z 121.5250000   0.7000000           2           1 106.3902439   0.9750000  11.4740741           4  11.4740741           4   7.7269602  30.1472310 370.1099050   6.6817939   4.7428891
2013-03-14T22:01:00Z 121.5252083   0.7000000           2           1 106.3904675   0.9750000  11.5555556           4  11.5555556           4   7.7534297  29.8617771 370.3179900   6.7239999   4.7518877
2013-03-14T22:02:00Z 121.5254167   0.7000000           2           1 106.3906911   0.9750000  11.6370370           4  11.6370370           4   7.7698385  29.5597804 370.5038400   6.7585275   4.7920596
2013-03-14T22:03:00Z 121.5256250   0.7000000           2           1 106.3909146   0.9750000  11.7185185           4  11.7185185           4   7.7705967  28.9985245 370.7695800   6.7964141   4.8041148
2013-03-14T22:04:00Z 121.5258333   0.7000000           2           1 106.3911382   0.9750000   9.6000000           4   9.6000000           4   7.7480596  28.7605534 370.8007950   6.7922446   4.8280063
2013-03-14T22:05:00Z 121.5260417   0.7000000           2           1 106.3913618   0.9750000   7.2888889           4   7.2888889           4   7.7261340  28.2085373 370.9286200   6.8085245   4.8566466
2013-03-14T22:06:00Z 121.5262500   0.7000000           2           1 106.3915854   0.9750000   7.5777778           4   7.5777778           4   7.6705908  26.7103814 370.8770650   6.8520618   4.8684361
2013-03-14T22:07:00Z 121.5264583   0.7000000           2           1 106.3918089   0.9750000   7.8666667           4   7.8666667           4   7.6138955  24.9316605 370.7315400   6.9043659   4.8931073
2013-03-14T22:08:00Z 121.5266667   0.7000000           2           1 106.3920325   0.9750000   8.1555556           4   8.1555556           4   7.5212276  22.3870725 370.6560300   6.9543677   4.9422630
2013-03-14T22:09:00Z 121.5268750   0.7000000           2           1 106.3922561   0.9750000   8.4444444           4   8.4444444           4   7.4699574  20.3339119 370.8756250   7.0044553   5.0169504
2013-03-14T22:10:00Z 121.5270833   0.7000000           2           1 106.3924797   0.9750000   8.7333333           4   8.7333333           4   7.4643714  18.8240987 370.9911250   7.0651293   5.0857158
2013-03-14T22:11:00Z 121.5272917   0.7000000           2           1 106.3927033   0.9750000   9.0222222           4   9.0222222           4   7.4736447  18.1391648 371.1366050   7.1022281   5.1192305
2013-03-14T22:12:00Z 121.5275000   0.7000000           2           1 106.3929268   0.9750000   9.3111111           4   9.3111111           4   7.5078476  17.8573395 371.3679350   7.1461419   5.1539595
2013-03-14T22:13:00Z 121.5277083   0.7000000           2           1 106.3931504   0.9750000   7.0000000           4   7.0000000           4   7.4818292  16.3902422 371.7866000   7.1777830   5.2022972
2013-03-14T22:14:00Z 121.5279167   0.7000000           2           1 106.3933740   0.9750000   8.9000000           4   8.9000000           4   7.4640482  15.1774798 372.2686250   7.2036983   5.2580068
2013-03-14T22:15:00Z 121.5281250   0.7000000           2           1 106.3935976   0.9750000   7.1000000           3   7.1000000           3   7.4057484  14.5059314 372.5338550   7.1696658   5.3021493
2013-03-14T22:16:00Z 121.5283333   0.7000000           2           1 106.3938211   0.9750000   5.3000000           3   5.3000000           3   7.2866144  14.9503664 372.2459000   7.0399601   5.2944476
2013-03-14T22:17:00Z 121.5285417   0.7000000           2           1 106.3940447   0.9750000   9.7000000           4   9.7000000           4   7.1802338  15.5567451 372.5990600   6.9171882   5.3171351
2013-03-14T22:18:00Z 121.5287500   0.7000000           2           1 106.3942683   0.9750000   9.3000000           4   9.3000000           4   7.0779856  16.5124752 372.9586000   6.7860745   5.3327543
2013-03-14T22:19:00Z 121.5289583   0.7000000           2           1 106.3944919   0.9750000   8.9000000           4   8.9000000           4   6.9789118  17.8417294 372.9132100   6.6432715   5.2942479
2013-03-14T22:20:00Z 121.5291667   0.7000000           2           1 106.3947154   0.9750000   8.5000000           4   8.5000000           4   6.8892231  19.1869164 372.8709150   6.5065367   5.2453685
2013-03-14T22:21:00Z 121.5293750   0.7000000           2           1 106.3949390   0.9750000   8.1000000           4   8.1000000           4   6.7828870  20.8010182 372.9320700   6.3407742   5.1545941
2013-03-14T22:22:00Z 121.5295833   0.7000000           2           1 106.3951626   0.9750000   7.7000000           4   7.7000000           4   6.6850393  22.3466870 373.2138050   6.1829943   5.0626629
2013-03-14T22:23:00Z 121.5297917   0.7000000           2           1 106.3953862   0.9750000   7.3000000           3   7.3000000           3   6.6029046  24.3529591 373.1709550   6.0153948   5.0084765
2013-03-14T22:24:00Z 121.5300000   0.7000000           2           1 106.3956098   0.9750000   6.9000000           3   6.9000000           3   6.6541761  24.8295409 373.0044100   6.0390713   4.9890038
2013-03-14T22:25:00Z 121.5302083   0.7000000           2           1 106.3958333   0.9750000   6.5000000           3   6.5000000           3   6.7121946  25.2647704 372.8065100   6.0701407   4.9515388
2013-03-14T22:26:00Z 121.5304167   0.7000000           2           1 106.3960569   0.9750000   6.1000000           3   6.1000000           3   6.6598204  25.2738134 372.5298650   6.0223276   4.9097812
2013-03-14T22:27:00Z 121.5306250   0.7000000           2           1 106.3962805   0.9750000   5.7000000           3   5.7000000           3   6.6600123  26.7422306 372.5324550   5.9476572   4.8733364
2013-03-14T22:28:00Z 121.5308333   0.7000000           2           1 106.3965041   0.9750000  10.1000000           5  10.1000000           5   6.6055213  30.9523974 372.7263300   5.6648615   4.7826808
2013-03-14T22:29:00Z 121.5310417   0.7000000           2           1 106.3967276   0.9750000   9.4259259           4   9.4259259           4   6.3382837  36.5346545 372.3691550   5.0927916   4.5701196
2013-03-14T22:30:00Z 121.5312500   0.7000000           2           1 106.3969512   0.9750000   9.4518519           4   9.4518519           4   6.3811848  37.4937516 372.4571850   5.0629579   4.4941220
2013-03-14T22:31:00Z 121.5314583   0.7000000           2           1 106.3971748   0.9754861   9.4777778           4   9.4777778           4   6.1891877  44.1245503 372.4826500   4.4427725   4.2228380
2013-03-14T22:32:00Z 121.5316667   0.7000000           2           1 106.3973984   0.9759722   9.5037037           4   9.5037037           4   5.9507678  50.7258008 372.9561650   3.7670285   3.9569155
2013-03-14T22:33:00Z 121.5318750   0.7000000           2           1 106.3976220   0.9764583   9.5296296           4   9.5296296           4   6.0136585  56.1608187 376.1670700   3.3487884   3.7160190
2013-03-14T22:34:00Z 121.5320833   0.7000000           2           1 106.3978455   0.9769444   9.5555556           4   9.5555556           4   6.1499356  59.2909646 378.1961300   3.1406399   3.6018202
2013-03-14T22:35:00Z 121.5322917   0.7000000           2           1 106.3980691   0.9774306   9.5814815           4   9.5814815           4   6.3046739  61.4406246 377.8628350   3.0140705   3.5075302
2013-03-14T22:36:00Z 121.5325000   0.7000000           2           1 106.3982927   0.9779167   9.6074074           4   9.6074074           4   6.4017814  61.8318120 379.1183300   3.0220337   3.4423381
2013-03-14T22:37:00Z 121.5327083   0.7000000           2           1 106.3985163   0.9784028   9.6333333           4   9.6333333           4   6.4695362  62.1016183 378.7302550   3.0271274   3.3773922
2013-03-14T22:38:00Z 121.5329167   0.7000000           2           1 106.3987398   0.9788889   9.6592593           4   9.6592593           4   6.5026693  62.7070665 379.2910850   2.9817337   3.4490015
2013-03-14T22:39:00Z 121.5331250   0.7000000           2           1 106.3989634   0.9793750   9.6851852           4   9.6851852           4   6.5192870  63.7358159 379.9170300   2.8848543   3.5062292
2013-03-14T22:40:00Z 121.5333333   0.7000000           2           1 106.3991870   0.9798611   9.7111111           4   9.7111111           4   6.5488653  64.9619414 380.1785250   2.7716119   3.4828700
2013-03-14T22:41:00Z 121.5335417   0.7000000           2           1 106.3994106   0.9803472   9.7370370           4   9.7370370           4   6.5720669  66.8206210 380.6425500   2.5868384   3.4134179
2013-03-14T22:42:00Z 121.5337500   0.7000000           2           1 106.3996341   0.9808333   9.7629630           4   9.7629630           4   6.5925728  69.5339312 380.9142700   2.3051103   3.4172906
2013-03-14T22:43:00Z 121.5339583   0.7000000           2           1 106.3998577   0.9813194   9.7888889           4   9.7888889           4   6.6074373  72.1225275 381.4215450   2.0283673   3.3922324
2013-03-14T22:44:00Z 121.5341667   0.7000000           2           1 106.4000813   0.9818056   9.8148148           4   9.8148148           4   6.6896244  75.5267144 382.9574150   1.6719283   3.2606878
2013-03-14T22:45:00Z 121.5343750   0.7000000           2           1 106.4003049   0.9822917   9.8407407           4   9.8407407           4   6.7619729  78.5108738 385.3100150   1.3468630   3.1734724
2013-03-14T22:46:00Z 121.5345833   0.7000000           2           1 106.4005285   0.9827778   9.8666667           4   9.8666667           4   6.9862830  80.7977309 387.1031500   1.1172483   3.0540680
2013-03-14T22:47:00Z 121.5347917   0.7000000           2           1 106.4007520   0.9832639   9.8925926           4   9.8925926           4   7.1313793  83.6324129 387.3012150   0.7909179   2.9251219
2013-03-14T22:48:00Z 121.5350000   0.7000000           2           1 106.4009756   0.9837500   9.9185185           4   9.9185185           4   7.2014938  84.8694642 388.2487500   0.6439945   2.8091867
2013-03-14T22:49:00Z 121.5352083   0.7000000           2           1 106.4011992   0.9842361   9.9444444           4   9.9444444           4   7.2590335  83.9078460 390.1952500   0.7703860   2.8038842
2013-03-14T22:50:00Z 121.5354167   0.7000000           2           1 106.4014228   0.9847222   9.9703704           4   9.9703704           4   7.4765903  87.6912792 391.0683650   0.3011860   2.5973749
2013-03-14T22:51:00Z 121.5356250   0.7000000           2           1 106.4016463   0.9852083   9.9962963           4   9.9962963           4   7.5367184  87.0717646 392.2994150   0.3850140   2.5969084
2013-03-14T22:52:00Z 121.5358333   0.7000000           2           1 106.4018699   0.9856944  10.0222222           4  10.0222222           4   7.6632668  85.9517561 392.8129350   0.5409991   2.6032659
2013-03-14T22:53:00Z 121.5360417   0.7000000           2           1 106.4020935   0.9861806  10.0481481           4  10.0481481           4   7.6431576  86.8073031 390.8603600   0.4256798   2.6042197
2013-03-14T22:54:00Z 121.5362500   0.7000000           2           1 106.4023171   0.9866667  10.0740741           4  10.0740741           4   7.6580265  89.5736329 390.4728400   0.0569867   2.4712788
2013-03-14T22:55:00Z 121.5364583   0.7000000           2           1 106.4025407   0.9871528   9.4000000           4   9.4000000           4   7.6904521  92.2142256 392.2167250  -0.2971276   2.3190046
2013-03-14T22:56:00Z 121.5366667   0.7000000           2           1 106.4027642   0.9876389   8.5250000           4   8.5250000           4   7.7417188  95.0438763 393.2695650  -0.6806410   2.1780672
2013-03-14T22:57:00Z 121.5368750   0.7000000           2           1 106.4029878   0.9881250   8.6500000           4   8.6500000           4   7.7023289  95.5258218 394.3552950  -0.7416907   2.3147624
2013-03-14T22:58:00Z 121.5370833   0.7000000           2           1 106.4032114   0.9886111   8.7750000           4   8.7750000           4   7.5954131  95.2490759 393.7058550  -0.6948706   2.5027920
2013-03-14T22:59:00Z 121.5372917   0.7000000           2           1 106.4034350   0.9890972   8.9000000           4   8.9000000           4   7.4348812  94.3040570 392.8230800  -0.5579829   2.4418239
2013-03-14T23:00:00Z 121.5375000   0.7000000           2           1 106.4036585   0.9895833   9.0250000           4   9.0250000           4   7.2380920  93.3821486 392.3358700  -0.4270138   2.4751514
2013-03-14T23:01:00Z 121.5377083   0.7000000           2           1 106.4038821   0.9900694   9.1500000           4   9.1500000           4   7.0064398  90.8159292 391.8863250  -0.0997729   2.6044690
2013-03-14T23:02:00Z 121.5379167   0.7000000           2           1 106.4041057   0.9905556   9.2750000           4   9.2750000           4   6.6491139  88.6872517 391.2509750   0.1523297   2.6352412
2013-03-14T23:03:00Z 121.5381250   0.7000000           2           1 106.4043293   0.9910417   8.4000000           4   8.4000000           4   6.1741610  85.5378515 390.6529400   0.4803527   2.6815356
2013-03-14T23:04:00Z 121.5383333   0.7000000           2           1 106.4045528   0.9915278   7.4500000           4   7.4500000           4   5.5547480  81.5130053 388.7802350   0.8197970   2.8045326
2013-03-14T23:05:00Z 121.5385417   0.7000000           2           1 106.4047764   0.9920139   6.5000000           4   6.5000000           4   5.1200804  76.7541334 386.1046400   1.1731649   2.9554097
2013-03-14T23:06:00Z 121.5387500   0.7000000           2           1 106.4050000   0.9925000   3.8333333           2   3.8333333           2   4.7757069  72.0981922 385.2703400   1.4679885   3.1892237
2013-03-14T23:07:00Z 121.5389583   0.7000000           2           1 106.4052236   0.9929861   5.1666667           3   5.1666667           3   4.6139589  66.2504596 384.4905800   1.8582228   3.8556631
2013-03-14T23:08:00Z 121.5391667   0.7000000           2           1 106.4054472   0.9934722   2.5000000           1   2.5000000           1   4.4321027  58.5102688 384.1821500   2.3150900   4.0135027
2013-03-14T23:09:00Z 121.5393750   0.7000000           2           1 106.4056707   0.9939583  10.5100000           4  10.5100000           4   4.3908404  50.4497811 383.3207900   2.7958865   4.2204924
2013-03-14T23:10:00Z 121.5395833   0.7000000           2           1 106.4058943   0.9944444   9.6200000           4   9.6200000           4   4.5534949  42.5910634 383.6030150   3.3522950   4.4697911
2013-03-14T23:11:00Z 121.5397917   0.7000000           2           1 106.4061179   0.9949306   8.7300000           3   8.7300000           3   4.8223782  37.3614197 383.3609300   3.8329391   4.7205970
2013-03-14T23:12:00Z 121.5400000   0.7000000           2           1 106.4063415   0.9954167   7.8400000           3   7.8400000           3   5.1104245  33.5685481 382.4589500   4.2581329   4.9424338
2013-03-14T23:13:00Z 121.5402083   0.7000000           2           1 106.4065650   0.9959028   6.9500000           3   6.9500000           3   5.4357582  28.7837171 381.0270750   4.7641352   5.1716789
2013-03-14T23:14:00Z 121.5404167   0.7000000           2           1 106.4067886   0.9963889   6.0600000           2   6.0600000           2   5.8479482  24.4241398 379.3628200   5.3246125   5.4061127
2013-03-14T23:15:00Z 121.5406250   0.7000000           2           1 106.4070122   0.9968750   5.1700000           2   5.1700000           2   6.2626199  20.4792246 378.1990950   5.8668168   5.6408574
2013-03-14T23:16:00Z 121.5408333   0.7000000           2           1 106.4072358   0.9973611   4.2800000           1   4.2800000           1   6.6861545  16.8118044 376.7365200   6.4003877   5.8952743
2013-03-14T23:17:00Z 121.5410417   0.7000000           2           1 106.4074593   0.9978472   3.3900000           1   3.3900000           1   6.8203660  15.5214315 376.1642500   6.5716301   5.8304018
2013-03-14T23:18:00Z 121.5412500   0.7000000           2           1 106.4076829   0.9983333  11.4000000           5  11.4000000           5   6.9350637  15.0508875 376.1094900   6.6971603   5.5426175
2013-03-14T23:19:00Z 121.5414583   0.7000000           2           1 106.4079065   0.9988194   6.7333333           4   6.7333333           4   7.0316037  14.2317813 376.3964600   6.8157976   5.5574220
2013-03-14T23:20:00Z 121.5416667   0.7000000           2           1 106.4081301   0.9993056   6.8666667           4   6.8666667           4   7.0854140  14.6467446 375.9678450   6.8551607   5.6132976
2013-03-14T23:21:00Z 121.5418750   0.7000000           2           1 106.4083537   0.9997917   7.0000000           4   7.0000000           4   6.9765362  16.5518364 376.2426750   6.6874452   6.0562421
2013-03-14T23:22:00Z 121.5420833   0.7000000           2           1 106.4085772   1.0002778   7.1333333           4   7.1333333           4   7.1868508  17.3850265 377.2050250   6.8585442   6.0845503
2013-03-14T23:23:00Z 121.5422917   0.7000000           2           1 106.4088008   1.0007639   7.2666667           4   7.2666667           4   7.3702274  18.4496976 376.9933100   6.9914115   6.0354697
2013-03-14T23:24:00Z 121.5425000   0.7000000           2           1 106.4090244   1.0012500   7.4000000           4   7.4000000           4   7.5400024  21.0731185 377.9038400   7.0357446   6.0237881
2013-03-14T23:25:00Z 121.5427083   0.7000000           2           1 106.4092480   1.0017361   7.5333333           4   7.5333333           4   7.6198663  23.8742742 378.4060050   6.9678783   5.9546168
2013-03-14T23:26:00Z 121.5429167   0.7000000           2           1 106.4094715   1.0022222   7.6666667           4   7.6666667           4   7.7073912  26.1676031 377.5864550   6.9174442   5.8649920
2013-03-14T23:27:00Z 121.5431250   0.7000000           2           1 106.4096951   1.0027083   7.8000000           4   7.8000000           4   7.6506934  29.0650258 377.6713050   6.6872333   5.4334894
2013-03-14T23:28:00Z 121.5433333   0.7000000           2           1 106.4099187   1.0031944   7.9333333           4   7.9333333           4   7.6552586  32.3086652 377.5734000   6.4700792   5.3504402
2013-03-14T23:29:00Z 121.5435417   0.7000000           2           1 106.4101423   1.0036806   8.0666667           4   8.0666667           4   7.5386764  36.5985645 376.8872850   6.0522938   5.1046721
2013-03-14T23:30:00Z 121.5437500   0.7000000           2           1 106.4103659   1.0041667   8.2000000           4   8.2000000           4   7.3211653  41.0088757 376.5860600   5.5246095   4.9477408
2013-03-14T23:31:00Z 121.5439583   0.7000000           2           1 106.4105894   1.0046528   8.3333333           4   8.3333333           4   7.0720595  44.5871150 377.9154050   5.0366072   4.8440236
2013-03-14T23:32:00Z 121.5441667   0.7000000           2           1 106.4108130   1.0051389   8.4666667           4   8.4666667           4   6.9974385  43.3805860 377.8602100   5.0857904   4.8243609
2013-03-14T23:33:00Z 121.5443750   0.7000000           2           1 106.4110366   1.0056250   8.6000000           4   8.6000000           4   6.7676179  43.4797486 377.6316600   4.9107029   4.7879988
2013-03-14T23:34:00Z 121.5445833   0.7000000           2           1 106.4112602   1.0061111   8.7333333           4   8.7333333           4   6.6519945  47.6134680 379.5142400   4.4843010   4.5540377
2013-03-14T23:35:00Z 121.5447917   0.7000000           2           1 106.4114837   1.0065972   8.8666667           4   8.8666667           4   6.5750177  52.1779312 379.3221600   4.0318755   4.3229435
2013-03-14T23:36:00Z 121.5450000   0.7000000           2           1 106.4117073   1.0070833   9.0000000           4   9.0000000           4   6.6179781  56.9555809 380.4211900   3.6087111   4.0746078
2013-03-14T23:37:00Z 121.5452083   0.7000000           2           1 106.4119309   1.0075694   9.1333333           4   9.1333333           4   6.7156652  60.8382106 380.8299400   3.2723918   3.8505342
2013-03-14T23:38:00Z 121.5454167   0.7000000           2           1 106.4121545   1.0080556   9.2666667           4   9.2666667           4   6.8175073  63.8992646 380.7020450   2.9993671   3.6649124
2013-03-14T23:39:00Z 121.5456250   0.7000000           2           1 106.4123780   1.0085417   9.4000000           4   9.4000000           4   6.8509310  64.4553208 382.0134300   2.9542228   3.4900468
2013-03-14T23:40:00Z 121.5458333   0.7000000           2           1 106.4126016   1.0090278   9.5333333           4   9.5333333           4   6.7205234  62.7910452 383.2200800   3.0728715   3.4700928
2013-03-14T23:41:00Z 121.5460417   0.7000000           2           1 106.4128252   1.0095139   9.6666667           4   9.6666667           4   6.4689883  59.6861118 382.7016500   3.2651370   3.0308862
2013-03-14T23:42:00Z 121.5462500   0.7000000           2           1 106.4130488   1.0100000   9.8000000           4   9.8000000           4   6.2328302  58.2160188 381.2268850   3.2829448   2.9359695
2013-03-14T23:43:00Z 121.5464583   0.7000000           2           1 106.4132724   1.0104861   9.9333333           4   9.9333333           4   6.0696929  57.4275460 380.8518850   3.2677144   2.8922843
2013-03-14T23:44:00Z 121.5466667   0.7000000           2           1 106.4134959   1.0109722  10.0666667           4  10.0666667           4   5.8744315  56.2486475 380.3174900   3.2637746   2.8567150
2013-03-14T23:45:00Z 121.5468750   0.7000000           2           1 106.4137195   1.0114583  10.2000000           4  10.2000000           4   5.6784964  53.9631345 380.2850650   3.3406916   2.8515748
2013-03-14T23:46:00Z 121.5470833   0.7000000           2           1 106.4139431   1.0119444  10.3333333           4  10.3333333           4   5.5832635  52.1000816 380.5763250   3.4297099   2.8106394
2013-03-14T23:47:00Z 121.5472917   0.7000000           2           1 106.4141667   1.0124306  10.4666667           4  10.4666667           4   5.5767256  48.4985180 381.3243600   3.6953582   2.6632016
2013-03-14T23:48:00Z 121.5475000   0.7000000           2           1 106.4143902   1.0129167  10.6000000           4  10.6000000           4   5.5565764  45.2407225 380.2791800   3.9125505   2.6856372
2013-03-14T23:49:00Z 121.5477083   0.7000000           2           1 106.4146138   1.0134028  10.7333333           4  10.7333333           4   5.6603936  40.2785021 379.5347100   4.3183763   2.7991207
2013-03-14T23:50:00Z 121.5479167   0.7000000           2           1 106.4148374   1.0138889  10.8666667           4  10.8666667           4   5.8622785  34.8930180 378.0927450   4.8083674   2.8677297
2013-03-14T23:51:00Z 121.5481250   0.7000000           2           1 106.4150610   1.0143750  11.0000000           4  11.0000000           4   6.1493299  29.4660110 375.8958950   5.3538996   2.9292285
2013-03-14T23:52:00Z 121.5483333   0.7000000           2           1 106.4152846   1.0148611  11.1333333           4  11.1333333           4   6.1529370  28.5296643 376.5832900   5.4057856   2.9855713
2013-03-14T23:53:00Z 121.5485417   0.7000000           2           1 106.4155081   1.0153472  11.2666667           4  11.2666667           4   6.3931261  28.1974967 377.5873400   5.6344160   3.0403048
2013-03-14T23:54:00Z 121.5487500   0.7000000           2           1 106.4157317   1.0158333   6.6000000           4   6.6000000           4   6.7024637  24.0024217 375.3652250   6.1228900   3.1947100
2013-03-14T23:55:00Z 121.5489583   0.7000000           2           1 106.4159553   1.0163194   4.4533333           3   4.4533333           3   7.0370607  19.9185274 374.2213250   6.6160897   3.2574213
2013-03-14T23:56:00Z 121.5491667   0.7000000           2           1 106.4161789   1.0168056   4.6066667           3   4.6066667           3   7.3712521  16.3052554 371.8273850   7.0747769   3.3587749
2013-03-14T23:57:00Z 121.5493750   0.7000000           2           1 106.4164024   1.0172917   4.7600000           3   4.7600000           3   7.6562821  13.0756941 370.6912200   7.4577703   3.5116588
2013-03-14T23:58:00Z 121.5495833   0.7000000           2           1 106.4166260   1.0177778   4.9133333           3   4.9133333           3   7.9062462  10.0801501 370.9549550   7.7842045   3.7106802
2013-03-14T23:59:00Z 121.5497917   0.7000000           2           1 106.4168496   1.0182639   5.0666667           3   5.0666667           3   7.9672057   9.3902321 370.1054250   7.8604451   3.9514098
2013-03-15T00:00:00Z 121.5500000   0.7000000           2           1 106.4170732   1.0187500   5.2200000           3   5.2200000           3   7.9736510  10.2739960 369.6115350   7.8458022   3.9535263
2013-03-15T00:01:00Z 121.5502083   0.7000000           2           1 106.4172967   1.0192361   5.3733333           3   5.3733333           3   8.0223861  11.7826165 369.6711150   7.8533496   3.9052194
2013-03-15T00:02:00Z 121.5504167   0.7000000           2           1 106.4175203   1.0197222   5.5266667           3   5.5266667           3   8.0914030  13.7291101 369.9305100   7.8602209   3.8986193
2013-03-15T00:03:00Z 121.5506250   0.7000000           2           1 106.4177439   1.0202083   5.6800000           3   5.6800000           3   8.1378525  15.6988749 370.0899200   7.8342867   3.9291909
2013-03-15T00:04:00Z 121.5508333   0.7000000           2           1 106.4179675   1.0206944   5.8333333           3   5.8333333           3   8.1999838  17.9590305 369.8520000   7.8004579   3.9373573
2013-03-15T00:05:00Z 121.5510417   0.7000000           2           1 106.4181911   1.0211806   5.9866667           3   5.9866667           3   7.9458497  22.4009476 372.0471450   7.3462537   3.7570497
2013-03-15T00:06:00Z 121.5512500   0.7000000           2           1 106.4184146   1.0216667   6.1400000           3   6.1400000           3   7.6688617  26.5873280 372.0932350   6.8579044   3.5970050
2013-03-15T00:07:00Z 121.5514583   0.7000000           2           1 106.4186382   1.0221528   6.2933333           3   6.2933333           3   7.6748072  27.3885351 372.1959700   6.8145185   3.6299237
2013-03-15T00:08:00Z 121.5516667   0.7000000           2           1 106.4188618   1.0226389   6.4466667           3   6.4466667           3   7.7181807  27.4265257 373.4882900   6.8506744   3.7129764
2013-03-15T00:09:00Z 121.5518750   0.7000000           2           1 106.4190854   1.0231250   4.3000000           3   4.3000000           3   7.7533310  27.6802513 375.1950900   6.8659917   3.7965725
2013-03-15T00:10:00Z 121.5520833   0.7000000           2           1 106.4193089   1.0236111   5.8728814           3   5.8728814           3   7.7807850  28.2028213 375.8285700   6.8570516   3.8120358
2013-03-15T00:11:00Z 121.5522917   0.7000000           2           1 106.4195325   1.0240972   5.8457627           3   5.8457627           3   7.8347493  29.0303061 375.6683800   6.8504161   3.7601648
2013-03-15T00:12:00Z 121.5525000   0.7000000           2           1 106.4197561   1.0245833   5.8186441           3   5.8186441           3   7.8857527  30.3791222 374.4989150   6.8030231   3.6435818
2013-03-15T00:13:00Z 121.5527083   0.7000000           2           1 106.4199797   1.0250694   5.7915254           2   5.7915254           2   7.9249732  31.4561619 373.7342700   6.7603167   3.5225299
2013-03-15T00:14:00Z 121.5529167   0.7000000           2           1 106.4202033   1.0255556   5.7644068           3   5.7644068           3   7.9301553  32.4538472 374.5641700   6.6916551   3.5668424
2013-03-15T00:15:00Z 121.5531250   0.7000000           2           1 106.4204268   1.0260417   5.7372881           3   5.7372881           3   7.9527153  33.2649239 376.7163550   6.6496097   3.6893757
2013-03-15T00:16:00Z 121.5533333   0.7000000           2           1 106.4206504   1.0265278   5.7101695           3   5.7101695           3   7.9663935  33.4234231 378.1414650   6.6489332   3.7943506
2013-03-15T00:17:00Z 121.5535417   0.7000000           2           1 106.4208740   1.0270139   5.6830508           3   5.6830508           3   7.9757774  33.7401073 378.8455200   6.6323815   3.9010332
2013-03-15T00:18:00Z 121.5537500   0.7000000           2           1 106.4210976   1.0275000   5.6559322           3   5.6559322           3   7.9932653  34.0114049 379.1825850   6.6258274   4.0053520
2013-03-15T00:19:00Z 121.5539583   0.7000000           2           1 106.4213211   1.0279861   5.6288136           3   5.6288136           3   8.0132980  34.4070258 379.0658200   6.6113251   4.0134836
2013-03-15T00:20:00Z 121.5541667   0.7000000           2           1 106.4215447   1.0284722   5.6016949           3   5.6016949           3   8.0334397  34.6035546 379.1717300   6.6123334   3.9993126
2013-03-15T00:21:00Z 121.5543750   0.7000000           2           1 106.4217683   1.0289583   5.5745763           3   5.5745763           3   8.0394173  34.3903673 379.6929900   6.6341952   4.0463813
2013-03-15T00:22:00Z 121.5545833   0.7000000           2           1 106.4219919   1.0294444   5.5474576           3   5.5474576           3   8.0262520  34.0308960 380.5560600   6.6516432   4.1115720
2013-03-15T00:23:00Z 121.5547917   0.7000000           2           1 106.4222154   1.0299306   5.5203390           3   5.5203390           3   8.0281768  33.2643284 381.2432950   6.7127521   4.1494817
2013-03-15T00:24:00Z 121.5550000   0.7000000           2           1 106.4224390   1.0304167   5.4932203           3   5.4932203           3   8.0264073  32.1745948 381.6656750   6.7937868   4.1919988
2013-03-15T00:25:00Z 121.5552083   0.7000000           2           1 106.4226626   1.0309028   5.4661017           3   5.4661017           3   8.2666547  30.0305889 379.0816300   7.1569252   4.3007387
2013-03-15T00:26:00Z 121.5554167   0.7000000           2           1 106.4228862   1.0313889   5.4389831           3   5.4389831           3   8.5419223  28.4452496 379.3957550   7.5106788   4.4571102
2013-03-15T00:27:00Z 121.5556250   0.7000000           2           1 106.4231098   1.0318750   5.4118644           3   5.4118644           3   8.5201822  29.6444567 380.3051000   7.4049875   4.4624075
2013-03-15T00:28:00Z 121.5558333   0.7000000           2           1 106.4233333   1.0323611   5.3847458           3   5.3847458           3   8.5091346  31.5825694 380.6666750   7.2488152   4.4234417
2013-03-15T00:29:00Z 121.5560417   0.7000000           2           1 106.4235569   1.0328472   5.3576271           3   5.3576271           3   8.5252854  33.1057560 380.6456550   7.1413233   4.3773354
2013-03-15T00:30:00Z 121.5562500   0.7000000           2           1 106.4237805   1.0333333   5.3305085           3   5.3305085           3   8.5813115  34.2006202 381.2480150   7.0973838   4.3587549
2013-03-15T00:31:00Z 121.5564583   0.7000000           2           1 106.4240041   1.0338194   5.3033898           3   5.3033898           3   8.6100864  35.1013530 382.2149900   7.0442228   4.3975537
2013-03-15T00:32:00Z 121.5566667   0.7000000           2           1 106.4242276   1.0343056   5.2762712           3   5.2762712           3   8.6349764  35.5625481 383.3942500   7.0243900   4.4344107
2013-03-15T00:33:00Z 121.5568750   0.7000000           2           1 106.4244512   1.0347917   5.2491525           3   5.2491525           3   8.6297886  36.2407127 383.8534850   6.9602735   4.4584498
2013-03-15T00:34:00Z 121.5570833   0.7000000           2           1 106.4246748   1.0352778   5.2220339           3   5.2220339           3   8.6460059  36.9609889 383.4191850   6.9085485   4.4041280
2013-03-15T00:35:00Z 121.5572917   0.7000000           2           1 106.4248984   1.0357639   5.1949153           3   5.1949153           3   8.6104827  36.9872759 382.4098600   6.8777879   4.3671027
2013-03-15T00:36:00Z 121.5575000   0.7000000           2           1 106.4251220   1.0362500   5.1677966           3   5.1677966           3   8.5444578  37.1633313 382.1701700   6.8092210   4.3601078
2013-03-15T00:37:00Z 121.5577083   0.7000000           2           1 106.4253455   1.0367361   5.1406780           3   5.1406780           3   8.5238362  37.5976517 382.5527200   6.7535603   4.3470058
2013-03-15T00:38:00Z 121.5579167   0.7000000           2           1 106.4255691   1.0372222   5.1135593           3   5.1135593           3   8.5482140  38.3588003 382.2391100   6.7029957   4.2302725
2013-03-15T00:39:00Z 121.5581250   0.7000000           2           1 106.4257927   1.0377083   5.0864407           3   5.0864407           3   8.5750634  38.0097907 382.8264750   6.7563399   4.2296828
2013-03-15T00:40:00Z 121.5583333   0.7000000           2           1 106.4260163   1.0381944   5.0593220           3   5.0593220           3   8.5958610  37.8135343 383.7052500   6.7908179   4.2792087
2013-03-15T00:41:00Z 121.5585417   0.7000000           2           1 106.4262398   1.0386806   5.0322034           3   5.0322034           3   8.4928467  37.5075957 383.5980200   6.7371428   4.3301131
2013-03-15T00:42:00Z 121.5587500   0.7000000           2           1 106.4264634   1.0391667   5.0050847           3   5.0050847           3   8.4201767  37.0567775 383.1782100   6.7196273   4.3723320
2013-03-15T00:43:00Z 121.5589583   0.7000000           2           1 106.4266870   1.0396528   4.9779661           3   4.9779661           3   8.2579458  38.0554927 383.7898950   6.5024229   4.5485806
2013-03-15T00:44:00Z 121.5591667   0.7000000           2           1 106.4269106   1.0401389   4.9508475           3   4.9508475           3   8.0764157  39.4806118 382.6115350   6.2336989   4.4711791
2013-03-15T00:45:00Z 121.5593750   0.7000000           2           1 106.4271341   1.0406250   4.9237288           3   4.9237288           3   7.8486703  39.0597448 381.8670050   6.0944086   4.4917658
2013-03-15T00:46:00Z 121.5595833   0.7000000           2           1 106.4273577   1.0411111   4.8966102           3   4.8966102           3   7.5653499  37.9194192 380.1072300   5.9681217   4.4792738
2013-03-15T00:47:00Z 121.5597917   0.7000000           2           1 106.4275813   1.0415972   4.8694915           3   4.8694915           3   7.2887577  36.7778368 377.6816550   5.8380254   4.4053263
2013-03-15T00:48:00Z 121.5600000   0.7000000           2           1 106.4278049   1.0420833   4.8423729           3   4.8423729           3   7.0294646  35.8783195 375.0117900   5.6957183   4.2964739
2013-03-15T00:49:00Z 121.5602083   0.7000000           2           1 106.4280285   1.0425694   4.8152542           3   4.8152542           3   6.8002886  34.5060952 372.9671900   5.6038861   4.2499708
2013-03-15T00:50:00Z 121.5604167   0.7000000           2           1 106.4282520   1.0430556   4.7881356           3   4.7881356           3   6.5678115  33.2260428 371.4868400   5.4940751   4.2713467
2013-03-15T00:51:00Z 121.5606250   0.7000000           2           1 106.4284756   1.0435417   4.7610169           3   4.7610169           3   6.4030562  31.9582349 369.8230450   5.4325715   4.2524497
2013-03-15T00:52:00Z 121.5608333   0.7000000           2           1 106.4286992   1.0440278   4.7338983           3   4.7338983           3   6.2794426  30.8402508 368.5882400   5.3915292   4.2187313
2013-03-15T00:53:00Z 121.5610417   0.7000000           2           1 106.4289228   1.0445139   4.7067797           3   4.7067797           3   6.1079658  28.6882812 368.0772800   5.3581786   4.2115898
2013-03-15T00:54:00Z 121.5612500   0.7000000           2           1 106.4291463   1.0450000   4.6796610           3   4.6796610           3   5.9118879  27.1418095 367.3932450   5.2608717   4.2492871
2013-03-15T00:55:00Z 121.5614583   0.7000000           2           1 106.4293699   1.0454861   4.6525424           3   4.6525424           3   5.7750803  27.2419175 366.2861200   5.1345184   4.2487662
2013-03-15T00:56:00Z 121.5616667   0.7000000           2           1 106.4295935   1.0459722   4.6254237           3   4.6254237           3   5.6758783  28.7388739 366.1243300   4.9767244   4.2470358
2013-03-15T00:57:00Z 121.5618750   0.7000000           2           1 106.4298171   1.0464583   4.5983051           3   4.5983051           3   5.5587083  31.2535480 366.2492600   4.7520272   4.1070128
2013-03-15T00:58:00Z 121.5620833   0.7000000           2           1 106.4300407   1.0469444   4.5711864           3   4.5711864           3   5.4004848  33.2351697 365.4662650   4.5171170   3.9478364
2013-03-15T00:59:00Z 121.5622917   0.7000000           2           1 106.4302642   1.0474306   4.5440678           3   4.5440678           3   5.2500820  35.8825703 364.0936900   4.2537214   3.8017548
2013-03-15T01:00:00Z 121.5625000   0.7000000           2           1 106.4304878   1.0479167   4.5169492           3   4.5169492           3   5.0505907  38.5652242 361.9737300   3.9490518   3.6665359
2013-03-15T01:01:00Z 121.5627083   0.7000000           2           1 106.4307114   1.0484028   4.4898305           3   4.4898305           3   4.9429539  42.5502392 363.0434550   3.6413983   3.4532019
2013-03-15T01:02:00Z 121.5629167   0.7000000           2           1 106.4309350   1.0488889   4.4627119           3   4.4627119           3   4.9602750  43.0868069 363.6874600   3.6225860   3.3560192
2013-03-15T01:03:00Z 121.5631250   0.7000000           2           1 106.4311585   1.0493750   4.4355932           3   4.4355932           3   5.0758201  40.9720834 363.4893300   3.8323921   3.1979846
2013-03-15T01:04:00Z 121.5633333   0.7000000           2           1 106.4313821   1.0498611   4.4084746           2   4.4084746           2   5.2074681  38.7886723 364.9657200   4.0590226   3.2744865
2013-03-15T01:05:00Z 121.5635417   0.7000000           2           1 106.4316057   1.0503472   4.3813559           3   4.3813559           3   5.3476764  38.5604421 366.2250050   4.1816210   3.3662616
2013-03-15T01:06:00Z 121.5637500   0.7000000           2           1 106.4318293   1.0508333   4.3542373           3   4.3542373           3   5.5017007  38.2430324 367.7417750   4.3209928   3.4491670
2013-03-15T01:07:00Z 121.5639583   0.7000000           2           1 106.4320528   1.0513194   4.3271186           3   4.3271186           3   5.6855300  37.2556977 369.0926150   4.5253510   3.5441721
2013-03-15T01:08:00Z 121.5641667   0.7000000           2           1 106.4322764   1.0518056   5.9000000           3   5.9000000           3   5.8284841  36.0645892 369.9755800   4.7114777   3.6355353
2013-03-15T01:09:00Z 121.5643750   0.7000000           2           1 106.4325000   1.0522917   6.8411765           3   6.8411765           3   5.9264056  35.4474948 370.4310950   4.8279305   3.6710442
2013-03-15T01:10:00Z 121.5645833   0.7000000           2           1 106.4327236   1.0527778   6.7823529           3   6.7823529           3   5.9807211  35.4557066 370.7398750   4.8716812   3.6941134
2013-03-15T01:11:00Z 121.5647917   0.7000000           2           1 106.4329472   1.0532639   6.7235294           3   6.7235294           3   6.1145628  34.9388451 372.5265750   5.0124972   3.7588510
2013-03-15T01:12:00Z 121.5650000   0.7000000           2           1 106.4331707   1.0537500   6.6647059           3   6.6647059           3   6.1039285  33.8523792 373.2942000   5.0691634   3.8693566
2013-03-15T01:13:00Z 121.5652083   0.7000000           2           1 106.4333943   1.0542361   6.6058824           3   6.6058824           3   6.1321237  34.6778233 372.5502700   5.0428397   3.8545468
2013-03-15T01:14:00Z 121.5654167   0.7000000           2           1 106.4336179   1.0547222   6.5470588           3   6.5470588           3   6.1204294  35.4134625 372.8624550   4.9880989   3.8592250
2013-03-15T01:15:00Z 121.5656250   0.7000000           2           1 106.4338415   1.0552083   6.4882353           3   6.4882353           3   6.1123659  36.2778326 373.3734450   4.9275282   3.8370428
2013-03-15T01:16:00Z 121.5658333   0.7000000           2           1 106.4340650   1.0556944   6.4294118           3   6.4294118           3   6.0960112  36.6339840 373.2099600   4.8918276   3.8292423
2013-03-15T01:17:00Z 121.5660417   0.7000000           2           1 106.4342886   1.0561806   6.3705882           3   6.3705882           3   6.0331114  35.4932297 371.5168250   4.9120635   3.8343107
2013-03-15T01:18:00Z 121.5662500   0.7000000           2           1 106.4345122   1.0566667   6.3117647           3   6.3117647           3   5.9611511  34.4530598 371.0300700   4.9155052   3.9006695
2013-03-15T01:19:00Z 121.5664583   0.7000000           2           1 106.4347358   1.0571528   6.2529412           3   6.2529412           3   5.9296774  34.2357409 370.3346050   4.9022409   3.8747754
2013-03-15T01:20:00Z 121.5666667   0.7000000           2           1 106.4349593   1.0576389   6.1941176           3   6.1941176           3   6.0045498  33.4427072 370.8821050   5.0104204   3.8989536
2013-03-15T01:21:00Z 121.5668750   0.7000000           2           1 106.4351829   1.0581250   6.1352941           3   6.1352941           3   6.1542576  32.2635188 368.8168000   5.2040519   3.9779793
2013-03-15T01:22:00Z 121.5670833   0.7000000           2           1 106.4354065   1.0586111   6.0764706           3   6.0764706           3   6.1367090  33.6038670 367.4418550   5.1111661   3.9673653
2013-03-15T01:23:00Z 121.5672917   0.7000000           2           1 106.4356301   1.0590972   6.0176471           3   6.0176471           3   6.0405310  34.6206262 366.1993050   4.9709456   3.9335581
2013-03-15T01:24:00Z 121.5675000   0.7000000           2           1 106.4358537   1.0595833   5.9588235           3   5.9588235           3   6.0023863  35.8363520 365.5653050   4.8660897   3.9564101
2013-03-15T01:25:00Z 121.5677083   0.7000000           2           1 106.4360772   1.0600694   6.9000000           4   6.9000000           4   5.9794447  35.8577393 365.4595850   4.8461840   3.9631940
2013-03-15T01:26:00Z 121.5679167   0.7000000           2           1 106.4363008   1.0605556   5.2800000           3   5.2800000           3   5.9687726  36.3890769 364.3031150   4.8049032   3.8520211
2013-03-15T01:27:00Z 121.5681250   0.7000000           2           1 106.4365244   1.0610417   5.4600000           3   5.4600000           3   5.9519702  37.0348541 363.7011200   4.7512749   3.7842000
2013-03-15T01:28:00Z 121.5683333   0.7000000           2           1 106.4367480   1.0615278   5.6400000           3   5.6400000           3   5.9604568  37.3857417 364.3774200   4.7359748   3.7695946
2013-03-15T01:29:00Z 121.5685417   0.7000000           2           1 106.4369715   1.0620139   5.8200000           3   5.8200000           3   5.9203364  37.5442328 365.4304600   4.6941348   3.7947659
2013-03-15T01:30:00Z 121.5687500   0.7000000           2           1 106.4371951   1.0625000   6.0000000           3   6.0000000           3   5.9212252  38.1609439 364.7212500   4.6557306   3.7429268
2013-03-15T01:31:00Z 121.5689583   0.7270370           2           1 106.4374187   1.0643056   6.1800000           3   6.1800000           3   5.7969100  39.1184980 362.3709100   4.4974906   3.6205919
2013-03-15T01:32:00Z 121.5691667   0.7540741           2           1 106.4376423   1.0661111   6.3600000           3   6.3600000           3   5.7985722  40.7151739 361.6946350   4.3950951   3.5241854
2013-03-15T01:33:00Z 121.5693750   0.7811111           2           1 106.4378659   1.0679167   6.5400000           3   6.5400000           3   5.8041868  40.8883397 362.5013700   4.3878880   3.5315540
2013-03-15T01:34:00Z 121.5695833   0.8081481           2           1 106.4380894   1.0697222   6.7200000           3   6.7200000           3   5.8890854  40.4106389 361.6453600   4.4840553   3.4557573
2013-03-15T01:35:00Z 121.5697917   0.8351852           2           1 106.4383130   1.0715278   5.1000000           3   5.1000000           3   5.9662714  39.7555229 361.3601650   4.5867513   3.7868788
2013-03-15T01:36:00Z 121.5700000   0.8622222           2           1 106.4385366   1.0733333   3.8500000           2   3.8500000           2   6.0673041  39.0748802 360.7908700   4.7101867   3.8952021
2013-03-15T01:37:00Z 121.5702083   0.8892593           2           1 106.4387602   1.0751389   4.1000000           2   4.1000000           2   6.1868716  38.2228808 360.9968000   4.8604674   3.9173762
2013-03-15T01:38:00Z 121.5704167   0.9162963           2           1 106.4389837   1.0769444   4.3500000           2   4.3500000           2   6.3424504  37.9380542 361.5500250   5.0021379   3.9629139
2013-03-15T01:39:00Z 121.5706250   0.9433333           2           1 106.4392073   1.0787500   4.6000000           2   4.6000000           2   6.4294930  37.9185687 362.5588250   5.0721303   4.0468624
2013-03-15T01:40:00Z 121.5708333   0.9703704           2           1 106.4394309   1.0805556   4.8500000           2   4.8500000           2   6.4704422  38.5542808 363.2096300   5.0600025   4.0517468
2013-03-15T01:41:00Z 121.5710417   0.9974074           2           1 106.4396545   1.0823611   3.6000000           2   3.6000000           2   6.4903390  39.1688310 364.0216850   5.0318832   4.0312055
2013-03-15T01:42:00Z 121.5712500   1.0244444           2           1 106.4398780   1.0841667   3.0500000           2   3.0500000           2   6.4914897  40.2779543 364.7735150   4.9524687   4.0228219
2013-03-15T01:43:00Z 121.5714583   1.0514815           2           1 106.4401016   1.0859722   2.5000000           2   2.5000000           2   6.5722189  41.5142108 365.3208050   4.9212207   3.9830915
2013-03-15T01:44:00Z 121.5716667   1.0785185           2           1 106.4403252   1.0877778   8.8000000           3   8.8000000           3   6.5507964  41.7312745 364.8933350   4.8886954   3.9033016
2013-03-15T01:45:00Z 121.5718750   1.1055556           2           1 106.4405488   1.0895833   7.9000000           3   7.9000000           3   6.4765826  42.4586499 364.8699800   4.7781941   3.8621874
2013-03-15T01:46:00Z 121.5720833   1.1325926           2           1 106.4407724   1.0913889   7.0000000           3   7.0000000           3   6.4563148  42.1703980 364.8374800   4.7851077   3.8730733
2013-03-15T01:47:00Z 121.5722917   1.1596296           2           1 106.4409959   1.0931944   6.1000000           3   6.1000000           3   6.4758328  43.2351579 365.5165600   4.7179579   3.8883246
2013-03-15T01:48:00Z 121.5725000   1.1866667           2           1 106.4412195   1.0950000   5.2000000           2   5.2000000           2   6.4831662  44.3472044 364.6790750   4.6362230   3.8204956
2013-03-15T01:49:00Z 121.5727083   1.2137037           2           1 106.4414431   1.0968056   4.3000000           2   4.3000000           2   6.5309050  45.6571318 363.4278950   4.5647798   3.7425242
2013-03-15T01:50:00Z 121.5729167   1.2407407           2           1 106.4416667   1.0986111   3.4000000           2   3.4000000           2   6.5672829  45.9747290 363.9301900   4.5641012   3.7203561
2013-03-15T01:51:00Z 121.5731250   1.2677778           2           1 106.4418902   1.1004167   9.7000000           4   9.7000000           4   6.6366443  46.0856159 364.6825500   4.6030617   3.7409416
2013-03-15T01:52:00Z 121.5733333   1.2948148           2           1 106.4421138   1.1022222   6.2333333           3   6.2333333           3   6.6953440  46.0652705 364.5324750   4.6454872   3.7270737
2013-03-15T01:53:00Z 121.5735417   1.3218519           2           1 106.4423374   1.1040278   6.6666667           3   6.6666667           3   6.7343488  46.4184956 364.6872250   4.6425641   3.7877769
2013-03-15T01:54:00Z 121.5737500   1.3488889           2           1 106.4425610   1.1058333   7.1000000           3   7.1000000           3   6.7632075  46.4237963 366.3062550   4.6620055   3.9128399
2013-03-15T01:55:00Z 121.5739583   1.3759259           2           1 106.4427846   1.1076389   7.5333333           3   7.5333333           3   6.7744139  46.6692587 367.1080100   4.6486620   3.6454146
2013-03-15T01:56:00Z 121.5741667   1.4029630           2           1 106.4430081   1.1094444   7.9666667           3   7.9666667           3   6.7635171  47.0220470 367.3229400   4.6108039   3.5032633
2013-03-15T01:57:00Z 121.5743750   1.4300000           2           1 106.4432317   1.1112500   8.4000000           3   8.4000000           3   6.7330044  47.4983882 367.9217150   4.5488915   3.5168262
2013-03-15T01:58:00Z 121.5745833   1.4570370           2           1 106.4434553   1.1130556   8.8333333           3   8.8333333           3   6.7274309  47.6298029 368.0640100   4.5337380   3.5010056
2013-03-15T01:59:00Z 121.5747917   1.4840741           2           1 106.4436789   1.1148611   9.2666667           3   9.2666667           3   6.7207265  47.3330966 367.6940650   4.5548719   3.4937085
2013-03-15T02:00:00Z 121.5750000   1.5111111           2           1 106.4439024   1.1166667   5.8000000           3   5.8000000           3   6.6683316  47.8542090 367.1536600   4.4745799   3.4659091
2013-03-15T02:01:00Z 121.5752083   1.5381481           2           1 106.4441260   1.1184722   3.0705882           2   3.0705882           2   6.6475949  48.2557944 366.3845400   4.4260100   3.4116207
2013-03-15T02:02:00Z 121.5754167   1.5651852           2           1 106.4443496   1.1202778   3.2411765           2   3.2411765           2   6.6296503  48.3338486 366.7735200   4.4073196   3.3986591
2013-03-15T02:03:00Z 121.5756250   1.5922222           2           1 106.4445732   1.1220833   3.4117647           2   3.4117647           2   6.6110042  48.5981160 366.1093400   4.3720986   3.3580163
2013-03-15T02:04:00Z 121.5758333   1.6192593           2           1 106.4447967   1.1238889   3.5823529           2   3.5823529           2   6.6609846  49.3403970 366.2002900   4.3400559   3.3016715
2013-03-15T02:05:00Z 121.5760417   1.6462963           2           1 106.4450203   1.1256944   3.7529412           2   3.7529412           2   6.7607344  49.2662750 365.9356800   4.4116803   3.2593234
2013-03-15T02:06:00Z 121.5762500   1.6733333           2           1 106.4452439   1.1275000   3.9235294           2   3.9235294           2   6.8273116  50.0398933 366.0617900   4.3848688   3.2528119
2013-03-15T02:07:00Z 121.5764583   1.7003704           2           1 106.4454675   1.1293056   4.0941176           2   4.0941176           2   6.8338496  49.5421407 365.0197900   4.4344071   3.1990289
2013-03-15T02:08:00Z 121.5766667   1.7274074           2           1 106.4456911   1.1311111   4.2647059           2   4.2647059           2   6.8604301  49.3299309 365.1991700   4.4709579   3.2385384
2013-03-15T02:09:00Z 121.5768750   1.7544444           2           1 106.4459146   1.1329167   4.4352941           2   4.4352941           2   6.9085350  49.4165252 365.9756150   4.4943834   3.2822529
2013-03-15T02:10:00Z 121.5770833   1.7814815           2           1 106.4461382   1.1347222   4.6058824           2   4.6058824           2   6.9363232  49.5753117 366.7121550   4.4978448   3.3260136
2013-03-15T02:11:00Z 121.5772917   1.8085185           2           1 106.4463618   1.1365278   4.7764706           2   4.7764706           2   6.9384640  50.2085154 366.9960150   4.4405858   3.3365106
2013-03-15T02:12:00Z 121.5775000   1.8355556           2           1 106.4465854   1.1383333   4.9470588           2   4.9470588           2   6.9181972  50.7142994 367.1252800   4.3805176   3.3029155
2013-03-15T02:13:00Z 121.5777083   1.8625926           2           1 106.4468089   1.1401389   5.1176471           2   5.1176471           2   6.9677324  50.9081172 366.5372650   4.3936142   3.2013330
2013-03-15T02:14:00Z 121.5779167   1.8896296           2           1 106.4470325   1.1419444   5.2882353           2   5.2882353           2   6.9850970  51.3355355 365.0352850   4.3639988   3.0735846
2013-03-15T02:15:00Z 121.5781250   1.9166667           2           1 106.4472561   1.1437500   5.4588235           2   5.4588235           2   6.9589019  51.5408961 364.5946250   4.3281299   3.0210378
2013-03-15T02:16:00Z 121.5783333   1.9437037           2           1 106.4474797   1.1455556   5.6294118           2   5.6294118           2   6.9141989  51.9285569 365.2707250   4.2635964   3.0444567
2013-03-15T02:17:00Z 121.5785417   1.9707407           2           1 106.4477033   1.1473611   2.9000000           2   2.9000000           2   6.8639256  51.2255493 364.4036500   4.2985761   3.0255139
2013-03-15T02:18:00Z 121.5787500   1.9977778           2           1 106.4479268   1.1491667   3.8625000           2   3.8625000           2   6.8490257  51.6313454 364.8895750   4.2513200   3.0623996
2013-03-15T02:19:00Z 121.5789583   2.0124074           2           1 106.4481504   1.1509722   3.7250000           2   3.7250000           2   6.8446219  51.8564952 364.7322500   4.2274658   3.0188342
2013-03-15T02:20:00Z 121.5791667   2.0259259           2           1 106.4483740   1.1527778   3.5875000           2   3.5875000           2   6.9101213  50.6335620 365.5855400   4.3829363   3.0187158
2013-03-15T02:21:00Z 121.5793750   2.0394444           2           1 106.4485976   1.1545833   3.4500000           2   3.4500000           2   6.9602653  49.6099020 366.0784200   4.5101703   3.1365745
2013-03-15T02:22:00Z 121.5795833   2.0529630           2           1 106.4488211   1.1563889   3.3125000           2   3.3125000           2   7.0181296  48.6643428 366.4568900   4.6352576   3.3138076
2013-03-15T02:23:00Z 121.5797917   2.0664815           2           1 106.4490447   1.1581944   3.1750000           2   3.1750000           2   7.0570221  48.2448337 367.8749300   4.6996163   3.4558880
2013-03-15T02:24:00Z 121.5800000   2.0800000           2           1 106.4492683   1.1600000   3.0375000           2   3.0375000           2   7.0886720  48.0967150 368.8876250   4.7343484   3.5180846
2013-03-15T02:25:00Z 121.5802083   2.0935185           2           1 106.4494919   1.1618056   4.0000000           3   4.0000000           3   7.1483870  47.8025210 369.1639100   4.8014857   3.5426332
2013-03-15T02:26:00Z 121.5804167   2.1070370           2           1 106.4497154   1.1636111   5.7142857           2   5.7142857           2   7.1847103  47.4710534 369.6792250   4.8565954   3.5871949
2013-03-15T02:27:00Z 121.5806250   2.1205556           2           1 106.4499390   1.1654167   5.4285714           3   5.4285714           3   7.2000247  47.3161514 370.3082850   4.8812745   3.6354003
2013-03-15T02:28:00Z 121.5808333   2.1340741           2           1 106.4501626   1.1672222   5.1428571           3   5.1428571           3   7.2050588  47.4760205 370.5132650   4.8698900   3.6421321
2013-03-15T02:29:00Z 121.5810417   2.1475926           2           1 106.4503862   1.1690278   4.8571429           3   4.8571429           3   7.2185794  47.2755969 370.2473300   4.8976085   3.6088262
2013-03-15T02:30:00Z 121.5812500   2.1611111           2           1 106.4506098   1.1708333   4.5714286           3   4.5714286           3   7.2261731  47.1177291 369.9843650   4.9173686   3.5889438
2013-03-15T02:31:00Z 121.5814583   2.1746296           2           1 106.4508333   1.1726389   4.2857143           2   4.2857143           2   7.2271919  46.8676428 370.1430300   4.9411300   3.6047886
2013-03-15T02:32:00Z 121.5816667   2.1881481           2           1 106.4510569   1.1744444   6.0000000           3   6.0000000           3   7.2650543  46.7307024 370.5107550   4.9796736   3.6625747
2013-03-15T02:33:00Z 121.5818750   2.2016667           2           1 106.4512805   1.1762500   4.0000000           2   4.0000000           2   7.2353011  46.7663015 370.5390150   4.9560056   3.6962208
2013-03-15T02:34:00Z 121.5820833   2.2151852           2           1 106.4515041   1.1780556   2.0000000           1   2.0000000           1   7.2243358  46.9258930 370.8101950   4.9338148   3.6979187
2013-03-15T02:35:00Z 121.5822917   2.2287037           2           1 106.4517276   1.1798611   4.7900000           2   4.7900000           2   7.2448641  47.1714183 370.9454050   4.9251110   3.6870040
2013-03-15T02:36:00Z 121.5825000   2.2422222           2           1 106.4519512   1.1816667   4.4800000           2   4.4800000           2   7.2927915  47.2291784 370.9130850   4.9522981   3.6481648
2013-03-15T02:37:00Z 121.5827083   2.2557407           2           1 106.4521748   1.1834722   4.1700000           2   4.1700000           2   7.3822663  47.8355518 371.7948300   4.9554260   3.6658766
2013-03-15T02:38:00Z 121.5829167   2.2692593           2           1 106.4523984   1.1852778   3.8600000           2   3.8600000           2   7.4167328  47.6025361 371.4690450   5.0008782   3.6456384
2013-03-15T02:39:00Z 121.5831250   2.2827778           2           1 106.4526220   1.1870833   3.5500000           2   3.5500000           2   7.4528568  48.4342835 372.0367450   4.9448113   3.6379141
2013-03-15T02:40:00Z 121.5833333   2.2962963           2           1 106.4528455   1.1888889   3.2400000           1   3.2400000           1   7.4500588  49.7252202 371.5088650   4.8161204   3.6268787
2013-03-15T02:41:00Z 121.5835417   2.3098148           2           1 106.4530691   1.1906944   2.9300000           1   2.9300000           1   7.4253676  51.1474399 371.6362550   4.6580703   3.5506709
2013-03-15T02:42:00Z 121.5837500   2.3233333           2           1 106.4532927   1.1925000   2.6200000           1   2.6200000           1   7.4131138  52.6785427 371.1194500   4.4944690   3.3358972
2013-03-15T02:43:00Z 121.5839583   2.3356790           2           1 106.4535163   1.1943056   2.3100000           1   2.3100000           1   7.4146318  52.9606016 370.8847250   4.4663076   3.2052647
2013-03-15T02:44:00Z 121.5841667   2.3446914           2           1 106.4537398   1.1961111   5.1000000           3   5.1000000           3   7.4163135  52.7808397 370.8161450   4.4858718   3.2091445
2013-03-15T02:45:00Z 121.5843750   2.3537037           2           1 106.4539634   1.1979167   4.3500000           3   4.3500000           3   7.3884795  52.5846439 371.1584550   4.4891569   3.2302916
2013-03-15T02:46:00Z 121.5845833   2.3627160           2           1 106.4541870   1.1997222   4.5000000           3   4.5000000           3   7.3812930  52.3107261 371.6172850   4.5127669   3.2672420
2013-03-15T02:47:00Z 121.5847917   2.3717284           2           1 106.4544106   1.2015278   4.6500000           3   4.6500000           3   7.3943430  52.1324391 371.9787700   4.5389313   3.3099229
2013-03-15T02:48:00Z 121.5850000   2.3807407           2           1 106.4546341   1.2033333   4.8000000           3   4.8000000           3   7.4015321  51.9631629 372.3735050   4.5605871   3.3018168
2013-03-15T02:49:00Z 121.5852083   2.3897531           2           1 106.4548577   1.2051389   4.9500000           3   4.9500000           3   7.4222378  52.0223808 372.3827550   4.5673009   3.2869273
2013-03-15T02:50:00Z 121.5854167   2.3987654           2           1 106.4550813   1.2069444   4.2000000           3   4.2000000           3   7.3958219  52.2389271 371.9703700   4.5289801   3.2483352
2013-03-15T02:51:00Z 121.5856250   2.4077778           2           1 106.4553049   1.2087500   4.6705882           2   4.6705882           2   7.4074055  52.1190343 372.5170550   4.5483176   3.1896687
2013-03-15T02:52:00Z 121.5858333   2.4167901           2           1 106.4555285   1.2105556   4.6411765           3   4.6411765           3   7.4017355  52.7301391 372.8612250   4.4822681   3.1979947
2013-03-15T02:53:00Z 121.5860417   2.4258025           2           1 106.4557520   1.2123611   4.6117647           3   4.6117647           3   7.4022614  53.4831083 372.6073250   4.4047879   3.1347291
2013-03-15T02:54:00Z 121.5862500   2.4348148           2           1 106.4559756   1.2141667   4.5823529           3   4.5823529           3   7.4176480  52.8840934 373.2213400   4.4760268   3.1866928
2013-03-15T02:55:00Z 121.5864583   2.4438272           2           1 106.4561992   1.2159722   4.5529412           3   4.5529412           3   7.4466493  52.8373239 373.0966350   4.4983727   3.1817608
2013-03-15T02:56:00Z 121.5866667   2.4528395           2           1 106.4564228   1.2177778   4.5235294           3   4.5235294           3   7.4327656  53.3037544 372.6011750   4.4416171   3.1615721
2013-03-15T02:57:00Z 121.5868750   2.4618519           2           1 106.4566463   1.2195833   4.4941176           3   4.4941176           3   7.3339751  55.2559765 373.2362100   4.1797135   3.1227651
2013-03-15T02:58:00Z 121.5870833   2.4708642           2           1 106.4568699   1.2213889   4.4647059           3   4.4647059           3   7.2278657  57.2256212 374.7669500   3.9126770   3.0693158
2013-03-15T02:59:00Z 121.5872917   2.4798765           2           1 106.4570935   1.2231944   4.4352941           3   4.4352941           3   7.0617371  57.9082737 376.4831250   3.7517332   3.0682709
2013-03-15T03:00:00Z 121.5875000   2.4888889           2           1 106.4573171   1.2250000   4.4058824           3   4.4058824           3   6.8804714  58.7080234 377.7463200   3.5737131   3.0920795
2013-03-15T03:01:00Z 121.5877083   2.4979012           2           1 106.4575407   1.2268056   4.3764706           3   4.3764706           3   6.7681867  58.7554354 378.1973850   3.5106053   3.1137045
2013-03-15T03:02:00Z 121.5879167   2.5069136           2           1 106.4577642   1.2286111   4.3470588           3   4.3470588           3   6.6136187  60.4224096 378.7444950   3.2644938   3.1489722
2013-03-15T03:03:00Z 121.5881250   2.5159259           2           1 106.4579878   1.2304167   4.3176471           3   4.3176471           3   6.4532148  63.8802921 380.3522250   2.8410151   3.1718178
2013-03-15T03:04:00Z 121.5883333   2.5249383           2           1 106.4582114   1.2322222   4.2882353           3   4.2882353           3   6.3342883  68.0001490 381.8155350   2.3728509   3.2732411
2013-03-15T03:05:00Z 121.5885417   2.5339506           2           1 106.4584350   1.2340278   4.2588235           3   4.2588235           3   6.2975152  71.7960254 383.5005350   1.9673489   3.2690381
2013-03-15T03:06:00Z 121.5887500   2.5429630           2           1 106.4586585   1.2358333   4.2294118           2   4.2294118           2   6.2508970  75.0161579 385.0873300   1.6161484   3.1604738
2013-03-15T03:07:00Z 121.5889583   2.5519753           2           1 106.4588821   1.2376389   4.7000000           3   4.7000000           3   6.1898797  76.6824890 384.4123350   1.4258212   3.0778160
2013-03-15T03:08:00Z 121.5891667   2.5609877           2           1 106.4591057   1.2394444   3.6333333           2   3.6333333           2   6.1219388  78.2946399 384.4915550   1.2420122   3.4339362
2013-03-15T03:09:00Z 121.5893750   2.5700000           2           1 106.4593293   1.2412500   3.7666667           2   3.7666667           2   6.0216123  79.1561281 385.2928100   1.1328664   3.4887192
2013-03-15T03:10:00Z 121.5895833   2.5790123           2           1 106.4595528   1.2430556   3.9000000           2   3.9000000           2   5.9807455  79.6282519 385.9714650   1.0767383   3.5247760
2013-03-15T03:11:00Z 121.5897917   2.5880247           2           1 106.4597764   1.2448611   4.0333333           2   4.0333333           2   5.9342168  80.7695544 385.9826000   0.9518822   3.5829487
2013-03-15T03:12:00Z 121.5900000   2.5970370           2           1 106.4600000   1.2466667   4.1666667           2   4.1666667           2   5.8562276  81.0563356 386.2451400   0.9104282   3.5637855
2013-03-15T03:13:00Z 121.5902083   2.6060494           2           1 106.4602236   1.2484722   4.3000000           2   4.3000000           2   5.7837382  81.4436453 386.5463200   0.8605168   3.6195144
2013-03-15T03:14:00Z 121.5904167   2.6150617           2           1 106.4604472   1.2502778   4.4333333           2   4.4333333           2   5.7954997  83.6431973 386.3991050   0.6416758   3.5882446
2013-03-15T03:15:00Z 121.5906250   2.6240741           2           1 106.4606707   1.2520833   4.5666667           2   4.5666667           2   5.7479552  86.7067971 387.6147050   0.3301947   3.5818593
2013-03-15T03:16:00Z 121.5908333   2.6330864           2           1 106.4608943   1.2538889   3.5000000           2   3.5000000           2   5.6965336  89.2591685 389.2484750   0.0736538   3.5432904
2013-03-15T03:17:00Z 121.5910417   2.6420988           2           1 106.4611179   1.2556944   3.4125000           2   3.4125000           2   5.6767743  89.8417109 390.1964350   0.0156830   3.5107220
2013-03-15T03:18:00Z 121.5912500   2.6511111           2           1 106.4613415   1.2575000   3.4250000           2   3.4250000           2   5.6633632  89.8309715 389.9707300   0.0167075   3.4997040
2013-03-15T03:19:00Z 121.5914583   2.6601235           2           1 106.4615650   1.2593056   3.4375000           2   3.4375000           2   5.6873861  91.1686215 389.9024350  -0.1159936   3.4835746
2013-03-15T03:20:00Z 121.5916667   2.6691358           2           1 106.4617886   1.2611111   3.4500000           2   3.4500000           2   5.6808967  93.0614400 390.8975300  -0.3033984   3.4489223
2013-03-15T03:21:00Z 121.5918750   2.6781481           2           1 106.4620122   1.2629167   3.4625000           2   3.4625000           2   5.7080895  94.9234310 392.7553300  -0.4898932   3.4158347
2013-03-15T03:22:00Z 121.5920833   2.6871605           2           1 106.4622358   1.2647222   3.4750000           2   3.4750000           2   5.6493945  94.0432699 393.1877650  -0.3983378   3.4052858
2013-03-15T03:23:00Z 121.5922917   2.6961728           2           1 106.4624593   1.2665278   3.4875000           2   3.4875000           2   5.6069161  90.0126643 391.5664800  -0.0012393   3.4691360
2013-03-15T03:24:00Z 121.5925000   2.7051852           2           1 106.4626829   1.2683333   3.4000000           2   3.4000000           2   5.6131372  86.4609768 389.2159350   0.3464896   3.2948510
2013-03-15T03:25:00Z 121.5927083   2.7141975           2           1 106.4629065   1.2701389   2.8000000           1   2.8000000           1   5.5905027  84.8255915 387.3948550   0.5041949   3.1871418
2013-03-15T03:26:00Z 121.5929167   2.7232099           2           1 106.4631301   1.2719444   2.2000000           1   2.2000000           1   5.6214651  84.2021322 386.5769700   0.5678763   3.1818295
2013-03-15T03:27:00Z 121.5931250   2.7322222           2           1 106.4633537   1.2737500   4.3428571           2   4.3428571           2   5.6838773  85.3259022 386.9416800   0.4631675   3.1202994
2013-03-15T03:28:00Z 121.5933333   2.7412346           2           1 106.4635772   1.2755556   3.9857143           2   3.9857143           2   5.7309644  86.4338715 387.2911250   0.3564689   2.7033949
2013-03-15T03:29:00Z 121.5935417   2.7502469           2           1 106.4638008   1.2773611   3.6285714           2   3.6285714           2   5.7923411  88.8288720 387.9851050   0.1183874   2.6317795
2013-03-15T03:30:00Z 121.5937500   2.7592593           2           1 106.4640244   1.2791667   3.2714286           1   3.2714286           1   5.8879403  91.1092985 389.0627550  -0.1139888   2.5742608
2013-03-15T03:31:00Z 121.5939583   2.7682716           2           1 106.4642480   1.2809722   2.9142857           1   2.9142857           1   6.0039679  93.0536870 389.9160150  -0.3198414   2.5018029
2013-03-15T03:32:00Z 121.5941667   2.7772840           2           1 106.4644715   1.2827778   2.5571429           1   2.5571429           1   6.1124566  94.9590556 390.7561650  -0.5283841   2.4310644
2013-03-15T03:33:00Z 121.5943750   2.7862963           2           1 106.4646951   1.2845833   4.7000000           3   4.7000000           3   6.2179716  95.6166264 392.2555900  -0.6085634   2.3840702
2013-03-15T03:34:00Z 121.5945833   2.7953086           2           1 106.4649187   1.2863889   1.9875000           1   1.9875000           1   6.2934288  96.1884001 393.5257450  -0.6784195   2.3433080
2013-03-15T03:35:00Z 121.5947917   2.8043210           2           1 106.4651423   1.2881944   2.3750000           1   2.3750000           1   6.3530318  95.3785377 394.1401450  -0.5955039   2.3112448
2013-03-15T03:36:00Z 121.5950000   2.8133333           2           1 106.4653659   1.2900000   2.7625000           1   2.7625000           1   6.4096363  94.3078471 394.0484500  -0.4814617   2.3078795
2013-03-15T03:37:00Z 121.5952083   2.8223457           2           1 106.4655894   1.2918056   3.1500000           2   3.1500000           2   6.4217240  93.5968423 393.8944100  -0.4028702   2.3288739
2013-03-15T03:38:00Z 121.5954167   2.8313580           2           1 106.4658130   1.2936111   3.5375000           2   3.5375000           2   6.4158994  93.5809865 393.8678950  -0.4007327   2.3302211
2013-03-15T03:39:00Z 121.5956250   2.8403704           2           1 106.4660366   1.2954167   3.9250000           2   3.9250000           2   6.4406106  92.6984024 393.7205100  -0.3032149   2.3152233
2013-03-15T03:40:00Z 121.5958333   2.8493827           2           1 106.4662602   1.2972222   4.3125000           2   4.3125000           2   6.4944169  90.9237544 392.5580650  -0.1047021   2.3273259
2013-03-15T03:41:00Z 121.5960417   2.8583951           2           1 106.4664837   1.2990278   1.6000000           1   1.6000000           1   6.4951240  90.1932801 391.9733500  -0.0219104   2.3221517
2013-03-15T03:42:00Z 121.5962500   2.8674074           2           1 106.4667073   1.3008333   3.7722222           1   3.7722222           1   6.4712372  90.3225693 392.2841300  -0.0364322   2.2973099
2013-03-15T03:43:00Z 121.5964583   2.8764198           2           1 106.4669309   1.3026389   3.6444444           1   3.6444444           1   6.4510958  92.4658818 393.6552350  -0.2775550   2.2009382
2013-03-15T03:44:00Z 121.5966667   2.8854321           2           1 106.4671545   1.3044444   3.5166667           1   3.5166667           1   6.4067758  94.1011415 395.8983800  -0.4581954   2.2042679
2013-03-15T03:45:00Z 121.5968750   2.8944444           2           1 106.4673780   1.3062500   3.3888889           1   3.3888889           1   6.3764055  94.7605040 396.7716700  -0.5291837   2.1987561
2013-03-15T03:46:00Z 121.5970833   2.9034568           2           1 106.4676016   1.3080556   3.2611111           1   3.2611111           1   6.3320986  95.0988497 396.3855750  -0.5627608   2.1900092
2013-03-15T03:47:00Z 121.5972917   2.9124691           2           1 106.4678252   1.3098611   3.1333333           1   3.1333333           1   6.2789224  95.2498089 397.1296900  -0.5745107   2.2238218
2013-03-15T03:48:00Z 121.5975000   2.9214815           2           1 106.4680488   1.3116667   3.0055556           1   3.0055556           1   6.2385494  95.1274411 397.3617750  -0.5575474   2.2206377
2013-03-15T03:49:00Z 121.5977083   2.9304938           2           1 106.4682724   1.3134722   2.8777778           1   2.8777778           1   6.1890755  94.3157981 396.4094450  -0.4657507   2.1814085
2013-03-15T03:50:00Z 121.5979167   2.9395062           2           1 106.4684959   1.3152778   2.7500000           1   2.7500000           1   6.1017448  93.4941057 394.7193850  -0.3718761   2.1516992
2013-03-15T03:51:00Z 121.5981250   2.9485185           2           1 106.4687195   1.3170833   2.6222222           1   2.6222222           1   5.9917229  92.5992777 393.9071200  -0.2717270   2.1536268
2013-03-15T03:52:00Z 121.5983333   2.9575309           2           1 106.4689431   1.3188889   2.4944444           1   2.4944444           1   5.8862657  91.5156628 391.5124750  -0.1556930   2.1331887
2013-03-15T03:53:00Z 121.5985417   2.9665432           2           1 106.4691667   1.3206944   2.3666667           1   2.3666667           1   5.7521668  90.9100146 390.2304550  -0.0913564   2.1653777
2013-03-15T03:54:00Z 121.5987500   2.9755556           2           1 106.4693902   1.3225000   2.2388889           1   2.2388889           1   5.6225365  89.9656810 389.5385700   0.0033678   2.1661942
2013-03-15T03:55:00Z 121.5989583   2.9845679           2           1 106.4696138   1.3243056   2.1111111           1   2.1111111           1   5.4997858  88.9845048 386.9561900   0.0974716   2.1438503
2013-03-15T03:56:00Z 121.5991667   2.9935802           2           1 106.4698374   1.3261111   1.9833333           1   1.9833333           1   5.4617200  88.5309744 385.7712350   0.1400195   2.1473243
2013-03-15T03:57:00Z 121.5993750   3.0025926           2           1 106.4700610   1.3279167   1.8555556           1   1.8555556           1   5.4412833  88.4986581 385.3297000   0.1425636   2.1411173
2013-03-15T03:58:00Z 121.5995833   3.0116049           2           1 106.4702846   1.3297222   1.7277778           1   1.7277778           1   5.4233059  88.2424739 384.0152250   0.1663317   2.1173909
2013-03-15T03:59:00Z 121.5997917   3.0206173           2           1 106.4705081   1.3315278   3.9000000           2   3.9000000           2   5.3234106  87.2120862 381.5665700   0.2589258   2.1143597
2013-03-15T04:00:00Z 121.6000000   3.0296296           2           1 106.4707317   1.3333333   3.5571429           2   3.5571429           2   5.2466139  86.2506392 380.2309750   0.3430866   2.1155505
2013-03-15T04:01:00Z 121.6002083   3.0386420           2           1 106.4709553   1.3351389   3.6142857           2   3.6142857           2   5.2028987  84.9398246 378.6516250   0.4589058   2.1550102
2013-03-15T04:02:00Z 121.6004167   3.0476543           2           1 106.4711789   1.3369444   3.6714286           2   3.6714286           2   5.1784655  83.7500960 376.5685000   0.5637547   2.1659001
2013-03-15T04:03:00Z 121.6006250   3.0566667           2           1 106.4714024   1.3387500   3.7285714           2   3.7285714           2   5.1301905  81.9850195 374.3028650   0.7153128   2.1734076
2013-03-15T04:04:00Z 121.6008333   3.0656790           2           1 106.4716260   1.3405556   3.7857143           2   3.7857143           2   5.0829766  79.9515750 372.2635150   0.8868800   2.1975983
2013-03-15T04:05:00Z 121.6010417   3.0746914           2           1 106.4718496   1.3423611   3.8428571           2   3.8428571           2   5.0652465  78.1974438 370.5254950   1.0360441   2.2143190
2013-03-15T04:06:00Z 121.6012500   3.0837037           2           1 106.4720732   1.3441667   3.5000000           2   3.5000000           2   5.0464647  76.5886153 369.6625550   1.1704830   2.2539099
2013-03-15T04:07:00Z 121.6014583   3.0927160           2           1 106.4722967   1.3459722   3.6777778           2   3.6777778           2   5.0413361  75.2484213 368.4860800   1.2836683   2.2967565
2013-03-15T04:08:00Z 121.6016667   3.1017284           2           1 106.4725203   1.3477778   3.6555556           2   3.6555556           2   5.0456624  73.8726021 367.5849700   1.4015541   2.3201718
2013-03-15T04:09:00Z 121.6018750   3.1107407           2           1 106.4727439   1.3495833   3.6333333           2   3.6333333           2   5.0447598  72.8731197 366.2707800   1.4856248   2.3740694
2013-03-15T04:10:00Z 121.6020833   3.1197531           2           1 106.4729675   1.3513889   3.6111111           2   3.6111111           2   5.0473396  71.8303894 365.8289450   1.5739170   2.4134992
2013-03-15T04:11:00Z 121.6022917   3.1287654           2           1 106.4731911   1.3531944   3.5888889           2   3.5888889           2   5.0555826  71.0000290 364.4311650   1.6459343   2.4305836
2013-03-15T04:12:00Z 121.6025000   3.1377778           2           1 106.4734146   1.3550000   3.5666667           2   3.5666667           2   5.0524766  70.6939471 364.2419900   1.6704200   2.4346266
2013-03-15T04:13:00Z 121.6027083   3.1467901           2           1 106.4736382   1.3568056   3.5444444           2   3.5444444           2   5.0328155  70.7151500 364.0433350   1.6621619   2.4150565
2013-03-15T04:14:00Z 121.6029167   3.1558025           2           1 106.4738618   1.3586111   3.5222222           2   3.5222222           2   5.0443255  70.0807090 363.7331900   1.7185821   2.4097076
2013-03-15T04:15:00Z 121.6031250   3.1648148           2           1 106.4740854   1.3604167   3.7000000           2   3.7000000           2   5.0402279  69.1026709 364.1963450   1.7978213   2.4585523
2013-03-15T04:16:00Z 121.6033333   3.1738272           2           1 106.4743089   1.3622222   2.8000000           1   2.8000000           1   4.9455842  67.4319374 363.1538750   1.8980195   2.4863167
2013-03-15T04:17:00Z 121.6035417   3.1828395           2           1 106.4745325   1.3640278   1.9000000           1   1.9000000           1   4.8411691  65.8009918 361.1770100   1.9844303   2.4852016
2013-03-15T04:18:00Z 121.6037500   3.1918519           2           1 106.4747561   1.3658333   4.0428571           2   4.0428571           2   4.7800498  64.0033452 360.2267050   2.0951850   2.5035939
2013-03-15T04:19:00Z 121.6039583   3.2008642           2           1 106.4749797   1.3676389   3.6857143           2   3.6857143           2   4.7930550  63.0970366 360.1268300   2.1687655   2.5420838
2013-03-15T04:20:00Z 121.6041667   3.2098765           2           1 106.4752033   1.3694444   3.3285714           2   3.3285714           2   4.7929761  62.2914999 359.5765800   2.2286063   2.6054571
2013-03-15T04:21:00Z 121.6043750   3.2188889           2           1 106.4754268   1.3712500   2.9714286           1   2.9714286           1   4.8054029  61.3225396 358.8835900   2.3060091   2.6673612
2013-03-15T04:22:00Z 121.6045833   3.2279012           2           1 106.4756504   1.3730556   2.6142857           1   2.6142857           1   4.8327844  60.0226744 359.0955150   2.4147357   2.7578325
2013-03-15T04:23:00Z 121.6047917   3.2369136           2           1 106.4758740   1.3748611   2.2571429           1   2.2571429           1   4.8116223  59.6259918 359.2474400   2.4329605   2.8150385
2013-03-15T04:24:00Z 121.6050000   3.2459259           2           1 106.4760976   1.3766667   4.4000000           3   4.4000000           3   4.8063601  59.3208459 358.7400350   2.4523494   2.8066771
2013-03-15T04:25:00Z 121.6052083   3.2549383           2           1 106.4763211   1.3784722   4.3125000           3   4.3125000           3   4.7887209  58.6206637 359.4601750   2.4934954   2.8771885
2013-03-15T04:26:00Z 121.6054167   3.2639506           2           1 106.4765447   1.3802778   4.3250000           3   4.3250000           3   4.7900462  57.7933134 359.7353050   2.5529750   2.9209760
2013-03-15T04:27:00Z 121.6056250   3.2729630           2           1 106.4767683   1.3820833   4.3375000           3   4.3375000           3   4.8073491  56.7145976 360.2869250   2.6383206   2.9928288
2013-03-15T04:28:00Z 121.6058333   3.2819753           2           1 106.4769919   1.3838889   4.3500000           3   4.3500000           3   4.8069765  55.6790852 359.8220950   2.7103058   3.0050383
2013-03-15T04:29:00Z 121.6060417   3.2909877           2           1 106.4772154   1.3856944   4.3625000           3   4.3625000           3   4.8145630  54.5848211 360.2953750   2.7900253   3.0028202
2013-03-15T04:30:00Z 121.6062500   3.3000000           2           1 106.4774390   1.3875000   4.3750000           3   4.3750000           3   4.7803423  55.0750112 360.2905050   2.7367628   2.9716340
2013-03-15T04:31:00Z 121.6064583   3.2945062           2           1 106.4776626   1.3890972   4.3875000           3   4.3875000           3   4.7561197  55.6465293 360.8685250   2.6838629   2.9583214
2013-03-15T04:32:00Z 121.6066667   3.2890123           2           1 106.4778862   1.3906944   4.3000000           3   4.3000000           3   4.7190502  54.8004712 362.3898750   2.7201814   3.0226670
2013-03-15T04:33:00Z 121.6068750   3.2835185           2           1 106.4781098   1.3922917   7.4058824           3   7.4058824           3   4.6972265  53.6298350 362.1766750   2.7854538   3.0529662
2013-03-15T04:34:00Z 121.6070833   3.2780247           2           1 106.4783333   1.3938889   7.2117647           3   7.2117647           3   4.6233408  53.1717454 360.7080550   2.7713155   3.0679530
2013-03-15T04:35:00Z 121.6072917   3.2725309           2           1 106.4785569   1.3954861   7.0176471           3   7.0176471           3   4.5505014  53.0691767 360.3178850   2.7341703   3.0724282
2013-03-15T04:36:00Z 121.6075000   3.2670370           2           1 106.4787805   1.3970833   6.8235294           3   6.8235294           3   4.4951204  53.0840226 360.7726200   2.6999635   3.1326629
2013-03-15T04:37:00Z 121.6077083   3.2615432           2           1 106.4790041   1.3986806   6.6294118           3   6.6294118           3   4.4543304  52.6501005 361.6170150   2.7023574   3.2311128
2013-03-15T04:38:00Z 121.6079167   3.2560494           2           1 106.4792276   1.4002778   6.4352941           3   6.4352941           3   4.3957938  52.4096053 362.3359300   2.6814884   3.3084541
2013-03-15T04:39:00Z 121.6081250   3.2505556           2           1 106.4794512   1.4018750   6.2411765           3   6.2411765           3   4.3314374  52.6335061 362.2231150   2.6287977   3.3064455
2013-03-15T04:40:00Z 121.6083333   3.2450617           2           1 106.4796748   1.4034722   6.0470588           3   6.0470588           3   4.2530265  52.8747758 361.6561300   2.5669527   3.2160183
2013-03-15T04:41:00Z 121.6085417   3.2395679           2           1 106.4798984   1.4050694   5.8529412           3   5.8529412           3   4.1606332  53.6530121 360.9085900   2.4658987   3.1248475
2013-03-15T04:42:00Z 121.6087500   3.2340741           2           1 106.4801220   1.4066667   5.6588235           3   5.6588235           3   4.0596256  54.5934383 360.0178000   2.3520436   3.0479953
2013-03-15T04:43:00Z 121.6089583   3.2285802           2           1 106.4803455   1.4082639   5.4647059           3   5.4647059           3   4.0229036  54.8756971 360.3257950   2.3145865   2.9855725
2013-03-15T04:44:00Z 121.6091667   3.2230864           2           1 106.4805691   1.4098611   5.2705882           3   5.2705882           3   4.0305866  54.6092375 361.1053500   2.3343132   3.0262435
2013-03-15T04:45:00Z 121.6093750   3.2175926           2           1 106.4807927   1.4114583   5.0764706           3   5.0764706           3   4.0283099  54.3741124 361.1039850   2.3464514   3.0057479
2013-03-15T04:46:00Z 121.6095833   3.2120988           2           1 106.4810163   1.4130556   4.8823529           3   4.8823529           3   4.0289053  54.8883446 360.5073150   2.3173122   2.9645669
2013-03-15T04:47:00Z 121.6097917   3.2066049           2           1 106.4812398   1.4146528   4.6882353           3   4.6882353           3   4.0021949  55.6467962 359.6058200   2.2584102   2.8398658
2013-03-15T04:48:00Z 121.6100000   3.2011111           2           1 106.4814634   1.4162500   4.4941176           3   4.4941176           3   4.0039805  56.5945161 359.7755550   2.2044340   2.8150527
2013-03-15T04:49:00Z 121.6102083   3.1956173           2           1 106.4816870   1.4178472   7.6000000           4   7.6000000           4   4.0245145  57.7892503 360.4170750   2.1452072   2.8337968
2013-03-15T04:50:00Z 121.6104167   3.1901235           2           1 106.4819106   1.4194444   6.2000000           3   6.2000000           3   4.0850112  56.7284827 361.5731600   2.2410668   2.8985029
2013-03-15T04:51:00Z 121.6106250   3.1846296           2           1 106.4821341   1.4210417   6.4000000           3   6.4000000           3   4.1323026  56.3174386 362.1411650   2.2917386   2.9155553
2013-03-15T04:52:00Z 121.6108333   3.1791358           2           1 106.4823577   1.4226389   6.6000000           3   6.6000000           3   4.2182263  57.7545075 362.4034800   2.2506261   2.8804732
2013-03-15T04:53:00Z 121.6110417   3.1736420           2           1 106.4825813   1.4242361   6.8000000           3   6.8000000           3   4.3175920  59.3880604 363.7975550   2.1986075   2.8728915
2013-03-15T04:54:00Z 121.6112500   3.1681481           2           1 106.4828049   1.4258333   7.0000000           3   7.0000000           3   4.4188722  61.1528982 365.1563900   2.1319905   2.8902866
2013-03-15T04:55:00Z 121.6114583   3.1626543           2           1 106.4830285   1.4274306   7.2000000           3   7.2000000           3   4.5348690  62.8078716 365.6177800   2.0723250   2.8186358
2013-03-15T04:56:00Z 121.6116667   3.1571605           2           1 106.4832520   1.4290278   7.4000000           3   7.4000000           3   4.6776972  64.2146237 366.5975500   2.0348044   2.7371270
2013-03-15T04:57:00Z 121.6118750   3.1516667           2           1 106.4834756   1.4306250   6.0000000           3   6.0000000           3   4.8277392  65.4402803 366.2196300   2.0066086   2.6004586
2013-03-15T04:58:00Z 121.6120833   3.1461728           2           1 106.4836992   1.4322222   3.6600000           2   3.6600000           2   4.9627229  66.5621177 366.9547000   1.9739459   2.5177148
2013-03-15T04:59:00Z 121.6122917   3.1406790           2           1 106.4839228   1.4338194   3.9200000           2   3.9200000           2   5.0823599  67.6418072 367.9991950   1.9333076   2.4961794
2013-03-15T05:00:00Z 121.6125000   3.1351852           2           1 106.4841463   1.4354167   4.1800000           2   4.1800000           2   5.2123006  68.6772269 369.7365700   1.8953047   2.5121721
2013-03-15T05:01:00Z 121.6127083   3.1296914           2           1 106.4843699   1.4370139   4.4400000           2   4.4400000           2   5.3596044  68.8300948 372.3186050   1.9355397   2.4931892
2013-03-15T05:02:00Z 121.6129167   3.1241975           2           1 106.4845935   1.4386111   4.7000000           2   4.7000000           2   5.4930526  69.6035624 374.9075550   1.9144045   2.4560792
2013-03-15T05:03:00Z 121.6131250   3.1187037           2           1 106.4848171   1.4402083   4.9600000           2   4.9600000           2   5.4919952  69.2022636 375.3823850   1.9500429   2.5082089
2013-03-15T05:04:00Z 121.6133333   3.1132099           2           1 106.4850407   1.4418056   5.2200000           2   5.2200000           2   5.5755008  71.1411678 374.6434700   1.8022113   2.4091130
2013-03-15T05:05:00Z 121.6135417   3.1077160           2           1 106.4852642   1.4434028   5.4800000           2   5.4800000           2   5.6750228  72.9365905 374.7818450   1.6652212   2.3200194
2013-03-15T05:06:00Z 121.6137500   3.1022222           2           1 106.4854878   1.4450000   5.7400000           2   5.7400000           2   5.7446137  74.5777950 375.2288200   1.5276636   2.2469920
2013-03-15T05:07:00Z 121.6139583   3.0967284           2           1 106.4857114   1.4465972   3.4000000           2   3.4000000           2   5.8484812  76.3538251 376.3604650   1.3798049   2.2206053
2013-03-15T05:08:00Z 121.6141667   3.0912346           2           1 106.4859350   1.4481944   2.2500000           1   2.2500000           1   5.9237161  77.7684543 377.8183350   1.2550157   2.1996162
2013-03-15T05:09:00Z 121.6143750   3.0857407           2           1 106.4861585   1.4497917   1.1000000           1   1.1000000           1   5.9798994  79.0358682 378.5710650   1.1373436   2.1513072
2013-03-15T05:10:00Z 121.6145833   3.0802469           2           1 106.4863821   1.4513889  21.8500000           6  21.8500000           6   6.0190875  80.5321393 379.5408900   0.9901058   2.1013116
2013-03-15T05:11:00Z 121.6147917   3.0747531           2           1 106.4866057   1.4529861  17.7000000           4  17.7000000           4   6.0306265  81.2366801 380.2178750   0.9187850   2.0612780
2013-03-15T05:12:00Z 121.6150000   3.0692593           2           1 106.4868293   1.4545833  13.5500000           4  13.5500000           4   6.0319386  81.6876398 379.5767300   0.8720353   2.0438825
2013-03-15T05:13:00Z 121.6152083   3.0637654           2           1 106.4870528   1.4561806   9.4000000           2   9.4000000           2   6.0194042  82.1300114 379.1857500   0.8242111   1.9890610
2013-03-15T05:14:00Z 121.6154167   3.0582716           2           1 106.4872764   1.4577778   5.2500000           2   5.2500000           2   6.0008732  82.4252233 379.6539200   0.7910352   1.9506450
2013-03-15T05:15:00Z 121.6156250   3.0527778           2           1 106.4875000   1.4593750  26.0000000           7  26.0000000           7   5.9933885  83.2372841 379.0822900   0.7057682   1.9531678
2013-03-15T05:16:00Z 121.6158333   3.0472840           2           1 106.4877236   1.4609722   9.7333333           4   9.7333333           4   5.9650822  84.6761782 379.7209250   0.5534676   1.9286522
2013-03-15T05:17:00Z 121.6160417   3.0417901           2           1 106.4879472   1.4625694  11.7666667           4  11.7666667           4   5.9463196  85.8166256 381.8343600   0.4337769   1.9590224
2013-03-15T05:18:00Z 121.6162500   3.0362963           2           1 106.4881707   1.4641667  13.8000000           5  13.8000000           5   5.9162567  87.2510824 382.1692700   0.2837393   1.9969071
2013-03-15T05:19:00Z 121.6164583   3.0308025           2           1 106.4883943   1.4657639  15.8333333           5  15.8333333           5   5.8923038  88.4715850 383.3886900   0.1571637   2.0167886
2013-03-15T05:20:00Z 121.6166667   3.0253086           2           1 106.4886179   1.4673611  17.8666667           5  17.8666667           5   5.8699960  89.4720055 384.4337900   0.0540927   2.0155241
2013-03-15T05:21:00Z 121.6168750   3.0198148           2           1 106.4888415   1.4689583  19.9000000           5  19.9000000           5   5.8431436  90.9593880 384.3384900  -0.0978358   2.0330210
2013-03-15T05:22:00Z 121.6170833   3.0143210           2           1 106.4890650   1.4705556  21.9333333           6  21.9333333           6   5.8133262  91.8712029 384.2887600  -0.1898216   2.0643364
2013-03-15T05:23:00Z 121.6172917   3.0088272           2           1 106.4892886   1.4721528  23.9666667           6  23.9666667           6   5.9574352  93.3418273 385.2790450  -0.3472757   2.0240939
2013-03-15T05:24:00Z 121.6175000   3.0033333           2           1 106.4895122   1.4737500   7.7000000           4   7.7000000           4   5.9227913  93.5442193 387.0658250  -0.3661402   2.1037580
2013-03-15T05:25:00Z 121.6177083   2.9978395           2           1 106.4897358   1.4753472  10.6176471           4  10.6176471           4   5.8756862  93.5963977 387.2567450  -0.3685687   2.1941666
2013-03-15T05:26:00Z 121.6179167   2.9923457           2           1 106.4899593   1.4769444  10.4352941           4  10.4352941           4   5.7978659  93.0857722 387.5657450  -0.3121041   2.2607665
2013-03-15T05:27:00Z 121.6181250   2.9868519           2           1 106.4901829   1.4785417  10.2529412           4  10.2529412           4   5.7332556  94.4976475 388.4178900  -0.4495914   2.2779808
2013-03-15T05:28:00Z 121.6183333   2.9813580           2           1 106.4904065   1.4801389  10.0705882           4  10.0705882           4   5.6968859  96.6418987 389.0103700  -0.6589220   2.2433713
2013-03-15T05:29:00Z 121.6185417   2.9758642           2           1 106.4906301   1.4817361   9.8882353           4   9.8882353           4   5.6582037  97.9794056 389.6719900  -0.7854557   2.2270842
2013-03-15T05:30:00Z 121.6187500   2.9703704           2           1 106.4908537   1.4833333   9.7058824           4   9.7058824           4   5.6450896  99.6333910 390.0091900  -0.9446681   2.2509403
2013-03-15T05:31:00Z 121.6189583   2.9648765           2           1 106.4910772   1.4849306   9.5235294           4   9.5235294           4   5.6539136 101.3326990 390.3025250  -1.1110265   2.2771090
2013-03-15T05:32:00Z 121.6191667   2.9593827           2           1 106.4913008   1.4865278   9.3411765           4   9.3411765           4   5.6056666 102.4165001 391.9450300  -1.2053113   2.2968298
2013-03-15T05:33:00Z 121.6193750   2.9538889           2           1 106.4915244   1.4881250   9.1588235           4   9.1588235           4   5.5870439 103.8940682 392.5843700  -1.3416031   2.3365423
2013-03-15T05:34:00Z 121.6195833   2.9483951           2           1 106.4917480   1.4897222   8.9764706           4   8.9764706           4   5.5902774 105.4159971 393.1615800  -1.4860371   2.3665119
2013-03-15T05:35:00Z 121.6197917   2.9429012           2           1 106.4919715   1.4913194   8.7941176           4   8.7941176           4   5.5584006 106.5335848 395.4503750  -1.5817948   2.4336035
2013-03-15T05:36:00Z 121.6200000   2.9374074           2           1 106.4921951   1.4929167   8.6117647           4   8.6117647           4   5.5537417 105.2787395 394.4121250  -1.4634949   2.4237599
2013-03-15T05:37:00Z 121.6202083   2.9319136           2           1 106.4924187   1.4945139   8.4294118           4   8.4294118           4   5.5748147 104.6587251 392.6854800  -1.4107686   2.3931464
2013-03-15T05:38:00Z 121.6204167   2.9264198           2           1 106.4926423   1.4961111   8.2470588           4   8.2470588           4   5.5717627 105.9404852 393.8177800  -1.5302218   2.3810522
2013-03-15T05:39:00Z 121.6206250   2.9209259           2           1 106.4928659   1.4977083   8.0647059           4   8.0647059           4   5.5733609 106.8796381 394.5266850  -1.6182930   2.3821214
2013-03-15T05:40:00Z 121.6208333   2.9154321           2           1 106.4930894   1.4993056   7.8823529           4   7.8823529           4   5.5685060 107.9099073 394.6975650  -1.7124334   2.4073134
2013-03-15T05:41:00Z 121.6210417   2.9099383           2           1 106.4933130   1.5009028  10.8000000           5  10.8000000           5   5.5653280 109.0797621 394.8788000  -1.8192173   2.4230013
2013-03-15T05:42:00Z 121.6212500   2.9044444           2           1 106.4935366   1.5025000   3.7714286           2   3.7714286           2   5.5463425 110.0483006 395.1889100  -1.9013538   2.4395709
2013-03-15T05:43:00Z 121.6214583   2.8989506           2           1 106.4937602   1.5040972   4.9428571           2   4.9428571           2   5.5538827 111.4043553 395.2922650  -2.0268759   2.4695694
2013-03-15T05:44:00Z 121.6216667   2.8934568           2           1 106.4939837   1.5056944   6.1142857           3   6.1142857           3   5.5904175 113.0162378 396.2372900  -2.1858084   2.4605983
2013-03-15T05:45:00Z 121.6218750   2.8879630           2           1 106.4942073   1.5072917   7.2857143           3   7.2857143           3   5.6540548 114.8444717 397.8306050  -2.3755882   2.4272868
2013-03-15T05:46:00Z 121.6220833   2.8824691           2           1 106.4944309   1.5088889   8.4571429           4   8.4571429           4   5.7523008 117.0002276 399.0718950  -2.6115103   2.3965255
2013-03-15T05:47:00Z 121.6222917   2.8769753           2           1 106.4946545   1.5104861   9.6285714           4   9.6285714           4   5.7128562 117.3247867 399.6028200  -2.6223949   2.4244463
2013-03-15T05:48:00Z 121.6225000   2.8714815           2           1 106.4948780   1.5120833   2.6000000           2   2.6000000           2   5.6157230 117.2312897 398.7418400  -2.5696626   2.5016877
2013-03-15T05:49:00Z 121.6227083   2.8659877           2           1 106.4951016   1.5136806  12.7700000           4  12.7700000           4   5.5801264 117.9370619 398.4436350  -2.6142969   2.5741688
2013-03-15T05:50:00Z 121.6229167   2.8604938           2           1 106.4953252   1.5152778  11.6400000           4  11.6400000           4   5.5615067 118.4995994 398.4455150  -2.6536875   2.6003443
2013-03-15T05:51:00Z 121.6231250   2.8550000           2           1 106.4955488   1.5168750  10.5100000           4  10.5100000           4   5.5205204 119.4333757 399.2313400  -2.7128454   2.6225495
2013-03-15T05:52:00Z 121.6233333   2.8495062           2           1 106.4957724   1.5184722   9.3800000           3   9.3800000           3   5.5225256 120.6716726 399.4813050  -2.8171383   2.6476149
2013-03-15T05:53:00Z 121.6235417   2.8440123           2           1 106.4959959   1.5200694   8.2500000           3   8.2500000           3   5.4678217 121.8122232 399.3765600  -2.8822916   2.6788928
2013-03-15T05:54:00Z 121.6237500   2.8385185           2           1 106.4962195   1.5216667   7.1200000           3   7.1200000           3   5.4409725 123.2416638 399.2061950  -2.9825863   2.6915218
2013-03-15T05:55:00Z 121.6239583   2.8330247           2           1 106.4964431   1.5232639   5.9900000           2   5.9900000           2   5.4213587 124.4943657 399.3015750  -3.0702520   2.6957018
2013-03-15T05:56:00Z 121.6241667   2.8275309           2           1 106.4966667   1.5248611   4.8600000           2   4.8600000           2   5.4078297 127.8492452 400.2819450  -3.3181684   2.7810632
2013-03-15T05:57:00Z 121.6243750   2.8220370           2           1 106.4968902   1.5264583   3.7300000           2   3.7300000           2   5.3845762 131.1664196 401.5731300  -3.5443885   2.8997108
2013-03-15T05:58:00Z 121.6245833   2.8165432           2           1 106.4971138   1.5280556  13.9000000           5  13.9000000           5   5.3448525 130.8072388 401.0640100  -3.4929479   2.9667776
2013-03-15T05:59:00Z 121.6247917   2.8110494           2           1 106.4973374   1.5296528  10.4000000           4  10.4000000           4   5.3047400 129.7169156 400.5057450  -3.3897021   2.9762036
2013-03-15T06:00:00Z 121.6250000   2.8055556           2           1 106.4975610   1.5312500   6.9000000           4   6.9000000           4   5.2670464 127.6746650 399.8675500  -3.2190982   3.0130846
2013-03-15T06:01:00Z 121.6252083   2.8000617           2           1 106.4977846   1.5328472   4.5000000           3   4.5000000           3   5.5047523 124.6970257 399.1547000  -3.1335078   3.0695682
2013-03-15T06:02:00Z 121.6254167   2.7945679           2           1 106.4980081   1.5344444   4.9000000           3   4.9000000           3   5.7815801 123.4528535 400.1183300  -3.1870996   3.1771603
2013-03-15T06:03:00Z 121.6256250   2.7890741           2           1 106.4982317   1.5360417   5.3000000           3   5.3000000           3   6.0586740 121.7188597 400.2798050  -3.1853580   3.1310220
2013-03-15T06:04:00Z 121.6258333   2.7835802           2           1 106.4984553   1.5376389   5.7000000           3   5.7000000           3   6.3086194 120.3247380 400.5910750  -3.1852242   3.1171434
2013-03-15T06:05:00Z 121.6260417   2.7780864           2           1 106.4986789   1.5392361   6.1000000           3   6.1000000           3   6.5627056 119.9517162 401.7106400  -3.2765621   3.1828049
2013-03-15T06:06:00Z 121.6262500   2.7725926           2           1 106.4989024   1.5408333   6.5000000           3   6.5000000           3   6.7621625 119.2271560 403.3451100  -3.3017836   3.3833219
2013-03-15T06:07:00Z 121.6264583   2.7670988           2           1 106.4991260   1.5424306   4.1000000           3   4.1000000           3   6.9136998 117.2875624 405.2011200  -3.1696316   3.6123526
2013-03-15T06:08:00Z 121.6266667   2.7616049           2           1 106.4993496   1.5440278  14.0750000           4  14.0750000           4   7.0337756 115.1938487 407.9169100  -2.9941527   3.8295482
2013-03-15T06:09:00Z 121.6268750   2.7561111           2           1 106.4995732   1.5456250  12.6500000           4  12.6500000           4   7.0883233 115.3778699 408.5004100  -3.0379575   3.7828491
2013-03-15T06:10:00Z 121.6270833   2.7506173           2           1 106.4997967   1.5472222  11.2250000           4  11.2250000           4   6.7340102 112.7944745 410.0272750  -2.6089352   4.1536567
2013-03-15T06:11:00Z 121.6272917   2.7451235           2           1 106.5000203   1.5488194   9.8000000           4   9.8000000           4   6.6174592 109.8232281 411.4650550  -2.2441083   4.5459552
2013-03-15T06:12:00Z 121.6275000   2.7396296           2           1 106.5002439   1.5504167   8.3750000           3   8.3750000           3   6.6178861 107.9135897 414.4193700  -2.0355447   4.9526853
2013-03-15T06:13:00Z 121.6277083   2.7341358           2           1 106.5004675   1.5520139   6.9500000           3   6.9500000           3   6.6529282 107.0667049 417.9808200  -1.9525337   5.4506104
2013-03-15T06:14:00Z 121.6279167   2.7286420           2           1 106.5006911   1.5536111   5.5250000           3   5.5250000           3   6.6397139 106.5207938 419.7470400  -1.8880910   6.0296291
2013-03-15T06:15:00Z 121.6281250   2.7231481           2           1 106.5009146   1.5552083  15.5000000           5  15.5000000           5   6.6164442 107.8800462 423.6172150  -2.0314151   6.4249424
2013-03-15T06:16:00Z 121.6283333   2.7176543           2           1 106.5011382   1.5568056  35.3588235           6  35.3588235           6   6.5148807 108.9700968 426.4420850  -2.1178225   6.7329366
2013-03-15T06:17:00Z 121.6285417   2.7121605           2           1 106.5013618   1.5584028  34.1176471           6  34.1176471           6   6.3928686 110.0278722 430.4519600  -2.1894119   6.9579861
2013-03-15T06:18:00Z 121.6287500   2.7066667           2           1 106.5015854   1.5600000  32.8764706           6  32.8764706           6   6.0870797 112.0989780 433.4668150  -2.2900065   7.1216933
2013-03-15T06:19:00Z 121.6289583   2.7011728           2           1 106.5018089   1.5615972  31.6352941           6  31.6352941           6   5.6952322 116.2565138 438.6390900  -2.5195175   7.4319299
2013-03-15T06:20:00Z 121.6291667   2.6956790           2           1 106.5020325   1.5631944  30.3941176           6  30.3941176           6   5.4697049 121.2243418 445.0100150  -2.8354423   7.7343947
2013-03-15T06:21:00Z 121.6293750   2.6901852           2           1 106.5022561   1.5647917  29.1529412           6  29.1529412           6   4.9855698 127.1551036 448.7758550  -3.0111584   7.9438124
2013-03-15T06:22:00Z 121.6295833   2.6846914           2           1 106.5024797   1.5663889  27.9117647           6  27.9117647           6   4.5803152 134.5167065 448.5731850  -3.2113378   7.9371561
2013-03-15T06:23:00Z 121.6297917   2.6791975           2           1 106.5027033   1.5679861  26.6705882           6  26.6705882           6   4.2533002 146.4599768 449.9179700  -3.5451260   8.3471386
2013-03-15T06:24:00Z 121.6300000   2.6737037           2           1 106.5029268   1.5695833  25.4294118           5  25.4294118           5   4.1032075 159.3761283 452.2554350  -3.8402447   8.7726463
2013-03-15T06:25:00Z 121.6302083   2.6682099           2           1 106.5031504   1.5711806  24.1882353           5  24.1882353           5   4.0573327 171.1148092 453.9331250  -4.0086440   9.0113173
2013-03-15T06:26:00Z 121.6304167   2.6627160           2           1 106.5033740   1.5727778  22.9470588           5  22.9470588           5   4.2176604 182.0581310 455.1133800  -4.2149396   9.0298557
2013-03-15T06:27:00Z 121.6306250   2.6572222           2           1 106.5035976   1.5743750  21.7058824           5  21.7058824           5   4.6011828 191.2898916 455.5346400  -4.5121463   9.0087827
2013-03-15T06:28:00Z 121.6308333   2.6517284           2           1 106.5038211   1.5759722  20.4647059           5  20.4647059           5   5.0700097 197.6681215 455.8555350  -4.8308598   9.1225019
2013-03-15T06:29:00Z 121.6310417   2.6462346           2           1 106.5040447   1.5775694  19.2235294           5  19.2235294           5   4.8102591 202.6211507 458.3430100  -4.4401976   9.7207723
2013-03-15T06:30:00Z 121.6312500   2.6407407           2           1 106.5042683   1.5791667  17.9823529           5  17.9823529           5   4.6587762 202.1451993 459.5441600  -4.3151055  10.0308533
2013-03-15T06:31:00Z 121.6314583   2.6352469           2           1 106.5044919   1.5807639  16.7411765           5  16.7411765           5   4.6237010 206.0218953 459.1877000  -4.1549801  10.0695018
2013-03-15T06:32:00Z 121.6316667   2.6297531           2           1 106.5047154   1.5823611  36.6000000           7  36.6000000           7   4.6868666 213.0443743 457.8531550  -3.9287590  10.2168583
2013-03-15T06:33:00Z 121.6318750   2.6242593           2           1 106.5049390   1.5839583  36.6000000           7  36.6000000           7   4.6820414 220.7480668 457.1658550  -3.5470538  10.2723623
2013-03-15T06:34:00Z 121.6320833   2.6187654           2           1 106.5051626   1.5855556  36.6000000           7  36.6000000           7   4.5839127 228.2835826 459.3411600  -3.0503385  10.3887038
2013-03-15T06:35:00Z 121.6322917   2.6132716           2           1 106.5053862   1.5871528  36.6000000           7  36.6000000           7   4.2717999 236.8264039 456.6331750  -2.3374330  10.3618108
2013-03-15T06:36:00Z 121.6325000   2.6077778           2           1 106.5056098   1.5887500  36.6000000           7  36.6000000           7   4.3900251 245.1935941 455.0447050  -1.8418507  10.5256825
2013-03-15T06:37:00Z 121.6327083   2.6022840           2           1 106.5058333   1.5903472  36.6000000           7  36.6000000           7   4.5779741 252.8958253 453.8344000  -1.3464278  10.8895615
2013-03-15T06:38:00Z 121.6329167   2.5967901           2           1 106.5060569   1.5919444  36.6000000           7  36.6000000           7   4.6185308 260.0315138 453.8406300  -0.7994976  11.2926804
2013-03-15T06:39:00Z 121.6331250   2.5912963           2           1 106.5062805   1.5935417  36.6000000           7  36.6000000           7   4.4666882 268.5050110 452.3667050  -0.1165337  11.5859424
2013-03-15T06:40:00Z 121.6333333   2.5858025           2           1 106.5065041   1.5951389  30.8727273           7  30.8727273           7   4.5706035 277.1778348 449.0019350   0.5710943  11.7315073
2013-03-15T06:41:00Z 121.6335417   2.5803086           2           1 106.5067276   1.5967361  31.4454545           7  31.4454545           7   4.6153962 285.4775765 447.8943750   1.2316703  11.8998242
2013-03-15T06:42:00Z 121.6337500   2.5748148           2           1 106.5069512   1.5983333  32.0181818           7  32.0181818           7   4.4692563 293.9257328 448.9156250   1.8125166  12.1989158
2013-03-15T06:43:00Z 121.6339583   2.5693210           2           1 106.5071748   1.5999306  32.5909091           7  32.5909091           7   4.2279080 303.7624445 450.7836800   2.3496633  12.2443543
2013-03-15T06:44:00Z 121.6341667   2.5638272           2           1 106.5073984   1.6015278  33.1636364           7  33.1636364           7   4.6738242 310.6726775 448.9414200   3.0461032  12.2506038
2013-03-15T06:45:00Z 121.6343750   2.5583333           2           1 106.5076220   1.6031250  33.7363636           7  33.7363636           7   5.1833138 315.4688334 447.1080200   3.6950241  12.3738153
2013-03-15T06:46:00Z 121.6345833   2.5528395           2           1 106.5078455   1.6047222  34.3090909           7  34.3090909           7   5.7089440 319.5722019 446.0023000   4.3457839  12.6231501
2013-03-15T06:47:00Z 121.6347917   2.5473457           2           1 106.5080691   1.6063194  34.8818182           7  34.8818182           7   6.1845806 321.4523253 446.0500250   4.8368981  12.9315622
2013-03-15T06:48:00Z 121.6350000   2.5418519           2           1 106.5082927   1.6079167  35.4545455           7  35.4545455           7   6.4522662 319.9065038 446.8557200   4.9359482  13.1124530
2013-03-15T06:49:00Z 121.6352083   2.5363580           2           1 106.5085163   1.6095139  36.0272727           7  36.0272727           7   6.4774631 314.3779188 447.4163150   4.5302596  12.9471465
2013-03-15T06:50:00Z 121.6354167   2.5308642           2           1 106.5087398   1.6111111  30.3000000           7  30.3000000           7   6.6037453 306.8711200 447.5944550   3.9623599  12.5398095
2013-03-15T06:51:00Z 121.6356250   2.5253704           2           1 106.5089634   1.6127083  23.1000000           6  23.1000000           6   6.6612194 300.4159473 447.2807200   3.3724009  12.4459603
2013-03-15T06:52:00Z 121.6358333   2.5198765           2           1 106.5091870   1.6143056  15.9000000           6  15.9000000           6   6.6387639 295.2440384 447.8022200   2.8312644  12.1694930
2013-03-15T06:53:00Z 121.6360417   2.5143827           2           1 106.5094106   1.6159028  22.0600000           6  22.0600000           6   6.6662094 290.5027618 447.7060950   2.3348567  11.7816712
2013-03-15T06:54:00Z 121.6362500   2.5088889           2           1 106.5096341   1.6175000  20.5200000           6  20.5200000           6   6.7727963 284.5474754 447.3315250   1.7012054  11.3119610
2013-03-15T06:55:00Z 121.6364583   2.5033951           2           1 106.5098577   1.6190972  18.9800000           6  18.9800000           6   7.0443852 278.2372953 450.2003250   1.0092714  11.1745394
2013-03-15T06:56:00Z 121.6366667   2.4979012           2           1 106.5100813   1.6206944  17.4400000           6  17.4400000           6   7.0576118 274.4765127 452.5665050   0.5508496  10.9681564
2013-03-15T06:57:00Z 121.6368750   2.4924074           2           1 106.5103049   1.6222917  23.6000000           6  23.6000000           6   7.0890907 270.7892206 453.0991100   0.0976456  10.6413720
2013-03-15T06:58:00Z 121.6370833   2.4869136           2           1 106.5105285   1.6238889  24.5000000           6  24.5000000           6   7.2579638 265.8530860 452.4969750  -0.5248533  10.3644356
2013-03-15T06:59:00Z 121.6372917   2.4814198           2           1 106.5107520   1.6254861  24.4000000           6  24.4000000           6   7.5671011 259.7572106 451.1843950  -1.3455797  10.0720498
2013-03-15T07:00:00Z 121.6375000   2.4759259           2           1 106.5109756   1.6270833  24.3000000           6  24.3000000           6   7.8877261 254.0996662 451.6351250  -2.1609595   9.8268800
2013-03-15T07:01:00Z 121.6377083   2.4704321           2           1 106.5111992   1.6286806  24.2000000           6  24.2000000           6   8.5180230 250.1435217 453.0214200  -2.8932761   9.5979359
2013-03-15T07:02:00Z 121.6379167   2.4649383           2           1 106.5114228   1.6302778  24.1000000           6  24.1000000           6   9.2227408 248.3484582 454.6462300  -3.4028299   9.4393717
2013-03-15T07:03:00Z 121.6381250   2.4594444           2           1 106.5116463   1.6318750  24.0000000           6  24.0000000           6   9.9299604 248.2197567 454.5392050  -3.6844885   9.3703021
2013-03-15T07:04:00Z 121.6383333   2.4539506           2           1 106.5118699   1.6334722  23.9000000           6  23.9000000           6  10.1298580 246.8126570 455.4266500  -3.9885187   9.3049118
2013-03-15T07:05:00Z 121.6385417   2.4484568           2           1 106.5120935   1.6350694  23.8000000           6  23.8000000           6  10.3639059 245.1272544 456.6457650  -4.3591035   9.1948779
2013-03-15T07:06:00Z 121.6387500   2.4429630           2           1 106.5123171   1.6366667  23.7000000           6  23.7000000           6  10.7139421 243.0376523 456.9297800  -4.8577536   8.9212676
2013-03-15T07:07:00Z 121.6389583   2.4374691           2           1 106.5125407   1.6382639  24.6000000           7  24.6000000           7  10.9918347 241.0733964 456.4475000  -5.3166276   8.6789817
2013-03-15T07:08:00Z 121.6391667   2.4319753           2           1 106.5127642   1.6398611  19.1625000           6  19.1625000           6  10.9146599 240.0065141 454.8389750  -5.4562552   8.4310953
2013-03-15T07:09:00Z 121.6393750   2.4264815           2           1 106.5129878   1.6414583  19.5250000           6  19.5250000           6  10.7606816 239.2132588 452.2112150  -5.5077912   8.2258098
2013-03-15T07:10:00Z 121.6395833   2.4209877           2           1 106.5132114   1.6430556  19.8875000           6  19.8875000           6  10.6066194 238.4572342 451.8241700  -5.5486921   8.1844942
2013-03-15T07:11:00Z 121.6397917   2.4154938           2           1 106.5134350   1.6446528  20.2500000           6  20.2500000           6  10.4676576 237.8605454 452.5776900  -5.5686033   8.1075058
2013-03-15T07:12:00Z 121.6400000   2.4100000           2           1 106.5136585   1.6462500  20.6125000           6  20.6125000           6  10.2505290 237.7316965 451.8057600  -5.4726002   8.0907131
2013-03-15T07:13:00Z 121.6402083   2.4045062           2           1 106.5138821   1.6478472  20.9750000           6  20.9750000           6  10.0166891 237.4322069 450.6405250  -5.3919551   8.2562044
2013-03-15T07:14:00Z 121.6404167   2.3990123           2           1 106.5141057   1.6494444  21.3375000           6  21.3375000           6   9.7161027 237.8963004 448.3352350  -5.1636546   8.4209170
2013-03-15T07:15:00Z 121.6406250   2.3935185           2           1 106.5143293   1.6510417  21.7000000           6  21.7000000           6   9.3347039 240.5696920 445.6725850  -4.5867424   8.5988642
2013-03-15T07:16:00Z 121.6408333   2.3880247           2           1 106.5145528   1.6526389  22.0625000           6  22.0625000           6   9.0328167 243.0584265 443.8377250  -4.0926037   8.7326611
2013-03-15T07:17:00Z 121.6410417   2.3825309           2           1 106.5147764   1.6542361  22.4250000           6  22.4250000           6   8.7246221 245.6501230 442.4736600  -3.5972279   8.8560980
2013-03-15T07:18:00Z 121.6412500   2.3770370           2           1 106.5150000   1.6558333  22.7875000           6  22.7875000           6   8.6061773 248.2143603 443.3829300  -3.1940546   8.8272934
2013-03-15T07:19:00Z 121.6414583   2.3715432           2           1 106.5152236   1.6574306  23.1500000           6  23.1500000           6   8.5428731 251.9678377 442.8648300  -2.6444533   8.8308333
2013-03-15T07:20:00Z 121.6416667   2.3660494           2           1 106.5154472   1.6590278  23.5125000           6  23.5125000           6   8.6581426 254.7064414 441.8980050  -2.2837116   9.0326521
2013-03-15T07:21:00Z 121.6418750   2.3605556           2           1 106.5156707   1.6606250  23.8750000           6  23.8750000           6   8.6894194 256.3643522 440.3617450  -2.0485027   9.2763733
2013-03-15T07:22:00Z 121.6420833   2.3550617           2           1 106.5158943   1.6622222  24.2375000           6  24.2375000           6   8.7621625 258.8999320 439.1104400  -1.6869190   9.4610440
2013-03-15T07:23:00Z 121.6422917   2.3495679           2           1 106.5161179   1.6638194  18.8000000           6  18.8000000           6   8.7698087 261.4381773 439.0476800  -1.3056183   9.3723901
2013-03-15T07:24:00Z 121.6425000   2.3440741           2           1 106.5163415   1.6654167  19.8285714           5  19.8285714           5   8.8030218 259.2923904 441.0205400  -1.6355761   9.7030245
2013-03-15T07:25:00Z 121.6427083   2.3385802           2           1 106.5165650   1.6670139  19.6571429           6  19.6571429           6   8.8479257 257.7589775 443.0939500  -1.8759775  10.0718189
2013-03-15T07:26:00Z 121.6429167   2.3329630           2           1 106.5167886   1.6686111  19.4857143           6  19.4857143           6   8.8281182 256.8246843 444.1143350  -2.0122054  10.3793451
2013-03-15T07:27:00Z 121.6431250   2.3247222           2           1 106.5170122   1.6702083  19.3142857           6  19.3142857           6   8.8262918 256.3180604 445.5877000  -2.0876995  10.5132680
2013-03-15T07:28:00Z 121.6433333   2.3164815           2           1 106.5172358   1.6718056  19.1428571           6  19.1428571           6   8.9224174 256.1413305 446.2065550  -2.1371666  10.6523289
2013-03-15T07:29:00Z 121.6435417   2.3082407           2           1 106.5174593   1.6734028  18.9714286           5  18.9714286           5   9.0071033 255.6481657 446.5919100  -2.2326408  10.6870179
2013-03-15T07:30:00Z 121.6437500   2.3000000           2           1 106.5176829   1.6750000  20.0000000           6  20.0000000           6   9.0927105 254.9705952 446.0239250  -2.3578738  10.6876478
2013-03-15T07:31:00Z 121.6439583   2.2975000           2           1 106.5179065   1.6752778  40.1600000           7  40.1600000           7   9.1197917 253.7903851 447.1539200  -2.5458104  10.7483825
2013-03-15T07:32:00Z 121.6441667   2.2950000           2           1 106.5181301   1.6755556  37.9200000           7  37.9200000           7   9.2060886 252.2817025 449.2760050  -2.8017560  10.7526220
2013-03-15T07:33:00Z 121.6443750   2.2925000           2           1 106.5183537   1.6758333  35.6800000           7  35.6800000           7   9.3523744 250.7142319 451.6099400  -3.0889017  10.6651603
2013-03-15T07:34:00Z 121.6445833   2.2900000           2           1 106.5185772   1.6761111  33.4400000           7  33.4400000           7   9.4842673 248.3478352 453.0009850  -3.4994188  10.5577084
2013-03-15T07:35:00Z 121.6447917   2.2875000           2           1 106.5188008   1.6763889  31.2000000           7  31.2000000           7   9.7594220 244.7355321 454.9121300  -4.1652931  10.4024373
2013-03-15T07:36:00Z 121.6450000   2.2850000           2           1 106.5190244   1.6766667  28.9600000           6  28.9600000           6  10.0788022 241.5769427 456.2130700  -4.7972898  10.1741812
2013-03-15T07:37:00Z 121.6452083   2.2825000           2           1 106.5192480   1.6769444  26.7200000           6  26.7200000           6  10.2388885 237.7313114 457.9751500  -5.4664437   9.9231708
2013-03-15T07:38:00Z 121.6454167   2.2800000           2           1 106.5194715   1.6772222  24.4800000           6  24.4800000           6  10.1143361 233.3497436 458.9367700  -6.0375388   9.7848195
2013-03-15T07:39:00Z 121.6456250   2.2775000           2           1 106.5196951   1.6775000  22.2400000           6  22.2400000           6  10.2287945 229.3215938 456.0895750  -6.6672575   9.3682672
2013-03-15T07:40:00Z 121.6458333   2.2750000           2           1 106.5199187   1.6777778  42.4000000           8  42.4000000           8  10.4351660 227.5016234 458.4951750  -7.0496780   9.2034877
2013-03-15T07:41:00Z 121.6460417   2.2725000           2           1 106.5201423   1.6780556  24.9333333           6  24.9333333           6  10.6566627 226.5575963 459.5303350  -7.3277882   9.0604732
2013-03-15T07:42:00Z 121.6462500   2.2700000           2           1 106.5203659   1.6783333  33.6666667           7  33.6666667           7  10.9971137 225.3885981 460.1304050  -7.7232150   8.9607329
2013-03-15T07:43:00Z 121.6464583   2.2675000           2           1 106.5205894   1.6786111  16.2000000           6  16.2000000           6  11.3914693 224.4944552 459.1795950  -8.1257432   9.0476755
2013-03-15T07:44:00Z 121.6466667   2.2650000           2           1 106.5208130   1.6788889  74.2833333           8  74.2833333           8  11.2748066 226.4678846 456.3535300  -7.7656477   8.5710300
2013-03-15T07:45:00Z 121.6468750   2.2625000           2           1 106.5210366   1.6791667  62.6666667           8  62.6666667           8  11.1886920 228.1688020 451.2592300  -7.4621671   7.8703306
2013-03-15T07:46:00Z 121.6470833   2.2600000           2           1 106.5212602   1.6794444  51.0500000           7  51.0500000           7  11.1286996 230.0162933 447.1271400  -7.1509656   7.2846004
2013-03-15T07:47:00Z 121.6472917   2.2575000           2           1 106.5214837   1.6797222  39.4333333           7  39.4333333           7  11.0299877 232.1317596 442.4538200  -6.7707327   6.7804795
2013-03-15T07:48:00Z 121.6475000   2.2550000           2           1 106.5217073   1.6800000  27.8166667           6  27.8166667           6  10.9452891 234.5743204 441.5967400  -6.3443980   6.9764455
2013-03-15T07:49:00Z 121.6477083   2.2525000           2           1 106.5219309   1.6802778  85.9000000           9  85.9000000           9  10.8977077 237.2258700 442.7169650  -5.8992411   7.2208234
2013-03-15T07:50:00Z 121.6479167   2.2500000           2           1 106.5221545   1.6805556  25.6000000           6  25.6000000           6  10.6689195 239.9841864 444.4021400  -5.3370097   7.2589269
2013-03-15T07:51:00Z 121.6481250   2.2475000           2           1 106.5223780   1.6808333  32.3000000           6  32.3000000           6   9.6835864 241.7284821 444.5533250  -4.5866351   7.3149447
2013-03-15T07:52:00Z 121.6483333   2.2450000           2           1 106.5226016   1.6811111  39.0000000           6  39.0000000           6   8.9260377 246.5585601 445.0449800  -3.5508810   7.6256283
2013-03-15T07:53:00Z 121.6485417   2.2425000           2           1 106.5228252   1.6813889  45.7000000           7  45.7000000           7   8.2195937 252.1176433 445.6884850  -2.5239378   7.8374830
2013-03-15T07:54:00Z 121.6487500   2.2400000           2           1 106.5230488   1.6816667  52.4000000           7  52.4000000           7   7.6776002 259.2136157 442.6983400  -1.4368466   7.4504355
2013-03-15T07:55:00Z 121.6489583   2.2375000           2           1 106.5232724   1.6819444  59.1000000           7  59.1000000           7   7.1467790 266.6478067 439.3945700  -0.4178967   7.1521979
2013-03-15T07:56:00Z 121.6491667   2.2350000           2           1 106.5234959   1.6822222  65.8000000           8  65.8000000           8   6.5987490 274.8544968 439.5569200   0.5584232   7.6352135
2013-03-15T07:57:00Z 121.6493750   2.2325000           2           1 106.5237195   1.6825000  72.5000000           8  72.5000000           8   6.7884713 282.8478338 439.8342100   1.5095017   8.1625140
2013-03-15T07:58:00Z 121.6495833   2.2300000           2           1 106.5239431   1.6827778  79.2000000           8  79.2000000           8   7.5499988 288.1286429 439.1625600   2.3491940   8.6826678
2013-03-15T07:59:00Z 121.6497917   2.2275000           2           1 106.5241667   1.6830556  18.9000000           6  18.9000000           6   8.2106861 292.9134011 444.7960900   3.1967436   9.4742180
2013-03-15T08:00:00Z 121.6500000   2.2250000           2           1 106.5243902   1.6833333  24.9000000           6  24.9000000           6   8.5841975 297.7852724 445.6769500   4.0016031   9.9802110
2013-03-15T08:01:00Z 121.6502083   2.2225000           2           1 106.5246138   1.6836111  24.5000000           6  24.5000000           6   8.8443453 302.5762373 447.6601050   4.7619843  10.3887660
2013-03-15T08:02:00Z 121.6504167   2.2200000           2           1 106.5248374   1.6838889  24.1000000           6  24.1000000           6   9.1213193 307.1690554 449.5620950   5.5108168  10.7363718
2013-03-15T08:03:00Z 121.6506250   2.2175000           2           1 106.5250610   1.6841667  23.7000000           6  23.7000000           6   9.3261248 311.2138109 451.2365350   6.1447114  11.0433436
2013-03-15T08:04:00Z 121.6508333   2.2150000           2           1 106.5252846   1.6844444  23.3000000           6  23.3000000           6   9.4376579 313.7371955 453.0561900   6.5247399  11.4115402
2013-03-15T08:05:00Z 121.6510417   2.2125000           2           1 106.5255081   1.6847222  22.9000000           6  22.9000000           6   9.6100343 317.3555085 457.5988150   7.0688650  11.9439895
2013-03-15T08:06:00Z 121.6512500   2.2100000           2           1 106.5257317   1.6850000  22.5000000           6  22.5000000           6   9.7379744 321.7006958 461.9371600   7.6422055  12.3948905
2013-03-15T08:07:00Z 121.6514583   2.2075000           2           1 106.5259553   1.6852778  22.1000000           6  22.1000000           6   9.7653489 325.3843420 463.8167800   8.0366981  12.5869610
2013-03-15T08:08:00Z 121.6516667   2.2050000           2           1 106.5261789   1.6855556  21.7000000           6  21.7000000           6   9.8696230 329.4598409 468.0610450   8.5004419  12.6633260
2013-03-15T08:09:00Z 121.6518750   2.2025000           2           1 106.5264024   1.6858333  21.3000000           6  21.3000000           6   9.9755372 332.1689853 468.9539050   8.8216507  12.8386115
2013-03-15T08:10:00Z 121.6520833   2.2000000           2           1 106.5266260   1.6861111  20.9000000           6  20.9000000           6  10.0674416 334.3340676 469.1805350   9.0741345  13.2230033
2013-03-15T08:11:00Z 121.6522917   2.1975000           2           1 106.5268496   1.6863889  20.5000000           6  20.5000000           6  10.4180395 332.2132117 468.0948150   9.2167197  13.4395653
2013-03-15T08:12:00Z 121.6525000   2.1950000           2           1 106.5270732   1.6866667  20.1000000           6  20.1000000           6  10.2602802 329.3545885 466.9445650   8.8273120  13.3725733
2013-03-15T08:13:00Z 121.6527083   2.1925000           2           1 106.5272967   1.6869444  19.7000000           6  19.7000000           6  10.1623192 326.2652817 467.0997350   8.4511651  13.5074648
2013-03-15T08:14:00Z 121.6529167   2.1900000           2           1 106.5275203   1.6872222  19.3000000           6  19.3000000           6  10.1227304 325.5169612 473.1301950   8.3441041  14.3195077
2013-03-15T08:15:00Z 121.6531250   2.1875000           2           1 106.5277439   1.6875000  25.3000000           7  25.3000000           7  10.0649460 325.4916042 479.0461650   8.2939501  15.1427348
2013-03-15T08:16:00Z 121.6533333   2.1850000           2           1 106.5279675   1.6877778  33.9571429           7  33.9571429           7   9.9859444 325.4948786 480.7937150   8.2291726  15.0583828
2013-03-15T08:17:00Z 121.6535417   2.1825000           2           1 106.5281911   1.6880556  32.5142857           7  32.5142857           7   9.7585321 327.1040241 481.4329350   8.1938297  15.0013483
2013-03-15T08:18:00Z 121.6537500   2.1800000           2           1 106.5284146   1.6883333  31.0714286           7  31.0714286           7   9.6751439 330.4762851 481.0565600   8.4188439  15.0556953
2013-03-15T08:19:00Z 121.6539583   2.1775000           2           1 106.5286382   1.6886111  29.6285714           7  29.6285714           7   9.6508144 333.0300887 479.3822150   8.6012383  15.1310913
2013-03-15T08:20:00Z 121.6541667   2.1750000           2           1 106.5288618   1.6888889  28.1857143           7  28.1857143           7   9.6268638 336.3879766 477.7945500   8.8208902  15.1535763
2013-03-15T08:21:00Z 121.6543750   2.1725000           2           1 106.5290854   1.6891667  26.7428571           7  26.7428571           7   9.5966819 339.8135446 475.1580100   9.0072021  14.9225783
2013-03-15T08:22:00Z 121.6545833   2.1700000           2           1 106.5293089   1.6894444  35.4000000           7  35.4000000           7   9.5919445 343.5338924 472.9110250   9.1985556  14.6347428
2013-03-15T08:23:00Z 121.6547917   2.1675000           2           1 106.5295325   1.6897222  25.7111111           6  25.7111111           6   9.5216688 347.9644918 471.7558050   9.3123688  14.0831693
2013-03-15T08:24:00Z 121.6550000   2.1650000           2           1 106.5297561   1.6900000  26.9222222           7  26.9222222           7   9.3765254 353.7796686 467.9666150   9.3213219  13.4644847
2013-03-15T08:25:00Z 121.6552083   2.1625000           2           1 106.5299797   1.6902778  28.1333333           6  28.1333333           6   9.3375788 357.9873730 467.2216800   9.3318186  13.2639578
2013-03-15T08:26:00Z 121.6554167   2.1600000           2           1 106.5302033   1.6905556  29.3444444           7  29.3444444           7   9.3218323   1.4977478 465.6140700   9.3186476  13.2501672
2013-03-15T08:27:00Z 121.6556250   2.1575000           2           1 106.5304268   1.6908333  30.5555556           7  30.5555556           7   9.4027791   5.5002542 467.6433500   9.3594866  13.4632812
2013-03-15T08:28:00Z 121.6558333   2.1550000           2           1 106.5306504   1.6911111  31.7666667           6  31.7666667           6   9.2366302   9.6238885 463.0192800   9.1066377  12.9071219
2013-03-15T08:29:00Z 121.6560417   2.1525000           2           1 106.5308740   1.6913889  32.9777778           7  32.9777778           7   9.2339769  14.9909059 463.2217750   8.9197160  12.5075252
2013-03-15T08:30:00Z 121.6562500   2.1500000           2           1 106.5310976   1.6916667  34.1888889           6  34.1888889           6   9.0710480  20.0869644 463.8671800   8.5192781  12.1193199
2013-03-15T08:31:00Z 121.6564583   2.1475000           2           1 106.5313211   1.6919444  24.5000000           7  24.5000000           7   9.1685660  23.5718918 464.3629100   8.4035319  11.8070581
2013-03-15T08:32:00Z 121.6566667   2.1450000           2           1 106.5315447   1.6922222  27.5000000           6  27.5000000           6   9.7817760  27.7690404 462.9531250   8.6552368  11.4370572
2013-03-15T08:33:00Z 121.6568750   2.1425000           2           1 106.5317683   1.6925000  26.0000000           6  26.0000000           6  10.4372731  31.8163689 460.6018000   8.8689905  11.0417023
2013-03-15T08:34:00Z 121.6570833   2.1400000           2           1 106.5319919   1.6927778  29.0000000           7  29.0000000           7  10.7209143  35.4122841 458.9430300   8.7375835  10.5668742
2013-03-15T08:35:00Z 121.6572917   2.1375000           2           1 106.5322154   1.6930556  44.5200000           7  44.5200000           7  10.8282982  39.1678789 455.7285850   8.3951655   9.8396746
2013-03-15T08:36:00Z 121.6575000   2.1350000           2           1 106.5324390   1.6933333  40.6400000           7  40.6400000           7  10.8882870  42.5118398 452.0553300   8.0261670   9.2436427
2013-03-15T08:37:00Z 121.6577083   2.1325000           2           1 106.5326626   1.6936111  36.7600000           7  36.7600000           7  11.0338192  45.6666900 450.0418100   7.7107776   8.7264076
2013-03-15T08:38:00Z 121.6579167   2.1300000           2           1 106.5328862   1.6938889  32.8800000           7  32.8800000           7  11.2613008  49.5070461 448.9324100   7.3125767   8.1219308
2013-03-15T08:39:00Z 121.6581250   2.1275000           2           1 106.5331098   1.6941667  48.4000000           8  48.4000000           8  11.7456581  52.8200382 447.2987450   7.0981420   7.5236762
2013-03-15T08:40:00Z 121.6583333   2.1250000           2           1 106.5333333   1.6944444  13.4909091           5  13.4909091           5  12.0773094  55.9921975 445.4728150   6.7549091   7.1069712
2013-03-15T08:41:00Z 121.6585417   2.1225000           2           1 106.5335569   1.6947222  16.9818182           5  16.9818182           5  12.3204834  59.4013928 446.5215800   6.2713785   6.9364649
2013-03-15T08:42:00Z 121.6587500   2.1200000           2           1 106.5337805   1.6950000  20.4727273           5  20.4727273           5  12.5636182  62.5218724 447.8693250   5.7969787   6.8356335
2013-03-15T08:43:00Z 121.6589583   2.1175000           2           1 106.5340041   1.6952778  23.9636364           6  23.9636364           6  12.7316509  64.7937603 448.7455950   5.4221278   7.0074721
2013-03-15T08:44:00Z 121.6591667   2.1150000           2           1 106.5342276   1.6955556  27.4545455           6  27.4545455           6  12.8091591  65.9954708 453.7907650   5.2108794   7.3213866
2013-03-15T08:45:00Z 121.6593750   2.1125000           2           1 106.5344512   1.6958333  30.9454545           6  30.9454545           6  13.0197982  67.5561238 455.0322300   4.9706760   7.7313459
2013-03-15T08:46:00Z 121.6595833   2.1100000           2           1 106.5346748   1.6961111  34.4363636           6  34.4363636           6  13.1655238  68.9297199 455.9900600   4.7331747   8.0681614
2013-03-15T08:47:00Z 121.6597917   2.1075000           2           1 106.5348984   1.6963889  37.9272727           7  37.9272727           7  13.2236641  69.6443623 455.8560200   4.5998018   8.4079767
2013-03-15T08:48:00Z 121.6600000   2.1050000           2           1 106.5351220   1.6966667  41.4181818           7  41.4181818           7  13.1525340  69.1183328 457.0209700   4.6880769   8.9283096
2013-03-15T08:49:00Z 121.6602083   2.1025000           2           1 106.5353455   1.6969444  44.9090909           7  44.9090909           7  13.0622608  68.4464162 456.7025150   4.7986985   9.1061583
2013-03-15T08:50:00Z 121.6604167   2.1000000           2           1 106.5355691   1.6972222  10.0000000           5  10.0000000           5  13.0157365  66.8824046 455.9486800   5.1102329   9.1527125
2013-03-15T08:51:00Z 121.6606250   2.0975000           2           1 106.5357927   1.6975000  18.4933333           5  18.4933333           5  12.9370259  66.5133759 456.5393650   5.1558572   9.3117397
2013-03-15T08:52:00Z 121.6608333   2.0950000           2           1 106.5360163   1.6977778  17.8866667           5  17.8866667           5  12.5772770  65.6306869 457.6617450   5.1895935   9.6285511
2013-03-15T08:53:00Z 121.6610417   2.0925000           2           1 106.5362398   1.6980556  17.2800000           5  17.2800000           5  11.7272716  64.5822202 458.8572550   5.0335259   9.7716625
2013-03-15T08:54:00Z 121.6612500   2.0900000           2           1 106.5364634   1.6983333  16.6733333           5  16.6733333           5  10.7824756  62.7105786 457.0353600   4.9436085   9.8443500
2013-03-15T08:55:00Z 121.6614583   2.0875000           2           1 106.5366870   1.6986111  16.0666667           5  16.0666667           5  10.3581906  60.2572180 456.6178750   5.1387721  10.0958264
2013-03-15T08:56:00Z 121.6616667   2.0850000           2           1 106.5369106   1.6988889  15.4600000           5  15.4600000           5  10.0853973  57.6710480 458.9001350   5.3934627  10.3614853
2013-03-15T08:57:00Z 121.6618750   2.0825000           2           1 106.5371341   1.6991667  14.8533333           5  14.8533333           5   9.7355215  54.5996032 459.7842650   5.6396592  10.4487161
2013-03-15T08:58:00Z 121.6620833   2.0800000           2           1 106.5373577   1.6994444  14.2466667           5  14.2466667           5   9.4439982  51.1511896 461.1305700   5.9239132  10.5586271
2013-03-15T08:59:00Z 121.6622917   2.0775000           2           1 106.5375813   1.6997222  13.6400000           5  13.6400000           5   9.1160079  48.6081225 462.2840800   6.0275547  10.5913052
2013-03-15T09:00:00Z 121.6625000   2.0750000           2           1 106.5378049   1.7000000  13.0333333           5  13.0333333           5   8.7835514  45.9520210 462.0616800   6.1068563  10.3658375
2013-03-15T09:01:00Z 121.6627083   2.0725000           2           1 106.5380285   1.7002778  12.4266667           5  12.4266667           5   8.5293443  41.9433122 459.5440200   6.3441816  10.2575513
2013-03-15T09:02:00Z 121.6629167   2.0700000           2           1 106.5382520   1.7005556  11.8200000           5  11.8200000           5   8.3218957  37.8494481 458.6286650   6.5711833  10.1705413
2013-03-15T09:03:00Z 121.6631250   2.0675000           2           1 106.5384756   1.7008333  11.2133333           5  11.2133333           5   8.1187347  35.9514471 456.7570350   6.5722359  10.1426079
2013-03-15T09:04:00Z 121.6633333   2.0650000           2           1 106.5386992   1.7011111  10.6066667           5  10.6066667           5   7.9212949  34.1621887 455.9285550   6.5544860  10.0668986
2013-03-15T09:05:00Z 121.6635417   2.0625000           2           1 106.5389228   1.7013889  19.1000000           6  19.1000000           6   7.7509963  30.3521052 455.5256750   6.6886166   9.4950084
2013-03-15T09:06:00Z 121.6637500   2.0600000           2           1 106.5391463   1.7016667  22.6875000           6  22.6875000           6   7.7277348  26.0215637 456.3269700   6.9443665   9.0125329
2013-03-15T09:07:00Z 121.6639583   2.0575000           2           1 106.5393699   1.7019444  22.1750000           6  22.1750000           6   7.6308890  23.8360517 456.6792750   6.9800167   8.5756277
2013-03-15T09:08:00Z 121.6641667   2.0550000           2           1 106.5395935   1.7022222  21.6625000           6  21.6625000           6   7.6350787  22.3660213 458.1497750   7.0607060   8.1537716
2013-03-15T09:09:00Z 121.6643750   2.0525000           2           1 106.5398171   1.7025000  21.1500000           6  21.1500000           6   7.6998304  20.7187131 459.6473750   7.2018711   7.9797778
2013-03-15T09:10:00Z 121.6645833   2.0500000           2           1 106.5400407   1.7027778  20.6375000           6  20.6375000           6   7.7238704  19.9151369 460.5593750   7.2619688   7.9026294
2013-03-15T09:11:00Z 121.6647917   2.0475000           2           1 106.5402642   1.7030556  20.1250000           6  20.1250000           6   7.6467178  20.6891110 461.4716600   7.1535901   7.6665651
2013-03-15T09:12:00Z 121.6650000   2.0450000           2           1 106.5404878   1.7033333  19.6125000           6  19.6125000           6   7.5191653  22.6063156 463.2506950   6.9414517   7.3964257
2013-03-15T09:13:00Z 121.6652083   2.0425000           2           1 106.5407114   1.7036111  23.2000000           6  23.2000000           6   7.6870674  23.7179373 464.4812500   7.0377925   7.2499252
2013-03-15T09:14:00Z 121.6654167   2.0400000           2           1 106.5409350   1.7038889  16.8000000           6  16.8000000           6   8.0621836  26.5407805 464.8315200   7.2125629   7.2031208
2013-03-15T09:15:00Z 121.6656250   2.0375000           2           1 106.5411585   1.7041667  17.6000000           6  17.6000000           6   8.1159781  26.5285280 466.1948450   7.2614637   7.1031893
2013-03-15T09:16:00Z 121.6658333   2.0350000           2           1 106.5413821   1.7044444  18.4000000           6  18.4000000           6   8.1288525  25.3076322 463.9478350   7.3486909   7.0678966
2013-03-15T09:17:00Z 121.6660417   2.0325000           2           1 106.5416057   1.7047222  19.2000000           6  19.2000000           6   8.1465731  24.9995558 464.0895450   7.3833293   7.0279322
2013-03-15T09:18:00Z 121.6662500   2.0300000           2           1 106.5418293   1.7050000  20.0000000           6  20.0000000           6   8.1140361  25.7333968 463.8534700   7.3093193   6.9791810
2013-03-15T09:19:00Z 121.6664583   2.0275000           2           1 106.5420528   1.7052778  20.8000000           6  20.8000000           6   8.1360671  27.3836208 464.6499900   7.2243956   6.9833702
2013-03-15T09:20:00Z 121.6666667   2.0250000           2           1 106.5422764   1.7055556  21.6000000           6  21.6000000           6   8.2861559  28.9604449 466.4455400   7.2500069   7.0551020
2013-03-15T09:21:00Z 121.6668750   2.0225000           2           1 106.5425000   1.7058333  22.4000000           6  22.4000000           6   8.4520489  30.9623364 468.6638650   7.2476799   7.0718255
2013-03-15T09:22:00Z 121.6670833   2.0200000           2           1 106.5427236   1.7061111  16.0000000           6  16.0000000           6   8.5544766  32.9651132 468.3936900   7.1772233   7.0582376
2013-03-15T09:23:00Z 121.6672917   2.0175000           2           1 106.5429472   1.7063889  10.8666667           4  10.8666667           4   8.3420238  29.9431748 468.6425800   7.2285377   6.9897411
2013-03-15T09:24:00Z 121.6675000   2.0150000           2           1 106.5431707   1.7066667  13.4333333           5  13.4333333           5   7.9329352  26.0673758 466.7417550   7.1259806   6.9813881
2013-03-15T09:25:00Z 121.6677083   2.0125000           2           1 106.5433943   1.7069444   8.3000000           4   8.3000000           4   7.3972950  24.2474689 464.9842800   6.7447070   6.9972482
2013-03-15T09:26:00Z 121.6679167   2.0100000           2           1 106.5436179   1.7072222  27.5800000           6  27.5800000           6   6.8045793  22.2582742 464.3072100   6.2975416   6.9744292
2013-03-15T09:27:00Z 121.6681250   2.0075000           2           1 106.5438415   1.7075000  22.7600000           5  22.7600000           5   6.2790949  18.4137366 462.4353700   5.9576072   7.1163799
2013-03-15T09:28:00Z 121.6683333   2.0050000           2           1 106.5440650   1.7077778  17.9400000           5  17.9400000           5   5.8727826  15.3292096 459.7149150   5.6638453   7.2265568
2013-03-15T09:29:00Z 121.6685417   2.0025000           2           1 106.5442886   1.7080556  13.1200000           4  13.1200000           4   5.5769736  13.0310966 455.8280450   5.4333544   7.2379236
2013-03-15T09:30:00Z 121.6687500   2.0000000           2           1 106.5445122   1.7083333  32.4000000           7  32.4000000           7   5.3657441   9.9193112 454.2895550   5.2855333   7.2268742
2013-03-15T09:31:00Z 121.6689583   1.9950000           2           1 106.5447358   1.7086111  17.0916667           6  17.0916667           6   5.4007735   6.8655826 451.8748300   5.3620464   7.2676958
2013-03-15T09:32:00Z 121.6691667   1.9900000           2           1 106.5449593   1.7088889  18.4833333           6  18.4833333           6   5.5160328   6.1443380 449.9532950   5.4843455   7.3070766
2013-03-15T09:33:00Z 121.6693750   1.9850000           2           1 106.5451829   1.7091667  19.8750000           6  19.8750000           6   5.5888913  10.0810471 448.2675400   5.5026052   7.2954168
2013-03-15T09:34:00Z 121.6695833   1.9800000           2           1 106.5454065   1.7094444  21.2666667           6  21.2666667           6   5.5401955  12.3515475 448.8737000   5.4119595   7.2224450
2013-03-15T09:35:00Z 121.6697917   1.9750000           2           1 106.5456301   1.7097222  22.6583333           6  22.6583333           6   5.4995024  14.4688801 448.3997950   5.3250774   7.2116998
2013-03-15T09:36:00Z 121.6700000   1.9700000           2           1 106.5458537   1.7100000  24.0500000           6  24.0500000           6   5.4367509  16.9561722 448.7463100   5.2004052   7.1758089
2013-03-15T09:37:00Z 121.6702083   1.9650000           2           1 106.5460772   1.7102778  25.4416667           6  25.4416667           6   5.4035956  19.5635322 444.9201150   5.0916502   6.9950371
2013-03-15T09:38:00Z 121.6704167   1.9600000           2           1 106.5463008   1.7105556  26.8333333           6  26.8333333           6   5.4142242  20.4391593 442.0018600   5.0733638   6.8745628
2013-03-15T09:39:00Z 121.6706250   1.9550000           2           1 106.5465244   1.7108333  28.2250000           6  28.2250000           6   5.4468528  19.1019187 441.1773900   5.1469380   6.8892027
2013-03-15T09:40:00Z 121.6708333   1.9500000           2           1 106.5467480   1.7111111  29.6166667           6  29.6166667           6   5.4554861  17.2445131 440.8746450   5.2102530   6.8629972
2013-03-15T09:41:00Z 121.6710417   1.9450000           2           1 106.5469715   1.7113889  31.0083333           6  31.0083333           6   5.4491008  15.9261119 440.7689750   5.2399445   6.8492108
2013-03-15T09:42:00Z 121.6712500   1.9400000           2           1 106.5471951   1.7116667  15.7000000           6  15.7000000           6   5.5355898  14.7406424 440.7571700   5.3533998   6.8593216
2013-03-15T09:43:00Z 121.6714583   1.9350000           2           1 106.5474187   1.7119444  19.7133333           6  19.7133333           6   5.7960215  18.4908046 440.9291300   5.4967994   6.8910394
2013-03-15T09:44:00Z 121.6716667   1.9300000           2           1 106.5476423   1.7122222  19.4266667           6  19.4266667           6   6.2803124  22.8255989 440.3421650   5.7885007   6.8824839
2013-03-15T09:45:00Z 121.6718750   1.9250000           2           1 106.5478659   1.7125000  19.1400000           6  19.1400000           6   6.8297422  26.7191370 440.7353750   6.1004710   6.8906259
2013-03-15T09:46:00Z 121.6720833   1.9200000           2           1 106.5480894   1.7127778  18.8533333           6  18.8533333           6   7.3356059  30.9358648 439.9860300   6.2920667   6.9183290
2013-03-15T09:47:00Z 121.6722917   1.9150000           2           1 106.5483130   1.7130556  18.5666667           6  18.5666667           6   7.9931570  33.7410211 441.5125500   6.6467629   6.7592724
2013-03-15T09:48:00Z 121.6725000   1.9100000           2           1 106.5485366   1.7133333  18.2800000           6  18.2800000           6   8.5636647  35.7375262 443.4560800   6.9511366   6.5806055
2013-03-15T09:49:00Z 121.6727083   1.9050000           2           1 106.5487602   1.7136111  17.9933333           6  17.9933333           6   8.9760238  37.1738079 445.8529900   7.1521516   6.4760036
2013-03-15T09:50:00Z 121.6729167   1.9000000           2           1 106.5489837   1.7138889  17.7066667           6  17.7066667           6   9.3518618  38.7370978 445.6408400   7.2946899   6.4117377
2013-03-15T09:51:00Z 121.6731250   1.8950000           2           1 106.5492073   1.7141667  17.4200000           6  17.4200000           6   9.5687970  39.5312933 445.1854450   7.3801936   6.3269312
2013-03-15T09:52:00Z 121.6733333   1.8900000           2           1 106.5494309   1.7144444  17.1333333           6  17.1333333           6   9.6560269  40.1485616 445.0309500   7.3808274   6.2693015
2013-03-15T09:53:00Z 121.6735417   1.8850000           2           1 106.5496545   1.7147222  16.8466667           6  16.8466667           6   9.7168253  40.6555965 445.0793600   7.3715673   6.2504691
2013-03-15T09:54:00Z 121.6737500   1.8800000           2           1 106.5498780   1.7150000  16.5600000           6  16.5600000           6   9.7665657  41.0205128 444.9581400   7.3686263   6.2268924
2013-03-15T09:55:00Z 121.6739583   1.8750000           2           1 106.5501016   1.7152778  16.2733333           6  16.2733333           6   9.8109672  40.9367755 444.7654550   7.4115291   6.2029857
2013-03-15T09:56:00Z 121.6741667   1.8700000           2           1 106.5503252   1.7155556  15.9866667           6  15.9866667           6   9.8673125  41.4245007 446.2592350   7.3987893   6.2061358
2013-03-15T09:57:00Z 121.6743750   1.8650000           2           1 106.5505488   1.7158333  20.0000000           6  20.0000000           6   9.9466787  41.6557533 449.6426600   7.4316778   6.4108018
2013-03-15T09:58:00Z 121.6745833   1.8600000           2           1 106.5507724   1.7161111  12.7142857           5  12.7142857           5   9.9996759  43.0675276 451.6525800   7.3052573   6.5190629
2013-03-15T09:59:00Z 121.6747917   1.8550000           2           1 106.5509959   1.7163889  13.9285714           5  13.9285714           5  10.0043516  45.3926631 450.6217850   7.0254982   6.4708767
2013-03-15T10:00:00Z 121.6750000   1.8500000           2           1 106.5512195   1.7166667  15.1428571           5  15.1428571           5   9.6715230  44.7402024 448.2351250   6.8697384   6.5508806
2013-03-15T10:01:00Z 121.6752083   1.8450000           2           1 106.5514431   1.7169444  16.3571429           5  16.3571429           5   9.6544806  46.6599144 448.3907150   6.6261341   6.4899904
2013-03-15T10:02:00Z 121.6754167   1.8400000           2           1 106.5516667   1.7172222  17.5714286           5  17.5714286           5   9.5722136  48.9821858 448.5132850   6.2821830   6.4295906
2013-03-15T10:03:00Z 121.6756250   1.8350000           2           1 106.5518902   1.7175000  18.7857143           5  18.7857143           5   9.5452758  51.3643656 449.6165900   5.9597412   6.3532946
2013-03-15T10:04:00Z 121.6758333   1.8300000           2           1 106.5521138   1.7177778  11.5000000           5  11.5000000           5   9.5282416  53.9391530 451.7342450   5.6087430   6.2816840
2013-03-15T10:05:00Z 121.6760417   1.8250000           2           1 106.5523374   1.7180556  25.2777778           6  25.2777778           6   9.5095545  56.4300079 452.0231750   5.2583580   6.2159624
2013-03-15T10:06:00Z 121.6762500   1.8200000           2           1 106.5525610   1.7183333  23.5555556           6  23.5555556           6   9.5567800  58.2902571 453.3907500   5.0231995   6.1678424
2013-03-15T10:07:00Z 121.6764583   1.8150000           2           1 106.5527846   1.7186111  21.8333333           6  21.8333333           6   9.5482500  60.6647336 453.8817850   4.6778704   6.1395754
2013-03-15T10:08:00Z 121.6766667   1.8100000           2           1 106.5530081   1.7188889  20.1111111           6  20.1111111           6   9.5544648  62.5254568 454.1144100   4.4079950   6.1396862
2013-03-15T10:09:00Z 121.6768750   1.8050000           2           1 106.5532317   1.7191667  18.3888889           5  18.3888889           5   9.5701733  64.1027736 454.0972100   4.1798521   6.1103139
2013-03-15T10:10:00Z 121.6770833   1.8000000           2           1 106.5534553   1.7194444  16.6666667           5  16.6666667           5   9.5977432  65.7933956 453.9940400   3.9353451   6.0826470
2013-03-15T10:11:00Z 121.6772917   1.7950000           2           1 106.5536789   1.7197222  14.9444444           5  14.9444444           5   9.6297809  68.0300676 455.3314600   3.6026934   6.0576878
2013-03-15T10:12:00Z 121.6775000   1.7900000           2           1 106.5539024   1.7200000  13.2222222           5  13.2222222           5   9.7059822  69.4180290 455.4473300   3.4121098   6.0143933
2013-03-15T10:13:00Z 121.6777083   1.7850000           2           1 106.5541260   1.7202778  27.0000000           7  27.0000000           7   9.7642609  70.4793344 455.7253100   3.2626969   5.9974767
2013-03-15T10:14:00Z 121.6779167   1.7800000           2           1 106.5543496   1.7205556  14.4666667           5  14.4666667           5   9.8044630  72.2060952 456.5429500   2.9961852   5.9641745
2013-03-15T10:15:00Z 121.6781250   1.7750000           2           1 106.5545732   1.7208333  20.7333333           5  20.7333333           5   9.9284233  74.8288249 457.6030100   2.5983047   5.8815157
2013-03-15T10:16:00Z 121.6783333   1.7700000           2           1 106.5547967   1.7211111   8.2000000           4   8.2000000           4   9.9729113  77.6279065 458.6036850   2.1367920   5.7924864
2013-03-15T10:17:00Z 121.6785417   1.7650000           2           1 106.5550203   1.7213889  16.3600000           5  16.3600000           5  10.0640951  80.4876502 459.8832200   1.6631943   5.6697265
2013-03-15T10:18:00Z 121.6787500   1.7600000           2           1 106.5552439   1.7216667  14.3200000           5  14.3200000           5  10.0926181  82.0745369 461.5316150   1.3916179   5.5940265
2013-03-15T10:19:00Z 121.6789583   1.7550000           2           1 106.5554675   1.7219444  12.2800000           4  12.2800000           4  10.0811121  82.8370843 463.9214500   1.2570246   5.5437035
2013-03-15T10:20:00Z 121.6791667   1.7500000           2           1 106.5556911   1.7222222  10.2400000           4  10.2400000           4  10.6631263  84.3210225 466.5533800   1.0551659   5.3816854
2013-03-15T10:21:00Z 121.6793750   1.7450000           2           1 106.5559146   1.7225000  18.4000000           6  18.4000000           6  10.6707549  84.3640713 468.0077200   1.0479424   5.4110030
2013-03-15T10:22:00Z 121.6795833   1.7400000           2           1 106.5561382   1.7227778   8.7750000           4   8.7750000           4  10.6804958  83.8362885 469.3114000   1.1467615   5.4603214
2013-03-15T10:23:00Z 121.6797917   1.7350000           2           1 106.5563618   1.7230556   9.6500000           4   9.6500000           4  10.6744236  83.2846927 469.9899650   1.2482252   5.4803487
2013-03-15T10:24:00Z 121.6800000   1.7300000           2           1 106.5565854   1.7233333  10.5250000           4  10.5250000           4  10.6475159  82.2529222 470.7108400   1.4352893   5.5032861
2013-03-15T10:25:00Z 121.6802083   1.7250000           2           1 106.5568089   1.7236111  11.4000000           4  11.4000000           4  10.6027493  79.9678285 471.2217600   1.8470108   5.4933924
2013-03-15T10:26:00Z 121.6804167   1.7200000           2           1 106.5570325   1.7238889  12.2750000           4  12.2750000           4  10.5636020  78.1306609 471.3417600   2.1727272   5.4865275
2013-03-15T10:27:00Z 121.6806250   1.7150000           2           1 106.5572561   1.7241667  13.1500000           5  13.1500000           5  10.5394515  76.5394195 471.4643050   2.4533347   5.5186184
2013-03-15T10:28:00Z 121.6808333   1.7100000           2           1 106.5574797   1.7244444  14.0250000           5  14.0250000           5  10.4826124  75.4418725 471.6639200   2.6349312   5.5563596
2013-03-15T10:29:00Z 121.6810417   1.7050000           2           1 106.5577033   1.7247222  14.9000000           5  14.9000000           5  10.4206461  74.4926707 472.0859850   2.7860811   5.5763701
2013-03-15T10:30:00Z 121.6812500   1.7000000           2           1 106.5579268   1.7250000  15.7750000           5  15.7750000           5  10.3451945  73.3655468 472.5880500   2.9614627   5.5882500
2013-03-15T10:31:00Z 121.6814583   1.6961111           2           1 106.5581504   1.7238194  16.6500000           5  16.6500000           5  10.2887391  71.7166083 472.7696050   3.2277548   5.6108100
2013-03-15T10:32:00Z 121.6816667   1.6922222           2           1 106.5583740   1.7226389  17.5250000           5  17.5250000           5  10.1790876  70.7465175 472.7454100   3.3565341   5.6287431
2013-03-15T10:33:00Z 121.6818750   1.6883333           2           1 106.5585976   1.7214583   7.9000000           4   7.9000000           4   9.8296936  69.0376981 472.1702250   3.5166085   5.6470783
2013-03-15T10:34:00Z 121.6820833   1.6844444           2           1 106.5588211   1.7202778  10.2214286           4  10.2214286           4   9.4352374  65.9776716 471.2259250   3.8410156   5.6939235
2013-03-15T10:35:00Z 121.6822917   1.6805556           2           1 106.5590447   1.7190972  10.0428571           4  10.0428571           4   9.1721623  62.3081498 470.3472600   4.2624515   5.8341123
2013-03-15T10:36:00Z 121.6825000   1.6766667           2           1 106.5592683   1.7179167   9.8642857           4   9.8642857           4   9.1828521  59.1355944 468.9194350   4.7108774   5.8865418
2013-03-15T10:37:00Z 121.6827083   1.6727778           2           1 106.5594919   1.7167361   9.6857143           4   9.6857143           4   9.1786017  55.5164796 467.1740000   5.1966413   5.9370678
2013-03-15T10:38:00Z 121.6829167   1.6688889           2           1 106.5597154   1.7155556   9.5071429           4   9.5071429           4   9.1916050  52.1341496 466.1993800   5.6419430   5.9774962
2013-03-15T10:39:00Z 121.6831250   1.6650000           2           1 106.5599390   1.7143750   9.3285714           4   9.3285714           4   9.1788497  48.7684465 465.3921850   6.0498140   6.0145286
2013-03-15T10:40:00Z 121.6833333   1.6611111           2           1 106.5601626   1.7131944   9.1500000           4   9.1500000           4   9.1282966  45.6575083 464.6175150   6.3801852   6.0919288
2013-03-15T10:41:00Z 121.6835417   1.6572222           2           1 106.5603862   1.7120139   8.9714286           4   8.9714286           4   9.1086437  43.1204888 462.8394600   6.6485620   6.1220892
2013-03-15T10:42:00Z 121.6837500   1.6533333           2           1 106.5606098   1.7108333   8.7928571           4   8.7928571           4   9.0963415  41.0304899 461.1969750   6.8619194   6.1228845
2013-03-15T10:43:00Z 121.6839583   1.6494444           2           1 106.5608333   1.7096528   8.6142857           4   8.6142857           4   9.1660225  38.5318051 460.0673050   7.1702355   6.1274133
2013-03-15T10:44:00Z 121.6841667   1.6455556           2           1 106.5610569   1.7084722   8.4357143           4   8.4357143           4   9.1875797  37.0204677 459.1388150   7.3355517   6.1415734
2013-03-15T10:45:00Z 121.6843750   1.6416667           2           1 106.5612805   1.7072917   8.2571429           4   8.2571429           4   9.1471314  35.4112862 458.0567200   7.4550372   6.1966646
2013-03-15T10:46:00Z 121.6845833   1.6377778           2           1 106.5615041   1.7061111   8.0785714           4   8.0785714           4   9.1246279  33.4259988 457.8418150   7.6153961   6.2465068
2013-03-15T10:47:00Z 121.6847917   1.6338889           2           1 106.5617276   1.7049306  10.4000000           5  10.4000000           5   9.1225397  31.8621509 457.8267950   7.7479608   6.2380431
2013-03-15T10:48:00Z 121.6850000   1.6300000           2           1 106.5619512   1.7037500  14.0444444           5  14.0444444           5   9.0414016  31.4837585 457.0922750   7.7104010   6.2350041
2013-03-15T10:49:00Z 121.6852083   1.6261111           2           1 106.5621748   1.7025694  13.5888889           5  13.5888889           5   8.9050444  31.8062794 455.8428700   7.5678179   6.2163862
2013-03-15T10:50:00Z 121.6854167   1.6222222           2           1 106.5623984   1.7013889  13.1333333           5  13.1333333           5   8.7641788  32.7504978 454.9242650   7.3709751   6.1958865
2013-03-15T10:51:00Z 121.6856250   1.6183333           2           1 106.5626220   1.7002083  12.6777778           5  12.6777778           5   8.6901215  33.2602575 454.6410150   7.2665752   6.1907043
2013-03-15T10:52:00Z 121.6858333   1.6144444           2           1 106.5628455   1.6990278  12.2222222           5  12.2222222           5   8.6629141  33.9930559 454.4033750   7.1824684   6.1864699
2013-03-15T10:53:00Z 121.6860417   1.6105556           2           1 106.5630691   1.6978472  11.7666667           5  11.7666667           5   8.7318469  37.2204681 454.7174700   6.9532909   6.1598701
2013-03-15T10:54:00Z 121.6862500   1.6066667           2           1 106.5632927   1.6966667  11.3111111           5  11.3111111           5   8.8458644  40.3254612 455.1259100   6.7439175   6.1229953
2013-03-15T10:55:00Z 121.6864583   1.6027778           2           1 106.5635163   1.6954861  10.8555556           5  10.8555556           5   8.9369082  41.9299238 454.5992100   6.6487260   6.0717404
2013-03-15T10:56:00Z 121.6866667   1.5988889           2           1 106.5637398   1.6943056  14.5000000           5  14.5000000           5   8.9302720  42.7731856 454.4642300   6.5552462   6.0762402
2013-03-15T10:57:00Z 121.6868750   1.5950000           2           1 106.5639634   1.6931250  18.7857143           5  18.7857143           5   8.9424210  44.1550124 454.4290200   6.4158096   6.0856705
2013-03-15T10:58:00Z 121.6870833   1.5911111           2           1 106.5641870   1.6919444  18.0714286           5  18.0714286           5   8.8807016  45.9877576 453.8839550   6.1704186   6.0789082
2013-03-15T10:59:00Z 121.6872917   1.5872222           2           1 106.5644106   1.6907639  17.3571429           5  17.3571429           5   8.8656995  48.1448334 453.3503350   5.9156374   6.0754135
2013-03-15T11:00:00Z 121.6875000   1.5833333           2           1 106.5646341   1.6895833  16.6428571           5  16.6428571           5   8.8991512  50.2895846 453.1806200   5.6857360   6.0388261
2013-03-15T11:01:00Z 121.6877083   1.5794444           2           1 106.5648577   1.6884028  15.9285714           5  15.9285714           5   8.9271334  51.9519837 452.9699200   5.5019856   6.0019057
2013-03-15T11:02:00Z 121.6879167   1.5755556           2           1 106.5650813   1.6872222  15.2142857           5  15.2142857           5   8.9136001  53.4942081 452.7902100   5.3027368   5.9605252
2013-03-15T11:03:00Z 121.6881250   1.5716667           2           1 106.5653049   1.6860417  19.5000000           6  19.5000000           6   8.8803705  55.2384577 452.3862050   5.0632522   5.9320835
2013-03-15T11:04:00Z 121.6883333   1.5677778           2           1 106.5655285   1.6848611   9.9750000           4   9.9750000           4   8.8497144  56.7514257 451.9066350   4.8520544   5.9617563
2013-03-15T11:05:00Z 121.6885417   1.5638889           2           1 106.5657520   1.6836806  13.1500000           5  13.1500000           5   8.7930453  60.0671791 451.6181850   4.3875911   5.9570120
2013-03-15T11:06:00Z 121.6887500   1.5600000           2           1 106.5659756   1.6825000  16.3250000           5  16.3250000           5   8.6666337  60.0574573 451.4444050   4.3257880   6.0067384
2013-03-15T11:07:00Z 121.6889583   1.5561111           2           1 106.5661992   1.6813194   6.8000000           4   6.8000000           4   8.7365276  62.6769453 451.4355100   4.0101280   5.9679571
2013-03-15T11:08:00Z 121.6891667   1.5522222           2           1 106.5664228   1.6801389  22.4750000           6  22.4750000           6   8.8091040  64.6774066 451.8445150   3.7677801   5.8828409
2013-03-15T11:09:00Z 121.6893750   1.5483333           2           1 106.5666463   1.6789583  17.2500000           5  17.2500000           5   8.8744532  66.1301275 452.7769000   3.5911433   5.8431705
2013-03-15T11:10:00Z 121.6895833   1.5444444           2           1 106.5668699   1.6777778  12.0250000           4  12.0250000           4   8.8920927  67.0637344 453.1849400   3.4653102   5.8038046
2013-03-15T11:11:00Z 121.6897917   1.5405556           2           1 106.5670935   1.6765972  27.7000000           7  27.7000000           7   8.8895625  69.2826869 453.8855550   3.1447493   5.7439835
2013-03-15T11:12:00Z 121.6900000   1.5366667           2           1 106.5673171   1.6754167  11.6466667           5  11.6466667           5   8.9070734  71.3138931 454.8182400   2.8536776   5.6940169
2013-03-15T11:13:00Z 121.6902083   1.5327778           2           1 106.5675407   1.6742361  12.7933333           5  12.7933333           5   8.9048447  72.8635371 455.4859850   2.6237994   5.6207151
2013-03-15T11:14:00Z 121.6904167   1.5288889           2           1 106.5677642   1.6730556  13.9400000           5  13.9400000           5   8.9828158  74.2056370 455.9255050   2.4449929   5.5728819
2013-03-15T11:15:00Z 121.6906250   1.5250000           2           1 106.5679878   1.6718750  15.0866667           5  15.0866667           5   9.1295332  76.5728058 456.7665600   2.1199651   5.5147258
2013-03-15T11:16:00Z 121.6908333   1.5211111           2           1 106.5682114   1.6706944  16.2333333           5  16.2333333           5   9.1922049  78.2378343 457.5248550   1.8738276   5.4361716
2013-03-15T11:17:00Z 121.6910417   1.5172222           2           1 106.5684350   1.6695139  17.3800000           5  17.3800000           5   9.2676482  79.7816454 458.0472750   1.6440809   5.3481643
2013-03-15T11:18:00Z 121.6912500   1.5133333           2           1 106.5686585   1.6683333  18.5266667           5  18.5266667           5   9.3250886  80.1537075 458.9183950   1.5946425   5.3103849
2013-03-15T11:19:00Z 121.6914583   1.5094444           2           1 106.5688821   1.6671528  19.6733333           6  19.6733333           6   9.3740268  80.0307041 459.3121550   1.6228353   5.2892634
2013-03-15T11:20:00Z 121.6916667   1.5055556           2           1 106.5691057   1.6659722  20.8200000           6  20.8200000           6   9.4054354  80.8968518 459.6569450   1.4880558   5.2510374
2013-03-15T11:21:00Z 121.6918750   1.5016667           2           1 106.5693293   1.6647917  21.9666667           6  21.9666667           6   9.4191166  81.4648776 459.8714500   1.3979443   5.2268594
2013-03-15T11:22:00Z 121.6920833   1.4977778           2           1 106.5695528   1.6636111  23.1133333           6  23.1133333           6   9.4600621  81.6419610 460.1345100   1.3751003   5.1955197
2013-03-15T11:23:00Z 121.6922917   1.4938889           2           1 106.5697764   1.6624306  24.2600000           6  24.2600000           6   9.5266676  81.9941018 460.5869750   1.3268270   5.2005322
2013-03-15T11:24:00Z 121.6925000   1.4900000           2           1 106.5700000   1.6612500  25.4066667           6  25.4066667           6   9.5681949  82.3879836 460.8639100   1.2674440   5.0876264
2013-03-15T11:25:00Z 121.6927083   1.4861111           2           1 106.5702236   1.6600694  26.5533333           6  26.5533333           6   9.6155982  82.3992675 461.0354550   1.2718462   5.0382761
2013-03-15T11:26:00Z 121.6929167   1.4822222           2           1 106.5704472   1.6588889  10.5000000           5  10.5000000           5   9.9523792  85.3429056 460.2919750   0.8080552   4.9172967
2013-03-15T11:27:00Z 121.6931250   1.4783333           2           1 106.5706707   1.6577083  18.5666667           5  18.5666667           5   9.8962669  86.1586237 459.4204000   0.6629949   4.8859237
2013-03-15T11:28:00Z 121.6933333   1.4744444           2           1 106.5708943   1.6565278  17.8333333           5  17.8333333           5   9.8226753  86.5675334 458.6914950   0.5881034   4.8909458
2013-03-15T11:29:00Z 121.6935417   1.4705556           2           1 106.5711179   1.6553472  17.1000000           5  17.1000000           5   9.7585323  86.7791514 457.8582200   0.5482813   4.8931458
2013-03-15T11:30:00Z 121.6937500   1.4666667           2           1 106.5713415   1.6541667  16.3666667           5  16.3666667           5   9.6498970  86.7119685 457.0939150   0.5534745   4.9097543
2013-03-15T11:31:00Z 121.6939583   1.4627778           2           1 106.5715650   1.6529861  15.6333333           5  15.6333333           5   9.5540488  85.9950179 455.7264600   0.6672855   4.9431884
2013-03-15T11:32:00Z 121.6941667   1.4588889           2           1 106.5717886   1.6518056  14.9000000           5  14.9000000           5   9.4577552  85.6838788 454.4203650   0.7117840   4.9789006
2013-03-15T11:33:00Z 121.6943750   1.4550000           2           1 106.5720122   1.6506250  14.1666667           5  14.1666667           5   9.3673235  85.3989899 453.1971150   0.7514139   5.0203041
2013-03-15T11:34:00Z 121.6945833   1.4511111           2           1 106.5722358   1.6494444  13.4333333           5  13.4333333           5   9.3109785  85.5952493 452.2316700   0.7150990   5.0125513
2013-03-15T11:35:00Z 121.6947917   1.4472222           2           1 106.5724593   1.6482639  12.7000000           5  12.7000000           5   9.2594571  85.4778570 451.8205050   0.7300560   4.9865699
2013-03-15T11:36:00Z 121.6950000   1.4433333           2           1 106.5726829   1.6470833  11.9666667           5  11.9666667           5   9.1922961  84.4822896 451.6076900   0.8838708   4.9514289
2013-03-15T11:37:00Z 121.6952083   1.4394444           2           1 106.5729065   1.6459028  11.2333333           5  11.2333333           5   9.1060565  83.4053219 451.1942350   1.0457840   5.0351033
2013-03-15T11:38:00Z 121.6954167   1.4355556           2           1 106.5731301   1.6447222  19.3000000           6  19.3000000           6   8.8203709  82.3743848 450.2006750   1.1704590   5.0216286
2013-03-15T11:39:00Z 121.6956250   1.4316667           2           1 106.5733537   1.6435417  23.0333333           6  23.0333333           6   8.8624348  83.0199756 450.5098150   1.0769923   4.9924841
2013-03-15T11:40:00Z 121.6958333   1.4277778           2           1 106.5735772   1.6423611  22.5666667           6  22.5666667           6   8.6238665  81.4634460 449.4749000   1.2801299   5.0367645
2013-03-15T11:41:00Z 121.6960417   1.4238889           2           1 106.5738008   1.6411806  22.1000000           6  22.1000000           6   8.4406699  80.6445050 448.5494350   1.3721118   5.0806578
2013-03-15T11:42:00Z 121.6962500   1.4200000           2           1 106.5740244   1.6400000  21.6333333           6  21.6333333           6   8.2968186  80.1139033 447.7069750   1.4244812   5.1304140
2013-03-15T11:43:00Z 121.6964583   1.4161111           2           1 106.5742480   1.6388194  21.1666667           6  21.1666667           6   8.1101485  79.4253442 446.5877100   1.4883464   5.1500584
2013-03-15T11:44:00Z 121.6966667   1.4122222           2           1 106.5744715   1.6376389  20.7000000           6  20.7000000           6   7.9960421  78.7138374 445.7957200   1.5648999   5.2470170
2013-03-15T11:45:00Z 121.6968750   1.4083333           2           1 106.5746951   1.6364583  20.2333333           6  20.2333333           6   7.8726258  77.2166406 445.0838950   1.7419387   5.2998850
2013-03-15T11:46:00Z 121.6970833   1.4044444           2           1 106.5749187   1.6352778  19.7666667           6  19.7666667           6   7.7036966  74.7851410 444.5541300   2.0217538   5.3437059
2013-03-15T11:47:00Z 121.6972917   1.4005556           2           1 106.5751423   1.6340972  23.5000000           6  23.5000000           6   7.5092484  72.1650888 443.9221650   2.2998980   5.4008432
2013-03-15T11:48:00Z 121.6975000   1.3966667           2           1 106.5753659   1.6329167  11.2428571           4  11.2428571           4   7.3613212  69.8603607 443.1911950   2.5345714   5.4637551
2013-03-15T11:49:00Z 121.6977083   1.3927778           2           1 106.5755894   1.6317361  13.2857143           4  13.2857143           4   7.3698053  67.8230270 442.6485400   2.7818705   5.5124343
2013-03-15T11:50:00Z 121.6979167   1.3888889           2           1 106.5758130   1.6305556  15.3285714           4  15.3285714           4   7.4269417  66.0665492 442.9094000   3.0129267   5.5448800
2013-03-15T11:51:00Z 121.6981250   1.3850000           2           1 106.5760366   1.6293750  17.3714286           5  17.3714286           5   7.4224031  64.1405162 443.2576650   3.2373967   5.5694555
2013-03-15T11:52:00Z 121.6983333   1.3811111           2           1 106.5762602   1.6281944  19.4142857           5  19.4142857           5   7.4238842  62.1103352 443.2157950   3.4726732   5.5810565
2013-03-15T11:53:00Z 121.6985417   1.3772222           2           1 106.5764837   1.6270139  21.4571429           5  21.4571429           5   7.4166672  59.6813672 443.1907900   3.7439957   5.5788097
2013-03-15T11:54:00Z 121.6987500   1.3733333           2           1 106.5767073   1.6258333   9.2000000           4   9.2000000           4   7.3217393  56.9680145 442.7751300   3.9911324   5.5924575
2013-03-15T11:55:00Z 121.6989583   1.3694444           2           1 106.5769309   1.6246528   5.2666667           2   5.2666667           2   7.2188734  54.2728404 441.7586850   4.2152885   5.6480395
2013-03-15T11:56:00Z 121.6991667   1.3655556           2           1 106.5771545   1.6234722   7.2333333           3   7.2333333           3   7.1015493  52.5963097 440.6267200   4.3136728   5.7143812
2013-03-15T11:57:00Z 121.6993750   1.3616667           2           1 106.5773780   1.6222917   3.3000000           2   3.3000000           2   7.0551743  51.6007790 440.0729700   4.3822307   5.7208652
2013-03-15T11:58:00Z 121.6995833   1.3577778           2           1 106.5776016   1.6211111  12.9800000           4  12.9800000           4   7.2341267  52.2925728 440.2363350   4.4246061   5.7656045
2013-03-15T11:59:00Z 121.6997917   1.3538889           2           1 106.5778252   1.6199306  10.5600000           3  10.5600000           3   7.2599547  50.3570065 439.7388100   4.6318655   5.8069959
2013-03-15T12:00:00Z 121.7000000   1.3500000           2           1 106.5780488   1.6187500   8.1400000           3   8.1400000           3   7.4408506  51.0923018 440.5490350   4.6733573   5.7693267
2013-03-15T12:01:00Z 121.7002083   1.3461111           2           1 106.5782724   1.6175694   5.7200000           2   5.7200000           2   7.6003201  51.5802496 441.3349800   4.7229748   5.7205018
2013-03-15T12:02:00Z 121.7004167   1.3422222           2           1 106.5784959   1.6163889  15.4000000           5  15.4000000           5   7.7454680  51.8283570 442.0588100   4.7868493   5.6926016
2013-03-15T12:03:00Z 121.7006250   1.3383333           2           1 106.5787195   1.6152083  10.9428571           5  10.9428571           5   7.9082251  52.3215663 442.8310200   4.8337379   5.6580330
2013-03-15T12:04:00Z 121.7008333   1.3344444           2           1 106.5789431   1.6140278  11.2857143           5  11.2857143           5   8.0318359  52.2149727 443.3904650   4.9211102   5.6278815
2013-03-15T12:05:00Z 121.7010417   1.3305556           2           1 106.5791667   1.6128472  11.6285714           5  11.6285714           5   8.1250547  52.4739534 443.8954100   4.9491497   5.6049524
2013-03-15T12:06:00Z 121.7012500   1.3266667           2           1 106.5793902   1.6116667  11.9714286           5  11.9714286           5   8.2825400  53.8414675 444.4120450   4.8868765   5.5766125
2013-03-15T12:07:00Z 121.7014583   1.3227778           2           1 106.5796138   1.6104861  12.3142857           5  12.3142857           5   8.4652496  54.7171286 445.2385900   4.8896434   5.5340885
2013-03-15T12:08:00Z 121.7016667   1.3188889           2           1 106.5798374   1.6093056  12.6571429           5  12.6571429           5   8.6442882  55.2759140 446.0482150   4.9240034   5.5181075
2013-03-15T12:09:00Z 121.7018750   1.3150000           2           1 106.5800610   1.6081250  13.0000000           5  13.0000000           5   8.6856237  55.2578259 446.5797200   4.9498026   5.4934594
2013-03-15T12:10:00Z 121.7020833   1.3111111           2           1 106.5802846   1.6069444  13.3428571           5  13.3428571           5   8.7224197  55.1661830 446.5138800   4.9822297   5.4470556
2013-03-15T12:11:00Z 121.7022917   1.3072222           2           1 106.5805081   1.6057639  13.6857143           5  13.6857143           5   8.7437095  54.9373676 446.4539600   5.0230123   5.4372854
2013-03-15T12:12:00Z 121.7025000   1.3033333           2           1 106.5807317   1.6045833  14.0285714           5  14.0285714           5   8.6375075  54.9926238 445.9691850   4.9551816   5.4590908
2013-03-15T12:13:00Z 121.7027083   1.2994444           2           1 106.5809553   1.6034028  14.3714286           5  14.3714286           5   8.7063177  55.0998513 445.9035400   4.9813023   5.4791539
2013-03-15T12:14:00Z 121.7029167   1.2955556           2           1 106.5811789   1.6022222  14.7142857           5  14.7142857           5   8.8632992  55.5500777 446.2175700   5.0138418   5.5016295
2013-03-15T12:15:00Z 121.7031250   1.2916667           2           1 106.5814024   1.6010417  15.0571429           5  15.0571429           5   8.9971443  56.8477341 446.4929650   4.9202315   5.4911257
2013-03-15T12:16:00Z 121.7033333   1.2877778           2           1 106.5816260   1.5998611  10.6000000           5  10.6000000           5   9.1676133  57.6609130 446.9094050   4.9040210   5.5028801
2013-03-15T12:17:00Z 121.7035417   1.2838889           2           1 106.5818496   1.5986806   8.9500000           4   8.9500000           4   9.2702338  58.2375186 447.1512650   4.8798432   5.4797169
2013-03-15T12:18:00Z 121.7037500   1.2800000           2           1 106.5820732   1.5975000   9.1000000           4   9.1000000           4   9.3095060  58.5665172 447.2247500   4.8549851   5.4400830
2013-03-15T12:19:00Z 121.7039583   1.2761111           2           1 106.5822967   1.5963194   9.2500000           4   9.2500000           4   9.3428364  58.6936310 447.4475700   4.8546695   5.3969978
2013-03-15T12:20:00Z 121.7041667   1.2722222           2           1 106.5825203   1.5951389   9.4000000           4   9.4000000           4   9.3696555  58.4911316 447.7533450   4.8968681   5.4051853
2013-03-15T12:21:00Z 121.7043750   1.2683333           2           1 106.5827439   1.5939583   9.5500000           4   9.5500000           4   9.3912065  58.4272422 448.1019750   4.9170562   5.4122202
2013-03-15T12:22:00Z 121.7045833   1.2644444           2           1 106.5829675   1.5927778   9.7000000           4   9.7000000           4   9.3792151  58.4121577 448.3629750   4.9128813   5.4004177
2013-03-15T12:23:00Z 121.7047917   1.2605556           2           1 106.5831911   1.5915972   9.8500000           4   9.8500000           4   9.3533773  58.2288498 448.3172250   4.9248131   5.4230796
2013-03-15T12:24:00Z 121.7050000   1.2566667           2           1 106.5834146   1.5904167  10.0000000           4  10.0000000           4   9.3215643  57.7751947 447.9843450   4.9706549   5.4506316
2013-03-15T12:25:00Z 121.7052083   1.2527778           2           1 106.5836382   1.5892361  10.1500000           4  10.1500000           4   9.3418860  57.5308218 447.7976650   5.0151526   5.4655404
2013-03-15T12:26:00Z 121.7054167   1.2488889           2           1 106.5838618   1.5880556  10.3000000           4  10.3000000           4   9.3563557  57.0869442 448.1080350   5.0839233   5.4756261
2013-03-15T12:27:00Z 121.7056250   1.2450000           2           1 106.5840854   1.5868750  10.4500000           4  10.4500000           4   9.3755945  57.4052663 448.3465800   5.0505704   5.4777235
2013-03-15T12:28:00Z 121.7058333   1.2411111           2           1 106.5843089   1.5856944   8.8000000           4   8.8000000           4   9.3820097  57.7092480 448.8710750   5.0120189   5.4532984
2013-03-15T12:29:00Z 121.7060417   1.2372222           2           1 106.5845325   1.5845139   7.9000000           4   7.9000000           4   9.3852129  58.2737915 449.5506700   4.9353153   5.4313563
2013-03-15T12:30:00Z 121.7062500   1.2333333           2           1 106.5847561   1.5833333   8.0000000           4   8.0000000           4   9.3911376  58.9526675 450.0857000   4.8434417   5.4574761
2013-03-15T12:31:00Z 121.7064583   1.2294444           2           1 106.5849797   1.5821528   8.1000000           4   8.1000000           4   9.4497389  59.8964805 450.5556800   4.7396477   5.4195650
2013-03-15T12:32:00Z 121.7066667   1.2255556           2           1 106.5852033   1.5809722   8.2000000           4   8.2000000           4   9.6401197  60.4195204 451.6564550   4.7588027   5.3601339
2013-03-15T12:33:00Z 121.7068750   1.2216667           2           1 106.5854268   1.5797917   8.3000000           4   8.3000000           4   9.6815226  60.9531631 452.2508650   4.7006157   5.3300979
2013-03-15T12:34:00Z 121.7070833   1.2177778           2           1 106.5856504   1.5786111   8.4000000           4   8.4000000           4   9.6996475  61.3566068 452.5748700   4.6495907   5.3220305
2013-03-15T12:35:00Z 121.7072917   1.2138889           2           1 106.5858740   1.5774306   8.5000000           4   8.5000000           4   9.7377846  60.8693257 453.0485450   4.7403838   5.3042035
2013-03-15T12:36:00Z 121.7075000   1.2100000           2           1 106.5860976   1.5762500   8.6000000           4   8.6000000           4   9.7574219  60.8906492 453.6470600   4.7467709   5.2865815
2013-03-15T12:37:00Z 121.7077083   1.2061111           2           1 106.5863211   1.5750694   8.7000000           4   8.7000000           4   9.7464806  61.0460652 454.0080300   4.7183325   5.2632534
2013-03-15T12:38:00Z 121.7079167   1.2022222           2           1 106.5865447   1.5738889   7.8000000           4   7.8000000           4   9.7098745  61.0609674 454.0132800   4.6984013   5.2697094
2013-03-15T12:39:00Z 121.7081250   1.1983333           2           1 106.5867683   1.5727083  18.8833333           5  18.8833333           5   9.6787944  61.0019652 454.0570300   4.6920823   5.2809979
2013-03-15T12:40:00Z 121.7083333   1.1944444           2           1 106.5869919   1.5715278  16.6666667           5  16.6666667           5   9.6599982  60.8589348 453.6038900   4.7040473   5.2476069
2013-03-15T12:41:00Z 121.7085417   1.1905556           2           1 106.5872154   1.5703472  14.4500000           5  14.4500000           5   9.6430669  60.5698408 453.4225650   4.7382393   5.2361490
2013-03-15T12:42:00Z 121.7087500   1.1866667           2           1 106.5874390   1.5691667  12.2333333           4  12.2333333           4   9.5883203  61.2145562 453.2969450   4.6170738   5.2431546
2013-03-15T12:43:00Z 121.7089583   1.1827778           2           1 106.5876626   1.5679861  10.0166667           4  10.0166667           4   9.5450024  62.5346883 453.0449450   4.4022649   5.1969962
2013-03-15T12:44:00Z 121.7091667   1.1788889           2           1 106.5878862   1.5668056  21.1000000           6  21.1000000           6   9.5295364  63.9473950 453.1864500   4.1853359   5.1387872
2013-03-15T12:45:00Z 121.7093750   1.1750000           2           1 106.5881098   1.5656250  13.9750000           5  13.9750000           5   9.5138890  65.1147616 453.3197900   4.0034646   5.0826152
2013-03-15T12:46:00Z 121.7095833   1.1711111           2           1 106.5883333   1.5644444  16.3500000           5  16.3500000           5   9.4847617  65.8012522 453.0747250   3.8878332   5.0342143
2013-03-15T12:47:00Z 121.7097917   1.1672222           2           1 106.5885569   1.5632639  18.7250000           5  18.7250000           5   9.4462713  66.8918317 453.0763900   3.7073615   5.0093716
2013-03-15T12:48:00Z 121.7100000   1.1633333           2           1 106.5887805   1.5620833  11.6000000           5  11.6000000           5   9.3935417  68.3594970 453.2617250   3.4641665   4.9567835
2013-03-15T12:49:00Z 121.7102083   1.1594444           2           1 106.5890041   1.5609028  17.9750000           5  17.9750000           5   9.3565492  68.8820458 453.0806750   3.3710631   4.9253273
2013-03-15T12:50:00Z 121.7104167   1.1555556           2           1 106.5892276   1.5597222  15.8500000           5  15.8500000           5   9.3235683  69.3913303 453.0546200   3.2817402   4.8879955
2013-03-15T12:51:00Z 121.7106250   1.1516667           2           1 106.5894512   1.5585417  13.7250000           5  13.7250000           5   9.2797732  70.1069594 452.9547350   3.1575851   4.8723713
2013-03-15T12:52:00Z 121.7108333   1.1477778           2           1 106.5896748   1.5573611  20.1000000           6  20.1000000           6   9.2380460  70.3640306 452.6220200   3.1043799   4.8467700
2013-03-15T12:53:00Z 121.7110417   1.1438889           2           1 106.5898984   1.5561806  11.6625000           5  11.6625000           5   9.1377309  70.9554681 452.3049550   2.9816684   4.8301755
2013-03-15T12:54:00Z 121.7112500   1.1400000           2           1 106.5901220   1.5550000  12.2250000           5  12.2250000           5   9.0659156  70.8183875 451.8426600   2.9787295   4.7969375
2013-03-15T12:55:00Z 121.7114583   1.1361111           2           1 106.5903455   1.5538194  12.7875000           5  12.7875000           5   8.9108338  69.5000197 451.4670750   3.1206369   4.7296880
2013-03-15T12:56:00Z 121.7116667   1.1322222           2           1 106.5905691   1.5526389  13.3500000           5  13.3500000           5   8.7769754  69.5209663 451.3212800   3.0707530   4.6917970
2013-03-15T12:57:00Z 121.7118750   1.1283333           2           1 106.5907927   1.5514583  13.9125000           5  13.9125000           5   8.6564843  70.6280798 450.9719650   2.8713457   4.6110271
2013-03-15T12:58:00Z 121.7120833   1.1244444           2           1 106.5910163   1.5502778  14.4750000           5  14.4750000           5   8.5830598  71.5087530 450.5934350   2.7222013   4.6368437
2013-03-15T12:59:00Z 121.7122917   1.1205556           2           1 106.5912398   1.5490972  15.0375000           5  15.0375000           5   8.4907745  72.3226490 449.6633700   2.5782784   4.6102387
2013-03-15T13:00:00Z 121.7125000   1.1166667           2           1 106.5914634   1.5479167  15.6000000           5  15.6000000           5   8.4008603  73.4312014 449.1564150   2.3956435   4.6017935
2013-03-15T13:01:00Z 121.7127083   1.1127778           2           1 106.5916870   1.5467361  16.1625000           5  16.1625000           5   8.2981195  74.2782687 448.2352000   2.2485046   4.5873075
2013-03-15T13:02:00Z 121.7129167   1.1088889           2           1 106.5919106   1.5455556  16.7250000           5  16.7250000           5   8.1762337  73.6041753 447.4957700   2.3079181   4.5629806
2013-03-15T13:03:00Z 121.7131250   1.1050000           2           1 106.5921341   1.5443750  17.2875000           5  17.2875000           5   8.0178883  71.7195118 447.0907850   2.5149639   4.5410614
2013-03-15T13:04:00Z 121.7133333   1.1011111           2           1 106.5923577   1.5431944  17.8500000           5  17.8500000           5   7.8910039  69.5404019 446.6527850   2.7582752   4.5263427
2013-03-15T13:05:00Z 121.7135417   1.0972222           2           1 106.5925813   1.5420139  18.4125000           5  18.4125000           5   7.7406027  67.3080835 446.3044000   2.9861378   4.5426816
2013-03-15T13:06:00Z 121.7137500   1.0933333           2           1 106.5928049   1.5408333  18.9750000           5  18.9750000           5   7.6003326  65.6410251 445.9629800   3.1347743   4.5570092
2013-03-15T13:07:00Z 121.7139583   1.0894444           2           1 106.5930285   1.5396528  19.5375000           5  19.5375000           5   7.4903140  63.2008122 445.2184950   3.3771196   4.5464708
2013-03-15T13:08:00Z 121.7141667   1.0855556           2           1 106.5932520   1.5384722  11.1000000           5  11.1000000           5   7.4245679  60.5351557 444.1792300   3.6520665   4.5665334
2013-03-15T13:09:00Z 121.7143750   1.0816667           2           1 106.5934756   1.5372917  11.2818182           5  11.2818182           5   7.3671033  59.1248179 443.4069600   3.7805730   4.5942481
2013-03-15T13:10:00Z 121.7145833   1.0777778           2           1 106.5936992   1.5361111  11.2636364           5  11.2636364           5   7.3014579  57.8002054 442.6263550   3.8907516   4.6122005
2013-03-15T13:11:00Z 121.7147917   1.0738889           2           1 106.5939228   1.5349306  11.2454545           5  11.2454545           5   7.2518998  56.1225123 442.0148700   4.0423463   4.6355802
2013-03-15T13:12:00Z 121.7150000   1.0700000           2           1 106.5941463   1.5337500  11.2272727           5  11.2272727           5   7.1945553  55.3499169 441.6200400   4.0905583   4.6593921
2013-03-15T13:13:00Z 121.7152083   1.0661111           2           1 106.5943699   1.5325694  11.2090909           5  11.2090909           5   7.2146661  54.4714972 441.3213150   4.1924993   4.6852443
2013-03-15T13:14:00Z 121.7154167   1.0622222           2           1 106.5945935   1.5313889  11.1909091           5  11.1909091           5   7.1741052  54.2698908 441.3997200   4.1894471   4.7075705
2013-03-15T13:15:00Z 121.7156250   1.0583333           2           1 106.5948171   1.5302083  11.1727273           5  11.1727273           5   7.1365013  55.9157777 441.3377450   3.9993735   4.7811504
2013-03-15T13:16:00Z 121.7158333   1.0544444           2           1 106.5950407   1.5290278  11.1545455           5  11.1545455           5   7.1479073  55.7533101 440.6600450   4.0225361   4.8092583
2013-03-15T13:17:00Z 121.7160417   1.0505556           2           1 106.5952642   1.5278472  11.1363636           5  11.1363636           5   7.2168509  54.0916760 440.5250550   4.2326112   4.8885113
2013-03-15T13:18:00Z 121.7162500   1.0466667           2           1 106.5954878   1.5266667  11.1181818           5  11.1181818           5   7.2476443  53.0988338 440.5808200   4.3517502   4.8618489
2013-03-15T13:19:00Z 121.7164583   1.0427778           2           1 106.5957114   1.5254861  11.3000000           5  11.3000000           5   7.2782749  52.6905487 440.9464950   4.4115052   4.8545760
2013-03-15T13:20:00Z 121.7166667   1.0388889           2           1 106.5959350   1.5243056   6.0800000           3   6.0800000           3   7.3016149  52.6054000 441.2485250   4.4342778   4.8519274
2013-03-15T13:21:00Z 121.7168750   1.0350000           2           1 106.5961585   1.5231250   6.6600000           3   6.6600000           3   7.3239272  52.0385111 441.7671050   4.5051797   4.8520732
2013-03-15T13:22:00Z 121.7170833   1.0311111           2           1 106.5963821   1.5219444   7.2400000           3   7.2400000           3   7.3443895  50.5379539 442.3087750   4.6678512   4.8613169
2013-03-15T13:23:00Z 121.7172917   1.0272222           2           1 106.5966057   1.5207639   7.8200000           3   7.8200000           3   7.3722185  49.3276215 443.1114400   4.8047169   4.8884389
2013-03-15T13:24:00Z 121.7175000   1.0233333           2           1 106.5968293   1.5195833   8.4000000           4   8.4000000           4   7.3640747  48.9177606 443.3687450   4.8392400   4.8836227
2013-03-15T13:25:00Z 121.7177083   1.0194444           2           1 106.5970528   1.5184028   8.9800000           4   8.9800000           4   7.3557035  48.8507554 442.9958000   4.8402197   4.8254953
2013-03-15T13:26:00Z 121.7179167   1.0155556           2           1 106.5972764   1.5172222   9.5600000           4   9.5600000           4   7.3762469  48.4563890 442.8710650   4.8918527   4.8019528
2013-03-15T13:27:00Z 121.7181250   1.0116667           2           1 106.5975000   1.5160417  10.1400000           4  10.1400000           4   7.3860934  47.9206579 442.3372950   4.9498574   4.7922332
2013-03-15T13:28:00Z 121.7183333   1.0077778           2           1 106.5977236   1.5148611  10.7200000           4  10.7200000           4   7.4009877  47.1866408 442.5085750   5.0298027   4.7998618
2013-03-15T13:29:00Z 121.7185417   1.0038889           2           1 106.5979472   1.5136806   5.5000000           3   5.5000000           3   7.4033957  46.0335948 442.3762600   5.1397074   4.7704949
2013-03-15T13:30:00Z 121.7187500   1.0000000           2           1 106.5981707   1.5125000   9.1000000           4   9.1000000           4   7.4193872  45.6594010 442.4514400   5.1855747   4.7374532
2013-03-15T13:31:00Z 121.7189583   0.9959259           2           1 106.5983943   1.5115278   8.2000000           4   8.2000000           4   7.3810287  44.2199356 443.0405400   5.2897471   4.7072115
2013-03-15T13:32:00Z 121.7191667   0.9918519           2           1 106.5986179   1.5105556   7.3000000           3   7.3000000           3   7.3548559  42.6789484 441.9997950   5.4070232   4.6372612
2013-03-15T13:33:00Z 121.7193750   0.9877778           2           1 106.5988415   1.5095833   6.4000000           3   6.4000000           3   7.3426868  41.9195480 441.9591450   5.4635732   4.6224600
2013-03-15T13:34:00Z 121.7195833   0.9837037           2           1 106.5990650   1.5086111  10.0000000           5  10.0000000           5   7.3452586  41.4374683 441.5260900   5.5065820   4.5599847
2013-03-15T13:35:00Z 121.7197917   0.9796296           2           1 106.5992886   1.5076389   4.6400000           2   4.6400000           2   7.3609606  40.8781387 442.4371350   5.5656461   4.5047881
2013-03-15T13:36:00Z 121.7200000   0.9755556           2           1 106.5995122   1.5066667   5.9800000           3   5.9800000           3   7.3721625  40.2653940 443.4827800   5.6253938   4.5050116
2013-03-15T13:37:00Z 121.7202083   0.9714815           2           1 106.5997358   1.5056944   7.3200000           3   7.3200000           3   7.3652752  39.3212760 444.1585700   5.6978134   4.5056535
2013-03-15T13:38:00Z 121.7204167   0.9674074           2           1 106.5999593   1.5047222   8.6600000           4   8.6600000           4   7.3546030  39.4783850 444.4613900   5.6767569   4.5075715
2013-03-15T13:39:00Z 121.7206250   0.9633333           2           1 106.6001829   1.5037500   3.3000000           2   3.3000000           2   7.3600643  39.6151643 444.0627650   5.6697851   4.5284913
2013-03-15T13:40:00Z 121.7208333   0.9592593           2           1 106.6004065   1.5027778  10.1666667           3  10.1666667           3   7.3783796  39.2761068 444.0829700   5.7116352   4.5286623
2013-03-15T13:41:00Z 121.7210417   0.9551852           2           1 106.6006301   1.5018056   6.7333333           3   6.7333333           3   7.3906326  39.0575863 444.3653500   5.7389227   4.5193652
2013-03-15T13:42:00Z 121.7212500   0.9511111           2           1 106.6008537   1.5008333  13.6000000           5  13.6000000           5   7.3717557  39.5015359 443.5290650   5.6881022   4.4990003
2013-03-15T13:43:00Z 121.7214583   0.9470370           2           1 106.6010772   1.4998611   6.5687500           3   6.5687500           3   7.3385526  40.4233635 443.3560850   5.5866490   4.4878998
2013-03-15T13:44:00Z 121.7216667   0.9429630           2           1 106.6013008   1.4988889   7.0375000           3   7.0375000           3   7.3166187  40.9863153 443.5690900   5.5230685   4.5016752
2013-03-15T13:45:00Z 121.7218750   0.9388889           2           1 106.6015244   1.4979167   7.5062500           3   7.5062500           3   7.2980293  41.6041671 444.3289250   5.4570999   4.5430549
2013-03-15T13:46:00Z 121.7220833   0.9348148           2           1 106.6017480   1.4969444   7.9750000           3   7.9750000           3   7.2768449  42.5052726 444.8257350   5.3646004   4.5490288
2013-03-15T13:47:00Z 121.7222917   0.9307407           2           1 106.6019715   1.4959722   8.4437500           3   8.4437500           3   7.2666135  43.2728694 444.4200450   5.2908025   4.5561661
2013-03-15T13:48:00Z 121.7225000   0.9266667           2           1 106.6021951   1.4950000   8.9125000           3   8.9125000           3   7.2439766  44.1226563 445.5533000   5.2000963   4.5350438
2013-03-15T13:49:00Z 121.7227083   0.9225926           2           1 106.6024187   1.4940278   9.3812500           3   9.3812500           3   7.2107314  45.8586468 445.7304550   5.0217763   4.5677335
2013-03-15T13:50:00Z 121.7229167   0.9185185           2           1 106.6026423   1.4930556   9.8500000           4   9.8500000           4   7.1665663  47.2193786 446.0408450   4.8674824   4.5666301
2013-03-15T13:51:00Z 121.7231250   0.9144444           2           1 106.6028659   1.4920833  10.3187500           4  10.3187500           4   7.1882373  49.7901483 445.9516700   4.6406470   4.5539285
2013-03-15T13:52:00Z 121.7233333   0.9103704           2           1 106.6030894   1.4911111  10.7875000           4  10.7875000           4   7.2308330  51.4853379 448.6720500   4.5027473   4.6955086
2013-03-15T13:53:00Z 121.7235417   0.9062963           2           1 106.6033130   1.4901389  11.2562500           4  11.2562500           4   7.2453674  52.4928846 449.1730100   4.4114140   4.6895079
2013-03-15T13:54:00Z 121.7237500   0.9022222           2           1 106.6035366   1.4891667  11.7250000           4  11.7250000           4   7.2467425  53.3737611 449.4056150   4.3233520   4.7105710
2013-03-15T13:55:00Z 121.7239583   0.8981481           2           1 106.6037602   1.4881944  12.1937500           4  12.1937500           4   7.2634228  54.3465396 448.5787550   4.2337140   4.7466575
2013-03-15T13:56:00Z 121.7241667   0.8940741           2           1 106.6039837   1.4872222  12.6625000           4  12.6625000           4   7.2646991  55.1166235 447.6275250   4.1547388   4.7686699
2013-03-15T13:57:00Z 121.7243750   0.8900000           2           1 106.6042073   1.4862500  13.1312500           4  13.1312500           4   7.2825146  56.1760792 446.8764150   4.0537572   4.7697658
2013-03-15T13:58:00Z 121.7245833   0.8859259           2           1 106.6044309   1.4852778   6.1000000           3   6.1000000           3   7.2561956  56.0234127 447.3869400   4.0551545   4.7843417
2013-03-15T13:59:00Z 121.7247917   0.8818519           2           1 106.6046545   1.4843056  10.4636364           4  10.4636364           4   7.2183436  55.9673997 448.2069400   4.0398508   4.8230889
2013-03-15T14:00:00Z 121.7250000   0.8777778           2           1 106.6048780   1.4833333  10.0272727           4  10.0272727           4   7.1940963  56.0459086 448.7094700   4.0181075   4.8439901
2013-03-15T14:01:00Z 121.7252083   0.8737037           2           1 106.6051016   1.4823611   9.5909091           4   9.5909091           4   7.1741273  57.1077735 448.3830900   3.8959854   4.8406208
2013-03-15T14:02:00Z 121.7254167   0.8696296           2           1 106.6053252   1.4813889   9.1545455           4   9.1545455           4   7.2131110  58.6764393 448.7240900   3.7498832   4.8196592
2013-03-15T14:03:00Z 121.7256250   0.8655556           2           1 106.6055488   1.4804167   8.7181818           4   8.7181818           4   7.2274675  59.8046043 448.8788150   3.6350583   4.8566872
2013-03-15T14:04:00Z 121.7258333   0.8614815           2           1 106.6057724   1.4794444   8.2818182           3   8.2818182           3   7.2243649  60.8289010 448.4773150   3.5212947   4.8923143
2013-03-15T14:05:00Z 121.7260417   0.8574074           2           1 106.6059959   1.4784722   7.8454545           3   7.8454545           3   7.1624071  61.2824029 448.6307800   3.4414855   4.9138504
2013-03-15T14:06:00Z 121.7262500   0.8533333           2           1 106.6062195   1.4775000   7.4090909           3   7.4090909           3   7.0399980  61.2742366 448.2919300   3.3835488   4.9333505
2013-03-15T14:07:00Z 121.7264583   0.8492593           2           1 106.6064431   1.4765278   6.9727273           3   6.9727273           3   6.9776994  61.7119940 449.3583450   3.3067588   4.9475812
2013-03-15T14:08:00Z 121.7266667   0.8451852           2           1 106.6066667   1.4755556   6.5363636           3   6.5363636           3   6.8933892  61.8627339 448.5729150   3.2508226   4.9935935
2013-03-15T14:09:00Z 121.7268750   0.8411111           2           1 106.6068902   1.4745833  10.9000000           5  10.9000000           5   6.7699543  61.1974860 447.9864550   3.2617106   4.9706811
2013-03-15T14:10:00Z 121.7270833   0.8370370           2           1 106.6071138   1.4736111   6.9000000           4   6.9000000           4   6.6290378  59.9544244 447.1733700   3.3190844   4.9848264
2013-03-15T14:11:00Z 121.7272917   0.8329630           2           1 106.6073374   1.4726389   7.3000000           4   7.3000000           4   6.4950179  58.6217487 446.8652850   3.3818623   5.0308528
2013-03-15T14:12:00Z 121.7275000   0.8288889           2           1 106.6075610   1.4716667   7.7000000           4   7.7000000           4   6.3458898  57.9489094 445.6036250   3.3676067   4.9579263
2013-03-15T14:13:00Z 121.7277083   0.8248148           2           1 106.6077846   1.4706944   8.1000000           4   8.1000000           4   6.1724079  56.9822610 445.6853600   3.3633368   4.9621141
2013-03-15T14:14:00Z 121.7279167   0.8207407           2           1 106.6080081   1.4697222   8.5000000           4   8.5000000           4   5.9888789  56.0904105 445.9563300   3.3410998   4.9939362
2013-03-15T14:15:00Z 121.7281250   0.8166667           2           1 106.6082317   1.4687500   8.9000000           4   8.9000000           4   5.7780843  55.0296093 445.8293750   3.3117265   4.9903737
2013-03-15T14:16:00Z 121.7283333   0.8125926           2           1 106.6084553   1.4677778   9.3000000           4   9.3000000           4   5.4382225  53.9515518 446.0942550   3.2002260   4.9944686
2013-03-15T14:17:00Z 121.7285417   0.8085185           2           1 106.6086789   1.4668056   9.7000000           4   9.7000000           4   5.1143693  52.7657875 446.0002400   3.0945751   4.9778579
2013-03-15T14:18:00Z 121.7287500   0.8044444           2           1 106.6089024   1.4658333  10.1000000           4  10.1000000           4   4.8116098  51.4725376 445.6680900   2.9971021   5.0003248
2013-03-15T14:19:00Z 121.7289583   0.8003704           2           1 106.6091260   1.4648611  10.5000000           4  10.5000000           4   4.5260927  49.8253664 445.7874850   2.9198705   5.2082502
2013-03-15T14:20:00Z 121.7291667   0.7962963           2           1 106.6093496   1.4638889   6.5000000           4   6.5000000           4   4.2705297  47.7204390 445.5755350   2.8729930   5.2247689
2013-03-15T14:21:00Z 121.7293750   0.7922222           2           1 106.6095732   1.4629167   9.9400000           4   9.9400000           4   4.0434279  44.8531841 445.5703900   2.8664522   5.2298310
2013-03-15T14:22:00Z 121.7295833   0.7881481           2           1 106.6097967   1.4619444   9.0800000           4   9.0800000           4   3.8100124  41.8206938 445.2601750   2.8393554   5.2145110
2013-03-15T14:23:00Z 121.7297917   0.7840741           2           1 106.6100203   1.4609722   8.2200000           4   8.2200000           4   3.6102581  38.8634845 445.5147200   2.8111029   5.1709344
2013-03-15T14:24:00Z 121.7300000   0.7800000           2           1 106.6102439   1.4600000   7.3600000           4   7.3600000           4   3.4435088  35.2084413 446.9287000   2.8135531   5.1511072
2013-03-15T14:25:00Z 121.7302083   0.7759259           2           1 106.6104675   1.4590278  10.8000000           5  10.8000000           5   3.5129665  36.6182545 446.4412850   2.8196034   5.1100668
2013-03-15T14:26:00Z 121.7304167   0.7718519           2           1 106.6106911   1.4580556   7.1250000           3   7.1250000           3   3.4170476  35.7280703 447.2206400   2.7739508   5.1607781
2013-03-15T14:27:00Z 121.7306250   0.7677778           2           1 106.6109146   1.4570833   8.3500000           4   8.3500000           4   3.2797762  33.5969812 447.6210000   2.7318908   5.1878328
2013-03-15T14:28:00Z 121.7308333   0.7637037           2           1 106.6111382   1.4561111   9.5750000           4   9.5750000           4   3.1893631  31.8121863 447.3631450   2.7102589   5.1548738
2013-03-15T14:29:00Z 121.7310417   0.7596296           2           1 106.6113618   1.4551389   5.9000000           3   5.9000000           3   3.1231068  29.9690806 447.8416950   2.7055321   5.1706258
2013-03-15T14:30:00Z 121.7312500   0.7555556           2           1 106.6115854   1.4541667  11.0333333           4  11.0333333           4   3.0652057  28.3775651 447.7531700   2.6968745   5.1882004
2013-03-15T14:31:00Z 121.7314583   0.7514815           2           1 106.6118089   1.4531944   8.4666667           3   8.4666667           3   3.0019886  26.8353041 448.0033250   2.6786979   5.1862815
2013-03-15T14:32:00Z 121.7316667   0.7474074           2           1 106.6120325   1.4522222  13.6000000           5  13.6000000           5   2.9641006  25.4047654 448.3409900   2.6774709   5.2104503
2013-03-15T14:33:00Z 121.7318750   0.7433333           2           1 106.6122561   1.4512500   5.4117647           3   5.4117647           3   2.9064685  24.5847029 448.1851800   2.6429891   5.2032783
2013-03-15T14:34:00Z 121.7320833   0.7392593           2           1 106.6124797   1.4502778   5.9235294           3   5.9235294           3   2.8076910  22.9209175 448.1993900   2.5860049   5.1782387
2013-03-15T14:35:00Z 121.7322917   0.7351852           2           1 106.6127033   1.4493056   6.4352941           3   6.4352941           3   2.8715847  24.1101177 448.0332100   2.6210735   5.1321208
2013-03-15T14:36:00Z 121.7325000   0.7311111           2           1 106.6129268   1.4483333   6.9470588           3   6.9470588           3   3.1153667  27.3091845 447.8952350   2.7681394   5.0946726
2013-03-15T14:37:00Z 121.7327083   0.7270370           2           1 106.6131504   1.4473611   7.4588235           3   7.4588235           3   3.3522188  29.7411047 447.8053900   2.9106506   5.0545359
2013-03-15T14:38:00Z 121.7329167   0.7229630           2           1 106.6133740   1.4463889   7.9705882           3   7.9705882           3   3.5962102  31.6982057 447.8922800   3.0597548   4.9861441
2013-03-15T14:39:00Z 121.7331250   0.7188889           2           1 106.6135976   1.4454167   8.4823529           3   8.4823529           3   3.8450379  33.1724279 447.7033100   3.2184033   4.7356930
2013-03-15T14:40:00Z 121.7333333   0.7148148           2           1 106.6138211   1.4444444   8.9941176           3   8.9941176           3   4.0709684  34.7359827 447.7615200   3.3454663   4.7030680
2013-03-15T14:41:00Z 121.7335417   0.7107407           2           1 106.6140447   1.4434722   9.5058824           4   9.5058824           4   4.2838941  36.2081554 448.1182150   3.4565723   4.7055255
2013-03-15T14:42:00Z 121.7337500   0.7066667           2           1 106.6142683   1.4425000  10.0176471           4  10.0176471           4   4.4843804  37.3861043 448.8005600   3.5631178   4.7414325
2013-03-15T14:43:00Z 121.7339583   0.7025926           2           1 106.6144919   1.4415278  10.5294118           4  10.5294118           4   4.6764878  38.6903787 448.0999900   3.6501642   4.7381829
2013-03-15T14:44:00Z 121.7341667   0.6985185           2           1 106.6147154   1.4405556  11.0411765           4  11.0411765           4   4.8610558  40.5298886 446.8218950   3.6947285   4.7108715
2013-03-15T14:45:00Z 121.7343750   0.6944444           2           1 106.6149390   1.4395833  11.5529412           4  11.5529412           4   4.8185210  40.0440525 446.9129650   3.6888187   4.7088618
2013-03-15T14:46:00Z 121.7345833   0.6903704           2           1 106.6151626   1.4386111  12.0647059           4  12.0647059           4   4.9716140  41.4868030 446.5734850   3.7242774   4.6573516
2013-03-15T14:47:00Z 121.7347917   0.6862963           2           1 106.6153862   1.4376389  12.5764706           4  12.5764706           4   5.1415817  42.6276440 446.5278600   3.7830238   4.6305749
2013-03-15T14:48:00Z 121.7350000   0.6822222           2           1 106.6156098   1.4366667  13.0882353           4  13.0882353           4   5.3022633  43.5179860 446.7764250   3.8449800   4.6350278
2013-03-15T14:49:00Z 121.7352083   0.6781481           2           1 106.6158333   1.4356944   4.9000000           3   4.9000000           3   5.4883788  44.7177161 446.8008000   3.8999429   4.6051374
2013-03-15T14:50:00Z 121.7354167   0.6740741           2           1 106.6160569   1.4347222   8.6272727           3   8.6272727           3   5.5858870  46.0640796 447.4715150   3.8757869   4.5182551
2013-03-15T14:51:00Z 121.7356250   0.6700000           2           1 106.6162805   1.4337500   8.2545455           3   8.2545455           3   5.6720831  47.3414790 446.6086800   3.8435593   4.4701037
2013-03-15T14:52:00Z 121.7358333   0.6659259           2           1 106.6165041   1.4327778   7.8818182           3   7.8818182           3   5.7392453  48.2587691 444.9863250   3.8210029   4.3996168
2013-03-15T14:53:00Z 121.7360417   0.6618519           2           1 106.6167276   1.4318056   7.5090909           3   7.5090909           3   5.9577944  48.5129079 444.6299000   3.9467487   4.4112092
2013-03-15T14:54:00Z 121.7362500   0.6577778           2           1 106.6169512   1.4308333   7.1363636           3   7.1363636           3   6.2734323  48.6932133 444.7457350   4.1410340   4.4110781
2013-03-15T14:55:00Z 121.7364583   0.6537037           2           1 106.6171748   1.4298611   6.7636364           3   6.7636364           3   6.4052119  48.1206601 445.3781000   4.2758897   4.4521240
2013-03-15T14:56:00Z 121.7366667   0.6496296           2           1 106.6173984   1.4288889   6.3909091           3   6.3909091           3   6.4450362  47.9014532 445.5944050   4.3208026   4.4333853
2013-03-15T14:57:00Z 121.7368750   0.6455556           2           1 106.6176220   1.4279167   6.0181818           3   6.0181818           3   6.5299073  47.2418621 446.0258450   4.4331870   4.4358480
2013-03-15T14:58:00Z 121.7370833   0.6414815           2           1 106.6178455   1.4269444   5.6454545           3   5.6454545           3   6.6070456  47.0539243 445.8916250   4.5014445   4.4441016
2013-03-15T14:59:00Z 121.7372917   0.6374074           2           1 106.6180691   1.4259722   5.2727273           3   5.2727273           3   6.6608210  47.1168902 445.6142850   4.5327213   4.4238535
2013-03-15T15:00:00Z 121.7375000   0.6333333           2           1 106.6182927   1.4250000   9.0000000           4   9.0000000           4   6.7265463  46.7484222 445.4367550   4.6090501   4.4043336
2013-03-15T15:01:00Z 121.7377083   0.6292593           2           1 106.6185163   1.4240278   5.6700000           3   5.6700000           3   6.7976316  46.5733265 445.7629150   4.6728666   4.3972027
2013-03-15T15:02:00Z 121.7379167   0.6251852           2           1 106.6187398   1.4230556   6.0400000           3   6.0400000           3   6.8577563  46.0143595 446.1689650   4.7625614   4.3930745
2013-03-15T15:03:00Z 121.7381250   0.6211111           2           1 106.6189634   1.4220833   6.4100000           3   6.4100000           3   6.9235290  45.4381744 446.4970950   4.8580914   4.3856953
2013-03-15T15:04:00Z 121.7383333   0.6170370           2           1 106.6191870   1.4211111   6.7800000           3   6.7800000           3   6.9886654  44.8324962 447.0024800   4.9561587   4.3785377
2013-03-15T15:05:00Z 121.7385417   0.6129630           2           1 106.6194106   1.4201389   7.1500000           3   7.1500000           3   7.0650079  44.1658966 447.4729100   5.0679100   4.3888745
2013-03-15T15:06:00Z 121.7387500   0.6088889           2           1 106.6196341   1.4191667   7.5200000           3   7.5200000           3   7.1507512  43.5909643 447.5018750   5.1791504   4.3749040
2013-03-15T15:07:00Z 121.7389583   0.6048148           2           1 106.6198577   1.4181944   7.8900000           3   7.8900000           3   7.2370871  43.2539862 447.4849600   5.2709392   4.3539124
2013-03-15T15:08:00Z 121.7391667   0.6007407           2           1 106.6200813   1.4172222   8.2600000           3   8.2600000           3   7.3097104  43.1067998 448.0532600   5.3366820   4.3244034
2013-03-15T15:09:00Z 121.7393750   0.5966667           2           1 106.6203049   1.4162500   8.6300000           3   8.6300000           3   7.3587587  42.7717987 448.8439400   5.4018014   4.3524190
2013-03-15T15:10:00Z 121.7395833   0.5925926           2           1 106.6205285   1.4152778   5.3000000           3   5.3000000           3   7.4904690  42.0499804 449.3839000   5.5621290   4.4231006
2013-03-15T15:11:00Z 121.7397917   0.5885185           2           1 106.6207520   1.4143056   5.6200000           3   5.6200000           3   7.6530595  41.7608472 450.3427050   5.7086566   4.4419982
2013-03-15T15:12:00Z 121.7400000   0.5844444           2           1 106.6209756   1.4133333   5.5400000           3   5.5400000           3   7.8195616  41.6635026 451.7034450   5.8416956   4.4660877
2013-03-15T15:13:00Z 121.7402083   0.5803704           2           1 106.6211992   1.4123611   5.4600000           3   5.4600000           3   7.8600949  41.9827274 452.1455750   5.8427741   4.4475493
2013-03-15T15:14:00Z 121.7404167   0.5762963           2           1 106.6214228   1.4113889   5.3800000           3   5.3800000           3   7.8729665  42.3734370 452.0002550   5.8162947   4.4363497
2013-03-15T15:15:00Z 121.7406250   0.5722222           2           1 106.6216463   1.4104167   5.7000000           3   5.7000000           3   7.8847611  42.9173223 451.7788900   5.7743028   4.4121077
2013-03-15T15:16:00Z 121.7408333   0.5681481           2           1 106.6218699   1.4094444   6.1500000           3   6.1500000           3   7.9336609  43.4534811 452.3121300   5.7593064   4.4468041
2013-03-15T15:17:00Z 121.7410417   0.5640741           2           1 106.6220935   1.4084722   6.0000000           3   6.0000000           3   7.9443210  44.5410925 453.2233750   5.6622956   4.4824711
2013-03-15T15:18:00Z 121.7412500   0.5600000           2           1 106.6223171   1.4075000   5.8500000           3   5.8500000           3   7.9636651  45.3891323 454.0157500   5.5927872   4.4747156
2013-03-15T15:19:00Z 121.7414583   0.5559259           2           1 106.6225407   1.4065278   6.3000000           4   6.3000000           4   7.9944029  46.0077238 454.5199800   5.5526036   4.4671884
2013-03-15T15:20:00Z 121.7416667   0.5518519           2           1 106.6227642   1.4055556   8.5000000           4   8.5000000           4   8.0104751  46.8498270 454.6614550   5.4784673   4.4565441
2013-03-15T15:21:00Z 121.7418750   0.5477778           2           1 106.6229878   1.4045833   7.4000000           4   7.4000000           4   8.0243567  47.3588777 454.4874600   5.4357322   4.4536623
2013-03-15T15:22:00Z 121.7420833   0.5437037           2           1 106.6232114   1.4036111   9.6000000           4   9.6000000           4   8.0565673  48.4702116 453.6476050   5.3415794   4.3982569
2013-03-15T15:23:00Z 121.7422917   0.5396296           2           1 106.6234350   1.4026389   8.3722222           4   8.3722222           4   8.0847313  49.6978897 454.3645450   5.2293487   4.4061478
2013-03-15T15:24:00Z 121.7425000   0.5355556           2           1 106.6236585   1.4016667   8.4444444           4   8.4444444           4   8.0970302  50.2949756 454.2109800   5.1726686   4.4573541
2013-03-15T15:25:00Z 121.7427083   0.5314815           2           1 106.6238821   1.4006944   8.5166667           4   8.5166667           4   8.1179394  50.9485217 454.3846050   5.1144510   4.4650971
2013-03-15T15:26:00Z 121.7429167   0.5274074           2           1 106.6241057   1.3997222   8.5888889           4   8.5888889           4   8.1383778  51.9793432 455.0697400   5.0127974   4.4357721
2013-03-15T15:27:00Z 121.7431250   0.5233333           2           1 106.6243293   1.3987500   8.6611111           4   8.6611111           4   8.1576252  53.1124693 454.9870400   4.8965833   4.4085059
2013-03-15T15:28:00Z 121.7433333   0.5192593           2           1 106.6245528   1.3977778   8.7333333           4   8.7333333           4   8.1755364  54.3169885 454.7767900   4.7687936   4.4066109
2013-03-15T15:29:00Z 121.7435417   0.5151852           2           1 106.6247764   1.3968056   8.8055556           4   8.8055556           4   8.1911124  55.4885766 454.8303850   4.6408430   4.3459300
2013-03-15T15:30:00Z 121.7437500   0.5111111           2           1 106.6250000   1.3958333   8.8777778           4   8.8777778           4   8.2118886  56.9485201 454.7072200   4.4787013   4.2691150
2013-03-15T15:31:00Z 121.7439583   0.5070370           2           1 106.6252236   1.3948611   8.9500000           4   8.9500000           4   8.1971455  56.5798474 454.4755350   4.5147775   4.2588007
2013-03-15T15:32:00Z 121.7441667   0.5029630           2           1 106.6254472   1.3938889   9.0222222           4   9.0222222           4   8.1889186  56.4346971 454.7926050   4.5275471   4.2636811
2013-03-15T15:33:00Z 121.7443750   0.4988889           2           1 106.6256707   1.3929167   9.0944444           4   9.0944444           4   8.1752301  57.2341105 454.7262900   4.4244974   4.2799393
2013-03-15T15:34:00Z 121.7445833   0.4948148           2           1 106.6258943   1.3919444   9.1666667           4   9.1666667           4   8.1630224  58.1594694 454.9328550   4.3064586   4.3178537
2013-03-15T15:35:00Z 121.7447917   0.4907407           2           1 106.6261179   1.3909722   9.2388889           4   9.2388889           4   8.1569318  59.3650242 455.0005950   4.1565013   4.3243972
2013-03-15T15:36:00Z 121.7450000   0.4866667           2           1 106.6263415   1.3900000   9.3111111           4   9.3111111           4   8.1334119  60.6128836 455.2105150   3.9911290   4.3163402
2013-03-15T15:37:00Z 121.7452083   0.4825926           2           1 106.6265650   1.3890278   9.3833333           4   9.3833333           4   8.1040967  61.8069243 455.1800300   3.8287340   4.2997787
2013-03-15T15:38:00Z 121.7454167   0.4785185           2           1 106.6267886   1.3880556   9.4555556           4   9.4555556           4   8.0742664  63.0125046 455.5730800   3.6640701   4.3275598
2013-03-15T15:39:00Z 121.7456250   0.4744444           2           1 106.6270122   1.3870833   9.5277778           4   9.5277778           4   8.0493972  64.2061708 456.4140700   3.5025675   4.3679218
2013-03-15T15:40:00Z 121.7458333   0.4703704           2           1 106.6272358   1.3861111   8.3000000           4   8.3000000           4   8.0389909  64.9244636 457.2558800   3.4070267   4.3707980
2013-03-15T15:41:00Z 121.7460417   0.4662963           2           1 106.6274593   1.3851389   9.7400000           4   9.7400000           4   8.0341007  65.9795949 457.6090050   3.2703768   4.3291137
2013-03-15T15:42:00Z 121.7462500   0.4622222           2           1 106.6276829   1.3841667   9.5800000           4   9.5800000           4   8.0198252  66.8154022 458.1709000   3.1573636   4.3320860
2013-03-15T15:43:00Z 121.7464583   0.4581481           2           1 106.6279065   1.3831944   9.4200000           4   9.4200000           4   8.0034497  67.4981341 457.8219100   3.0630284   4.3352897
2013-03-15T15:44:00Z 121.7466667   0.4540741           2           1 106.6281301   1.3822222   9.2600000           4   9.2600000           4   8.0128659  69.0385282 458.4411300   2.8665234   4.2961361
2013-03-15T15:45:00Z 121.7468750   0.4500000           2           1 106.6283537   1.3812500   9.1000000           4   9.1000000           4   7.9747671  70.2508192 458.9367250   2.6946998   4.2855501
2013-03-15T15:46:00Z 121.7470833   0.4459259           2           1 106.6285772   1.3802778   8.9400000           4   8.9400000           4   7.7811918  69.4531085 459.1726100   2.7309948   4.4528895
2013-03-15T15:47:00Z 121.7472917   0.4418519           2           1 106.6288008   1.3793056   8.7800000           4   8.7800000           4   7.5552884  68.6799742 459.5713050   2.7469280   4.6322503
2013-03-15T15:48:00Z 121.7475000   0.4377778           2           1 106.6290244   1.3783333   8.6200000           4   8.6200000           4   7.3067834  67.5316211 458.7780200   2.7924589   4.6686907
2013-03-15T15:49:00Z 121.7477083   0.4337037           2           1 106.6292480   1.3773611   8.4600000           4   8.4600000           4   7.0544032  66.0488543 457.9864050   2.8637882   4.7176025
2013-03-15T15:50:00Z 121.7479167   0.4296296           2           1 106.6294715   1.3763889   9.9000000           5   9.9000000           5   6.8942197  64.2969902 457.4443500   2.9900673   4.7765451
2013-03-15T15:51:00Z 121.7481250   0.4255556           2           1 106.6296951   1.3754167   7.3545455           4   7.3545455           4   6.8317576  64.3381542 457.6031750   2.9585538   4.8026006
2013-03-15T15:52:00Z 121.7483333   0.4214815           2           1 106.6299187   1.3744444   7.6090909           4   7.6090909           4   6.7606678  64.3174818 457.0918300   2.9299662   4.7917493
2013-03-15T15:53:00Z 121.7485417   0.4174074           2           1 106.6301423   1.3734722   7.8636364           4   7.8636364           4   6.6790195  62.9974333 456.9691800   3.0324780   4.7715398
2013-03-15T15:54:00Z 121.7487500   0.4133333           2           1 106.6303659   1.3725000   8.1181818           4   8.1181818           4   6.5937709  61.5046865 457.0034750   3.1458016   4.7403912
2013-03-15T15:55:00Z 121.7489583   0.4092593           2           1 106.6305894   1.3715278   8.3727273           4   8.3727273           4   6.5097664  59.5683943 456.7059600   3.2972583   4.7161212
2013-03-15T15:56:00Z 121.7491667   0.4051852           2           1 106.6308130   1.3705556   8.6272727           4   8.6272727           4   6.4557069  57.3843470 455.4012350   3.4796320   4.6502183
2013-03-15T15:57:00Z 121.7493750   0.4011111           2           1 106.6310366   1.3695833   8.8818182           4   8.8818182           4   6.4139648  55.0768205 454.0685350   3.6718514   4.6266902
2013-03-15T15:58:00Z 121.7495833   0.3970370           2           1 106.6312602   1.3686111   9.1363636           4   9.1363636           4   6.3443825  52.7501576 452.8305750   3.8402027   4.6215812
2013-03-15T15:59:00Z 121.7497917   0.3929630           2           1 106.6314837   1.3676389   9.3909091           4   9.3909091           4   6.2698236  50.4022684 451.4172400   3.9963447   4.6083993
2013-03-15T16:00:00Z 121.7500000   0.3888889           2           1 106.6317073   1.3666667   9.6454545           4   9.6454545           4   6.1994390  48.6257456 450.1622250   4.0976726   4.6193322
2013-03-15T16:01:00Z 121.7502083   0.3848148           2           1 106.6319309   1.3656944   7.1000000           4   7.1000000           4   6.1428630  46.5063222 449.2383500   4.2279762   4.6411195
2013-03-15T16:02:00Z 121.7504167   0.3807407           2           1 106.6321545   1.3647222   6.3000000           3   6.3000000           3   6.1078932  44.4919071 448.7633050   4.3570622   4.6697440
2013-03-15T16:03:00Z 121.7506250   0.3766667           2           1 106.6323780   1.3637500   6.5000000           3   6.5000000           3   6.0918500  42.6714633 447.7568050   4.4790465   4.6375209
2013-03-15T16:04:00Z 121.7508333   0.3725926           2           1 106.6326016   1.3627778   6.7000000           3   6.7000000           3   6.1550964  41.5339120 447.2488650   4.6074799   4.6696514
2013-03-15T16:05:00Z 121.7510417   0.3685185           2           1 106.6328252   1.3618056   6.9000000           3   6.9000000           3   6.2281317  40.9748274 446.4804050   4.7022254   4.6975337
2013-03-15T16:06:00Z 121.7512500   0.3644444           2           1 106.6330488   1.3608333   6.1000000           3   6.1000000           3   6.2829707  41.5178917 446.1805050   4.7043666   4.5312127
2013-03-15T16:07:00Z 121.7514583   0.3603704           2           1 106.6332724   1.3598611   7.6750000           3   7.6750000           3   6.3701067  42.1109302 445.8212050   4.7256505   4.3849489
2013-03-15T16:08:00Z 121.7516667   0.3562963           2           1 106.6334959   1.3588889   7.1500000           3   7.1500000           3   6.4561168  43.0683738 445.9469900   4.7164471   4.3522154
2013-03-15T16:09:00Z 121.7518750   0.3522222           2           1 106.6337195   1.3579167   6.6250000           3   6.6250000           3   6.5299595  43.9040592 445.9530250   4.7048488   4.3384136
2013-03-15T16:10:00Z 121.7520833   0.3481481           2           1 106.6339431   1.3569444   8.2000000           4   8.2000000           4   6.5219594  44.3521514 445.6123300   4.6635710   4.3104418
2013-03-15T16:11:00Z 121.7522917   0.3440741           2           1 106.6341667   1.3559722   9.4500000           4   9.4500000           4   6.4756477  45.2367322 445.4399600   4.5600162   4.3141443
2013-03-15T16:12:00Z 121.7525000   0.3400000           2           1 106.6343902   1.3550000  10.7000000           5  10.7000000           5   6.4366670  45.9557768 445.1184850   4.4748570   4.2840476
2013-03-15T16:13:00Z 121.7527083   0.3359259           2           1 106.6346138   1.3540278   8.4263158           4   8.4263158           4   6.3880571  46.8844374 445.0209550   4.3660586   4.2610016
2013-03-15T16:14:00Z 121.7529167   0.3325926           2           1 106.6348374   1.3530556   8.5526316           4   8.5526316           4   6.3440886  47.3223734 444.9542200   4.3004841   4.2713059
2013-03-15T16:15:00Z 121.7531250   0.3305556           2           1 106.6350610   1.3520833   8.6789474           4   8.6789474           4   6.3061908  47.8677785 445.3090700   4.2304689   4.3042788
2013-03-15T16:16:00Z 121.7533333   0.3285185           2           1 106.6352846   1.3511111   8.8052632           4   8.8052632           4   6.2620979  48.6183435 445.8650850   4.1396956   4.3582174
2013-03-15T16:17:00Z 121.7535417   0.3264815           2           1 106.6355081   1.3501389   8.9315789           4   8.9315789           4   6.2173654  49.3558274 446.0752900   4.0497393   4.3660839
2013-03-15T16:18:00Z 121.7537500   0.3244444           2           1 106.6357317   1.3491667   9.0578947           4   9.0578947           4   6.2067795  49.9794126 445.7265150   3.9913492   4.3458988
2013-03-15T16:19:00Z 121.7539583   0.3224074           2           1 106.6359553   1.3481944   9.1842105           4   9.1842105           4   6.2078472  50.7114697 445.8015750   3.9309700   4.3432968
2013-03-15T16:20:00Z 121.7541667   0.3203704           2           1 106.6361789   1.3472222   9.3105263           4   9.3105263           4   6.1915450  51.3157138 446.0264150   3.8698927   4.3382595
2013-03-15T16:21:00Z 121.7543750   0.3183333           2           1 106.6364024   1.3462500   9.4368421           4   9.4368421           4   6.1842361  51.9318704 446.4223450   3.8131880   4.3507437
2013-03-15T16:22:00Z 121.7545833   0.3162963           2           1 106.6366260   1.3452778   9.5631579           4   9.5631579           4   6.1052857  51.8752453 446.7705250   3.7692558   4.3714455
2013-03-15T16:23:00Z 121.7547917   0.3142593           2           1 106.6368496   1.3443056   9.6894737           4   9.6894737           4   6.0111404  51.5477417 446.7887250   3.7381017   4.3990363
2013-03-15T16:24:00Z 121.7550000   0.3122222           2           1 106.6370732   1.3433333   9.8157895           4   9.8157895           4   5.8674817  50.1475206 446.1016400   3.7599594   4.3705619
2013-03-15T16:25:00Z 121.7552083   0.3101852           2           1 106.6372967   1.3423611   9.9421053           4   9.9421053           4   5.7300631  48.5202092 445.4154750   3.7953408   4.3298566
2013-03-15T16:26:00Z 121.7554167   0.3081481           2           1 106.6375203   1.3413889  10.0684211           4  10.0684211           4   5.6416387  48.1070895 444.7867850   3.7671504   4.3554541
2013-03-15T16:27:00Z 121.7556250   0.3061111           2           1 106.6377439   1.3404167  10.1947368           4  10.1947368           4   5.5512919  47.4650067 444.2378350   3.7528975   4.3412871
2013-03-15T16:28:00Z 121.7558333   0.3040741           2           1 106.6379675   1.3394444  10.3210526           4  10.3210526           4   5.4644592  46.6733196 444.2409100   3.7494779   4.3614822
2013-03-15T16:29:00Z 121.7560417   0.3020370           2           1 106.6381911   1.3384722  10.4473684           4  10.4473684           4   5.3876010  46.0712481 444.3503700   3.7377200   4.3687183
2013-03-15T16:30:00Z 121.7562500   0.3000000           2           1 106.6384146   1.3375000  10.5736842           4  10.5736842           4   5.3440799  45.9443446 444.6998600   3.7160423   4.3982135
2013-03-15T16:31:00Z 121.7564583   0.3000000           2           1 106.6386382   1.3372222   8.3000000           4   8.3000000           4   5.3119392  45.1970958 444.4042950   3.7431651   4.3787384
2013-03-15T16:32:00Z 121.7566667   0.3000000           2           1 106.6388618   1.3369444   7.8555556           4   7.8555556           4   5.2893457  44.8029072 444.2669200   3.7529758   4.3893537
2013-03-15T16:33:00Z 121.7568750   0.3000000           2           1 106.6390854   1.3366667   7.9111111           4   7.9111111           4   5.2752435  44.1982199 444.1038500   3.7819923   4.4012558
2013-03-15T16:34:00Z 121.7570833   0.3000000           2           1 106.6393089   1.3363889   7.9666667           4   7.9666667           4   5.2639487  44.5021437 443.7950500   3.7543758   4.3868657
2013-03-15T16:35:00Z 121.7572917   0.3000000           2           1 106.6395325   1.3361111   8.0222222           4   8.0222222           4   5.2579006  45.1003398 443.4793700   3.7113805   4.3455031
2013-03-15T16:36:00Z 121.7575000   0.3000000           2           1 106.6397561   1.3358333   8.0777778           4   8.0777778           4   5.2512275  45.5548491 443.6022850   3.6770469   4.3160460
2013-03-15T16:37:00Z 121.7577083   0.3000000           2           1 106.6399797   1.3355556   8.1333333           4   8.1333333           4   5.2859392  45.1384825 444.6760950   3.7286786   4.3191021
2013-03-15T16:38:00Z 121.7579167   0.3000000           2           1 106.6402033   1.3352778   8.1888889           4   8.1888889           4   5.3200647  44.9707844 444.9088050   3.7637716   4.3213040
2013-03-15T16:39:00Z 121.7581250   0.3000000           2           1 106.6404268   1.3350000   8.2444444           4   8.2444444           4   5.3240550  44.9974260 444.6857750   3.7648445   4.2869703
2013-03-15T16:40:00Z 121.7583333   0.3000000           2           1 106.6406504   1.3347222   7.8000000           4   7.8000000           4   5.3011632  44.6212677 444.2138800   3.7731844   4.2497681
2013-03-15T16:41:00Z 121.7585417   0.3000000           2           1 106.6408740   1.3344444   5.3454545           3   5.3454545           3   5.2471383  44.5662841 443.8825500   3.7382665   4.2485466
2013-03-15T16:42:00Z 121.7587500   0.3000000           2           1 106.6410976   1.3341667   5.5909091           3   5.5909091           3   5.2793877  45.1059018 443.6031000   3.7261845   4.2228870
2013-03-15T16:43:00Z 121.7589583   0.3000000           2           1 106.6413211   1.3338889   5.8363636           3   5.8363636           3   5.3199183  45.6840235 443.7771250   3.7165738   4.2015715
2013-03-15T16:44:00Z 121.7591667   0.3000000           2           1 106.6415447   1.3336111   6.0818182           3   6.0818182           3   5.3561434  46.4230932 444.0260100   3.6921375   4.1835661
2013-03-15T16:45:00Z 121.7593750   0.3000000           2           1 106.6417683   1.3333333   6.3272727           3   6.3272727           3   5.3961242  46.9069928 444.5001300   3.6865493   4.1809051
2013-03-15T16:46:00Z 121.7595833   0.3000000           2           1 106.6419919   1.3330556   6.5727273           3   6.5727273           3   5.4375727  47.4743671 444.2723250   3.6753641   4.1679272
2013-03-15T16:47:00Z 121.7597917   0.3000000           2           1 106.6422154   1.3327778   6.8181818           3   6.8181818           3   5.4842434  48.1781154 444.6608200   3.6569877   4.1637812
2013-03-15T16:48:00Z 121.7600000   0.3000000           2           1 106.6424390   1.3325000   7.0636364           3   7.0636364           3   5.5398870  49.0122092 444.6414600   3.6336019   4.1291615
2013-03-15T16:49:00Z 121.7602083   0.3000000           2           1 106.6426626   1.3322222   7.3090909           3   7.3090909           3   5.5998304  49.8852294 444.6280950   3.6080872   4.1038905
2013-03-15T16:50:00Z 121.7604167   0.3000000           2           1 106.6428862   1.3319444   7.5545455           3   7.5545455           3   5.6400660  50.5334908 444.7252450   3.5849787   4.0836619
2013-03-15T16:51:00Z 121.7606250   0.3000000           2           1 106.6431098   1.3316667   5.1000000           3   5.1000000           3   5.6958334  51.4607702 444.9428150   3.5487909   4.0499548
2013-03-15T16:52:00Z 121.7608333   0.3000000           2           1 106.6433333   1.3313889   5.2600000           3   5.2600000           3   5.6320565  51.4090356 445.1518250   3.5130310   4.0455837
2013-03-15T16:53:00Z 121.7610417   0.3000000           2           1 106.6435569   1.3311111   5.2200000           3   5.2200000           3   5.5097031  50.8392230 444.7815250   3.4793701   4.0403124
2013-03-15T16:54:00Z 121.7612500   0.3000000           2           1 106.6437805   1.3308333   5.1800000           3   5.1800000           3   5.3638871  49.7687408 444.5345350   3.4643968   4.0522204
2013-03-15T16:55:00Z 121.7614583   0.3000000           2           1 106.6440041   1.3305556   5.1400000           3   5.1400000           3   5.2414543  48.7313917 444.1806850   3.4572107   4.0803920
2013-03-15T16:56:00Z 121.7616667   0.3000000           2           1 106.6442276   1.3302778   5.3000000           3   5.3000000           3   5.1659413  47.7636859 443.5297900   3.4724940   4.0859172
2013-03-15T16:57:00Z 121.7618750   0.3000000           2           1 106.6444512   1.3300000   2.9750000           1   2.9750000           1   5.0735460  47.7174741 442.4762900   3.4134153   4.0905769
2013-03-15T16:58:00Z 121.7620833   0.3000000           2           1 106.6446748   1.3297222   3.7500000           2   3.7500000           2   4.9735529  47.3578369 442.0568000   3.3691716   4.0641468
2013-03-15T16:59:00Z 121.7622917   0.3000000           2           1 106.6448984   1.3294444   4.5250000           2   4.5250000           2   4.8977589  46.6178341 441.9410950   3.3640811   4.0715545
2013-03-15T17:00:00Z 121.7625000   0.3000000           2           1 106.6451220   1.3291667   2.2000000           1   2.2000000           1   4.8635177  46.6532791 442.1223050   3.3383748   4.0984417
2013-03-15T17:01:00Z 121.7627083   0.3000000           2           1 106.6453455   1.3288889   4.4500000           2   4.4500000           2   4.8632876  46.7271343 442.0043350   3.3336553   4.1025664
2013-03-15T17:02:00Z 121.7629167   0.3000000           2           1 106.6455691   1.3286111   6.7000000           4   6.7000000           4   4.8433031  46.6679168 441.9851050   3.3235994   4.1118342
2013-03-15T17:03:00Z 121.7631250   0.3000000           2           1 106.6457927   1.3283333   5.2750000           3   5.2750000           3   4.8141828  46.3881758 441.9866850   3.3206739   4.1104736
2013-03-15T17:04:00Z 121.7633333   0.3000000           2           1 106.6460163   1.3280556   5.3500000           3   5.3500000           3   4.7749279  45.5070692 441.9177900   3.3463710   4.1108012
2013-03-15T17:05:00Z 121.7635417   0.3000000           2           1 106.6462398   1.3277778   5.4250000           3   5.4250000           3   4.7302293  44.8191343 441.6292800   3.3553190   4.1110731
2013-03-15T17:06:00Z 121.7637500   0.3000000           2           1 106.6464634   1.3275000   5.5000000           3   5.5000000           3   4.6989008  44.7212725 441.3808300   3.3387488   4.1008605
2013-03-15T17:07:00Z 121.7639583   0.3000000           2           1 106.6466870   1.3272222   5.5750000           3   5.5750000           3   4.6679268  44.7554367 441.1755400   3.3147815   4.0981177
2013-03-15T17:08:00Z 121.7641667   0.3000000           2           1 106.6469106   1.3269444   5.6500000           3   5.6500000           3   4.6298069  44.4360727 440.9983150   3.3058304   4.1099213
2013-03-15T17:09:00Z 121.7643750   0.3000000           2           1 106.6471341   1.3266667   5.7250000           3   5.7250000           3   4.6003233  44.0567937 440.8528650   3.3060263   4.1404615
2013-03-15T17:10:00Z 121.7645833   0.3000000           2           1 106.6473577   1.3263889   5.8000000           3   5.8000000           3   4.5680803  44.0741703 440.8761300   3.2818914   4.1357454
2013-03-15T17:11:00Z 121.7647917   0.3000000           2           1 106.6475813   1.3261111   5.8750000           3   5.8750000           3   4.5124095  43.5646008 440.8042050   3.2696819   4.1366725
2013-03-15T17:12:00Z 121.7650000   0.3000000           2           1 106.6478049   1.3258333   5.9500000           3   5.9500000           3   4.5528967  44.3226146 440.8403050   3.2572198   4.1312371
2013-03-15T17:13:00Z 121.7652083   0.3000000           2           1 106.6480285   1.3255556   6.0250000           3   6.0250000           3   4.6416650  45.0887572 441.2169050   3.2770644   4.1056064
2013-03-15T17:14:00Z 121.7654167   0.3000000           2           1 106.6482520   1.3252778   6.1000000           3   6.1000000           3   4.7521752  46.0026426 441.5546750   3.3009806   4.0830674
2013-03-15T17:15:00Z 121.7656250   0.3000000           2           1 106.6484756   1.3250000   6.1750000           3   6.1750000           3   4.8441917  45.9633264 441.8632900   3.3672880   4.0618130
2013-03-15T17:16:00Z 121.7658333   0.3000000           2           1 106.6486992   1.3247222   6.2500000           3   6.2500000           3   4.8734462  45.6466047 442.3788450   3.4069383   4.0941674
2013-03-15T17:17:00Z 121.7660417   0.3000000           2           1 106.6489228   1.3244444   6.3250000           3   6.3250000           3   4.8896284  45.6820045 442.3151250   3.4160901   4.0839810
2013-03-15T17:18:00Z 121.7662500   0.3000000           2           1 106.6491463   1.3241667   6.4000000           3   6.4000000           3   4.9219793  45.8691093 442.3870850   3.4271735   4.0802832
2013-03-15T17:19:00Z 121.7664583   0.3000000           2           1 106.6493699   1.3238889   6.4750000           3   6.4750000           3   4.9690706  46.1858144 442.5329300   3.4401961   4.0793408
2013-03-15T17:20:00Z 121.7666667   0.3000000           2           1 106.6495935   1.3236111   6.5500000           3   6.5500000           3   5.0067926  46.0979582 442.7515250   3.4718477   4.0768570
2013-03-15T17:21:00Z 121.7668750   0.3000000           2           1 106.6498171   1.3233333   6.6250000           3   6.6250000           3   5.0321690  45.6990967 442.9339750   3.5146005   4.0528305
2013-03-15T17:22:00Z 121.7670833   0.3000000           2           1 106.6500407   1.3230556   5.2000000           3   5.2000000           3   5.0329831  45.0113063 443.0825100   3.5581542   4.0508601
2013-03-15T17:23:00Z 121.7672917   0.3000000           2           1 106.6502642   1.3227778   6.4250000           3   6.4250000           3   5.0071976  43.8398968 443.2086250   3.6115819   4.0649566
2013-03-15T17:24:00Z 121.7675000   0.3000000           2           1 106.6504878   1.3225000   6.2500000           3   6.2500000           3   4.9989422  43.1304411 443.3626100   3.6482238   4.0783090
2013-03-15T17:25:00Z 121.7677083   0.3000000           2           1 106.6507114   1.3222222   6.0750000           3   6.0750000           3   4.9901463  42.7120806 443.4772200   3.6666178   4.0873247
2013-03-15T17:26:00Z 121.7679167   0.3000000           2           1 106.6509350   1.3219444   5.9000000           3   5.9000000           3   4.9961651  42.0982245 443.5631850   3.7071376   4.0934759
2013-03-15T17:27:00Z 121.7681250   0.3000000           2           1 106.6511585   1.3216667   5.7250000           3   5.7250000           3   4.9977359  40.4718412 443.7239600   3.8019029   4.0845089
2013-03-15T17:28:00Z 121.7683333   0.3000000           2           1 106.6513821   1.3213889   5.5500000           3   5.5500000           3   5.0243708  40.4389672 444.1495450   3.8240352   4.0830118
2013-03-15T17:29:00Z 121.7685417   0.3000000           2           1 106.6516057   1.3211111   5.3750000           3   5.3750000           3   5.0866690  41.7328447 444.9634400   3.7959609   4.0811236
2013-03-15T17:30:00Z 121.7687500   0.3000000           2           1 106.6518293   1.3208333   6.6000000           4   6.6000000           4   5.1578505  42.5463127 445.7112850   3.7999484   4.0651536
2013-03-15T17:31:00Z 121.7689583   0.3000000           2           1 106.6520528   1.3205556   5.1333333           3   5.1333333           3   5.2264061  43.2594777 446.4755200   3.8061700   4.0659826
2013-03-15T17:32:00Z 121.7691667   0.3000000           2           1 106.6522764   1.3202778   5.2666667           3   5.2666667           3   5.2952299  43.7748488 447.4773200   3.8234948   4.0686755
2013-03-15T17:33:00Z 121.7693750   0.3000000           2           1 106.6525000   1.3200000   5.4000000           3   5.4000000           3   5.3771466  43.7890713 448.4034900   3.8817204   4.0629716
2013-03-15T17:34:00Z 121.7695833   0.3000000           2           1 106.6527236   1.3197222   5.5333333           3   5.5333333           3   5.4565884  43.8006578 449.4181350   3.9383051   4.0764052
2013-03-15T17:35:00Z 121.7697917   0.3000000           2           1 106.6529472   1.3194444   5.6666667           3   5.6666667           3   5.5174359  44.1663986 450.8012550   3.9577634   4.0900432
2013-03-15T17:36:00Z 121.7700000   0.3000000           2           1 106.6531707   1.3191667   5.8000000           3   5.8000000           3   5.5962195  44.3071141 450.9816050   4.0046883   4.0223119
2013-03-15T17:37:00Z 121.7702083   0.3000000           2           1 106.6533943   1.3188889   5.9333333           3   5.9333333           3   5.6585231  44.4042413 450.5734400   4.0425671   3.9863517
2013-03-15T17:38:00Z 121.7704167   0.3000000           2           1 106.6536179   1.3186111   6.0666667           3   6.0666667           3   5.7162077  44.6186003 450.8858800   4.0687856   3.9652814
2013-03-15T17:39:00Z 121.7706250   0.3000000           2           1 106.6538415   1.3183333   6.2000000           3   6.2000000           3   5.7517729  44.7916878 452.1076650   4.0818777   3.9495863
2013-03-15T17:40:00Z 121.7708333   0.3000000           2           1 106.6540650   1.3180556   6.3333333           3   6.3333333           3   5.7265457  44.7148135 453.0099550   4.0693841   3.9640463
2013-03-15T17:41:00Z 121.7710417   0.3000000           2           1 106.6542886   1.3177778   6.4666667           3   6.4666667           3   5.7396355  44.9955516 453.3298800   4.0588502   3.9818207
2013-03-15T17:42:00Z 121.7712500   0.3000000           2           1 106.6545122   1.3175000   5.0000000           3   5.0000000           3   5.7823193  45.8272204 453.3326500   4.0292613   3.9604724
2013-03-15T17:43:00Z 121.7714583   0.3000000           2           1 106.6547358   1.3172222   5.8000000           3   5.8000000           3   5.8545274  47.2746363 454.2691150   3.9722086   4.0277828
2013-03-15T17:44:00Z 121.7716667   0.3000000           2           1 106.6549593   1.3169444   5.6000000           3   5.6000000           3   5.9200517  47.9635507 454.9472750   3.9640857   4.0622998
2013-03-15T17:45:00Z 121.7718750   0.3000000           2           1 106.6551829   1.3166667   5.4000000           3   5.4000000           3   5.9931260  48.3460762 454.2452000   3.9832095   3.9542091
2013-03-15T17:46:00Z 121.7720833   0.3000000           2           1 106.6554065   1.3163889   5.2000000           3   5.2000000           3   6.0152701  48.4384063 454.9807650   3.9906794   3.9557850
2013-03-15T17:47:00Z 121.7722917   0.3000000           2           1 106.6556301   1.3161111   6.0000000           3   6.0000000           3   6.0322114  49.0156956 455.0044850   3.9562394   3.9588146
2013-03-15T17:48:00Z 121.7725000   0.3000000           2           1 106.6558537   1.3158333   2.5600000           1   2.5600000           1   6.0180359  48.5197334 455.0636800   3.9861186   3.9707654
2013-03-15T17:49:00Z 121.7727083   0.3000000           2           1 106.6560772   1.3155556   3.4200000           1   3.4200000           1   5.9524406  47.1053138 454.1393250   4.0515461   3.9207877
2013-03-15T17:50:00Z 121.7729167   0.3000000           2           1 106.6563008   1.3152778   4.2800000           2   4.2800000           2   5.8903898  45.8442256 452.0222550   4.1033134   3.8927422
2013-03-15T17:51:00Z 121.7731250   0.3000000           2           1 106.6565244   1.3150000   5.1400000           2   5.1400000           2   5.8350372  44.4991642 451.3812900   4.1619025   3.8806324
2013-03-15T17:52:00Z 121.7733333   0.3000000           2           1 106.6567480   1.3147222   1.7000000           1   1.7000000           1   5.7896604  43.0627175 450.2212300   4.2299648   3.8995226
2013-03-15T17:53:00Z 121.7735417   0.3000000           2           1 106.6569715   1.3144444   5.6900000           2   5.6900000           2   5.7059708  42.8711288 449.5168600   4.1818250   3.9290130
2013-03-15T17:54:00Z 121.7737500   0.3000000           2           1 106.6571951   1.3141667   5.4800000           2   5.4800000           2   5.6099353  42.7178867 448.9273250   4.1216354   3.9208269
2013-03-15T17:55:00Z 121.7739583   0.3000000           2           1 106.6574187   1.3138889   5.2700000           2   5.2700000           2   5.5395006  42.3249359 447.8288250   4.0955640   3.9145509
2013-03-15T17:56:00Z 121.7741667   0.3000000           2           1 106.6576423   1.3136111   5.0600000           2   5.0600000           2   5.4746933  42.1265385 447.5863000   4.0603896   3.9555630
2013-03-15T17:57:00Z 121.7743750   0.3000000           2           1 106.6578659   1.3133333   4.8500000           2   4.8500000           2   5.3811098  41.4851837 447.6288800   4.0311349   3.9766712
2013-03-15T17:58:00Z 121.7745833   0.3000000           2           1 106.6580894   1.3130556   4.6400000           2   4.6400000           2   5.2784689  40.4566563 446.4309800   4.0163714   3.9564849
2013-03-15T17:59:00Z 121.7747917   0.3000000           2           1 106.6583130   1.3127778   4.4300000           2   4.4300000           2   5.1867378  39.2372336 445.1818200   4.0173027   3.9765681
2013-03-15T18:00:00Z 121.7750000   0.3000000           2           1 106.6585366   1.3125000   4.2200000           2   4.2200000           2   5.1182532  38.5712626 443.6185250   4.0016207   3.9652448
2013-03-15T18:01:00Z 121.7752083   0.3000000           2           1 106.6587602   1.3122222   4.0100000           2   4.0100000           2   4.9897975  37.2074877 443.4530900   3.9741287   3.9823177
2013-03-15T18:02:00Z 121.7754167   0.3000000           2           1 106.6589837   1.3119444   3.8000000           2   3.8000000           2   4.8608232  35.6374032 443.1585800   3.9504910   4.0194582
2013-03-15T18:03:00Z 121.7756250   0.3000000           2           1 106.6592073   1.3116667   3.5900000           1   3.5900000           1   4.8113906  33.8460505 441.7085100   3.9960383   3.9306236
2013-03-15T18:04:00Z 121.7758333   0.3000000           2           1 106.6594309   1.3113889   3.3800000           1   3.3800000           1   4.7481174  32.6082663 440.2708650   3.9996938   3.8331906
2013-03-15T18:05:00Z 121.7760417   0.3000000           2           1 106.6596545   1.3111111   3.1700000           1   3.1700000           1   4.6886268  31.2734021 439.2929600   4.0073689   3.9131422
2013-03-15T18:06:00Z 121.7762500   0.3000000           2           1 106.6598780   1.3108333   2.9600000           1   2.9600000           1   4.6658776  30.2850888 438.7597100   4.0291105   3.8930906
2013-03-15T18:07:00Z 121.7764583   0.3000000           2           1 106.6601016   1.3105556   2.7500000           1   2.7500000           1   4.6453045  29.5776179 438.9836150   4.0399647   3.9147999
2013-03-15T18:08:00Z 121.7766667   0.3000000           2           1 106.6603252   1.3102778   2.5400000           1   2.5400000           1   4.6053827  28.5772753 438.8597100   4.0443217   3.9087728
2013-03-15T18:09:00Z 121.7768750   0.3000000           2           1 106.6605488   1.3100000   2.3300000           1   2.3300000           1   4.5759255  27.6514808 439.1424950   4.0532951   3.9366734
2013-03-15T18:10:00Z 121.7770833   0.3000000           2           1 106.6607724   1.3097222   2.1200000           1   2.1200000           1   4.5623772  26.4434482 440.6231400   4.0850355   3.9929221
2013-03-15T18:11:00Z 121.7772917   0.3000000           2           1 106.6609959   1.3094444   1.9100000           1   1.9100000           1   4.5510925  25.3155143 440.6903850   4.1140366   4.0224685
2013-03-15T18:12:00Z 121.7775000   0.3000000           2           1 106.6612195   1.3091667   5.9000000           3   5.9000000           3   4.5270964  24.0183756 440.8328800   4.1351176   4.0110693
2013-03-15T18:13:00Z 121.7777083   0.3000000           2           1 106.6614431   1.3088889   6.1625000           3   6.1625000           3   4.5531688  22.4407685 440.7421700   4.2083785   3.9883994
2013-03-15T18:14:00Z 121.7779167   0.3000000           2           1 106.6616667   1.3086111   6.1250000           3   6.1250000           3   4.6023550  21.0088922 440.9285750   4.2964125   3.9884794
2013-03-15T18:15:00Z 121.7781250   0.3000000           2           1 106.6618902   1.3083333   6.0875000           3   6.0875000           3   4.6308982  19.7023054 440.8994900   4.3597914   3.9932245
2013-03-15T18:16:00Z 121.7783333   0.3000000           2           1 106.6621138   1.3080556   6.0500000           3   6.0500000           3   4.6686311  18.8262147 440.7300750   4.4188674   3.9746240
2013-03-15T18:17:00Z 121.7785417   0.3000000           2           1 106.6623374   1.3077778   6.0125000           3   6.0125000           3   4.7512337  18.3419748 441.3372900   4.5098482   3.9869484
2013-03-15T18:18:00Z 121.7787500   0.3000000           2           1 106.6625610   1.3075000   5.9750000           3   5.9750000           3   4.8413247  18.2231569 443.2011750   4.5985117   4.0511035
2013-03-15T18:19:00Z 121.7789583   0.3000000           2           1 106.6627846   1.3072222   5.9375000           3   5.9375000           3   4.9392552  18.3606781 443.8501850   4.6878097   4.0478943
2013-03-15T18:20:00Z 121.7791667   0.3000000           2           1 106.6630081   1.3069444   6.2000000           3   6.2000000           3   5.0636826  18.3208921 443.5156700   4.8070092   4.0034698
2013-03-15T18:21:00Z 121.7793750   0.3000000           2           1 106.6632317   1.3066667   4.8250000           3   4.8250000           3   5.2140890  18.5748398 444.1950850   4.9424787   3.9538020
2013-03-15T18:22:00Z 121.7795833   0.3000000           2           1 106.6634553   1.3063889   4.9500000           3   4.9500000           3   5.3597379  19.0585706 445.4415650   5.0659453   3.9370109
2013-03-15T18:23:00Z 121.7797917   0.3000000           2           1 106.6636789   1.3061111   5.0750000           3   5.0750000           3   5.4313695  19.3669978 447.0116050   5.1240291   3.9450986
2013-03-15T18:24:00Z 121.7800000   0.3000000           2           1 106.6639024   1.3058333   5.2000000           3   5.2000000           3   5.4365248  18.9701268 448.6338250   5.1412574   3.9951189
2013-03-15T18:25:00Z 121.7802083   0.3000000           2           1 106.6641260   1.3055556   5.3250000           3   5.3250000           3   5.4057771  18.3504581 450.8013300   5.1308857   4.0324799
2013-03-15T18:26:00Z 121.7804167   0.3000000           2           1 106.6643496   1.3052778   5.4500000           3   5.4500000           3   5.4140696  18.1350657 450.3594950   5.1451280   4.0295657
2013-03-15T18:27:00Z 121.7806250   0.3000000           2           1 106.6645732   1.3050000   5.5750000           3   5.5750000           3   5.4755903  18.2050090 449.1232750   5.2015083   3.9775225
2013-03-15T18:28:00Z 121.7808333   0.3000000           2           1 106.6647967   1.3047222   5.7000000           3   5.7000000           3   5.5030565  17.9093080 448.7664100   5.2364030   3.9476932
2013-03-15T18:29:00Z 121.7810417   0.3000000           2           1 106.6650203   1.3044444   5.8250000           3   5.8250000           3   5.5516086  17.7226540 449.7982650   5.2881359   3.9451568
2013-03-15T18:30:00Z 121.7812500   0.3000000           2           1 106.6652439   1.3041667   5.9500000           3   5.9500000           3   5.5746746  17.1946584 450.2994850   5.3255197   3.9524110
2013-03-15T18:31:00Z 121.7814583   0.3000000           2           1 106.6654675   1.3038889   6.0750000           3   6.0750000           3   5.5807712  16.6187395 450.8695200   5.3476573   3.9492998
2013-03-15T18:32:00Z 121.7816667   0.3000000           2           1 106.6656911   1.3036111   4.7000000           3   4.7000000           3   5.5911945  16.2694346 451.0002650   5.3672945   3.9467923
2013-03-15T18:33:00Z 121.7818750   0.3000000           2           1 106.6659146   1.3033333   4.6166667           3   4.6166667           3   5.5850057  15.4943690 450.3772550   5.3820283   3.9373050
2013-03-15T18:34:00Z 121.7820833   0.3000000           2           1 106.6661382   1.3030556   4.6333333           3   4.6333333           3   5.5818823  14.7699551 450.5087950   5.3974413   3.9550192
2013-03-15T18:35:00Z 121.7822917   0.3000000           2           1 106.6663618   1.3027778   4.6500000           3   4.6500000           3   5.5669939  14.2437199 449.5968150   5.3958527   3.9443182
2013-03-15T18:36:00Z 121.7825000   0.3000000           2           1 106.6665854   1.3025000   4.6666667           3   4.6666667           3   5.5231689  12.9696902 450.2802300   5.3822670   3.9583124
2013-03-15T18:37:00Z 121.7827083   0.3000000           2           1 106.6668089   1.3022222   4.6833333           3   4.6833333           3   5.4618585  11.3907223 450.9125550   5.3542772   3.9793541
2013-03-15T18:38:00Z 121.7829167   0.3000000           2           1 106.6670325   1.3019444   4.6000000           3   4.6000000           3   5.3903703   9.3452293 450.5630450   5.3188284   3.9778434
2013-03-15T18:39:00Z 121.7831250   0.3000000           2           1 106.6672561   1.3016667   3.1333333           1   3.1333333           1   5.3212055   7.3818156 450.1969800   5.2771033   3.9913492
2013-03-15T18:40:00Z 121.7833333   0.3000000           2           1 106.6674797   1.3013889   3.8666667           2   3.8666667           2   5.2659886   5.7999929 450.1962250   5.2390306   4.0184782
2013-03-15T18:41:00Z 121.7835417   0.3000000           2           1 106.6677033   1.3011111   2.4000000           1   2.4000000           1   5.2134979   4.3430227 449.0285150   5.1985276   4.0617867
2013-03-15T18:42:00Z 121.7837500   0.3000000           2           1 106.6679268   1.3008333   6.3000000           4   6.3000000           4   5.1704476   2.3806156 447.9822750   5.1659852   4.1165580
2013-03-15T18:43:00Z 121.7839583   0.3000000           2           1 106.6681504   1.3005556   4.2047619           3   4.2047619           3   5.1348602   0.5987027 446.9902750   5.1345799   4.1413595
2013-03-15T18:44:00Z 121.7841667   0.3000000           2           1 106.6683740   1.3002778   4.3095238           3   4.3095238           3   5.1408395   0.1912575 446.6008750   5.1408109   4.1394775
2013-03-15T18:45:00Z 121.7843750   0.3000000           2           1 106.6685976   1.3000000   4.4142857           3   4.4142857           3   5.1707309 359.9857713 446.4788300   5.1707307   4.1272541
2013-03-15T18:46:00Z 121.7845833   0.3000000           2           1 106.6688211   1.2997222   4.5190476           3   4.5190476           3   5.1501680 359.1329963 447.2072150   5.1495784   4.1516857
2013-03-15T18:47:00Z 121.7847917   0.3000000           2           1 106.6690447   1.2994444   4.6238095           3   4.6238095           3   5.1019826 357.6160305 447.8069200   5.0975669   4.2006871
2013-03-15T18:48:00Z 121.7850000   0.3000000           2           1 106.6692683   1.2991667   4.7285714           3   4.7285714           3   5.0722984 356.7861863 446.2900950   5.0643210   4.1849114
2013-03-15T18:49:00Z 121.7852083   0.3000000           2           1 106.6694919   1.2988889   4.8333333           3   4.8333333           3   5.0250854 354.8917890 444.4697250   5.0051273   4.1935572
2013-03-15T18:50:00Z 121.7854167   0.3000000           2           1 106.6697154   1.2986111   4.9380952           3   4.9380952           3   4.9912962 354.1092569 443.1018450   4.9649393   4.1926368
2013-03-15T18:51:00Z 121.7856250   0.3000000           2           1 106.6699390   1.2983333   5.0428571           3   5.0428571           3   4.9530302 353.7706938 443.1401250   4.9237855   4.2486914
2013-03-15T18:52:00Z 121.7858333   0.3000000           2           1 106.6701626   1.2980556   5.1476190           3   5.1476190           3   4.9030984 353.3230872 443.5952500   4.8698435   4.2612513
2013-03-15T18:53:00Z 121.7860417   0.3000000           2           1 106.6703862   1.2977778   5.2523810           3   5.2523810           3   4.8734359 353.1034459 444.4157350   4.8381744   4.2951895
2013-03-15T18:54:00Z 121.7862500   0.3000000           2           1 106.6706098   1.2975000   5.3571429           3   5.3571429           3   4.8325977 352.4495893 443.5343250   4.7906973   4.2650478
2013-03-15T18:55:00Z 121.7864583   0.3000000           2           1 106.6708333   1.2972222   5.4619048           3   5.4619048           3   4.7923167 351.6106999 443.1257700   4.7410370   4.2465231
2013-03-15T18:56:00Z 121.7866667   0.3000000           2           1 106.6710569   1.2969444   5.5666667           3   5.5666667           3   4.7632525 351.5851064 442.4062900   4.7119729   4.2365190
2013-03-15T18:57:00Z 121.7868750   0.3000000           2           1 106.6712805   1.2966667   5.6714286           3   5.6714286           3   4.7568226 352.4476744 442.0821450   4.7155584   4.2331103
2013-03-15T18:58:00Z 121.7870833   0.3000000           2           1 106.6715041   1.2963889   5.7761905           3   5.7761905           3   4.7505954 353.5510793 442.0474750   4.7205354   4.2248312
2013-03-15T18:59:00Z 121.7872917   0.3000000           2           1 106.6717276   1.2961111   5.8809524           3   5.8809524           3   4.7429269 354.3174989 442.1609450   4.7196195   4.2054083
2013-03-15T19:00:00Z 121.7875000   0.3000000           2           1 106.6719512   1.2958333   5.9857143           3   5.9857143           3   4.7294853 355.4303201 443.1132200   4.7144512   4.2200743
2013-03-15T19:01:00Z 121.7877083   0.3000000           2           1 106.6721748   1.2955556   6.0904762           3   6.0904762           3   4.7105187 356.6343304 443.4038100   4.7023940   4.1889820
2013-03-15T19:02:00Z 121.7879167   0.3000000           2           1 106.6723984   1.2952778   6.1952381           3   6.1952381           3   4.6844412 358.1117973 442.8926150   4.6818977   4.1164588
2013-03-15T19:03:00Z 121.7881250   0.3000000           2           1 106.6726220   1.2950000   4.1000000           3   4.1000000           3   4.6624283 359.0092054 441.7938850   4.6617312   4.0686677
2013-03-15T19:04:00Z 121.7883333   0.3000000           2           1 106.6728455   1.2947222   5.5571429           2   5.5571429           2   4.6472864 359.7070807 442.1994250   4.6472256   4.0429264
2013-03-15T19:05:00Z 121.7885417   0.3000000           2           1 106.6730691   1.2944444   5.3142857           3   5.3142857           3   4.6301520   0.5491117 442.3336550   4.6299394   4.0492946
2013-03-15T19:06:00Z 121.7887500   0.3000000           2           1 106.6732927   1.2941667   5.0714286           3   5.0714286           3   4.6360432   0.7193450 442.0738700   4.6356778   4.0407197
2013-03-15T19:07:00Z 121.7889583   0.3000000           2           1 106.6735163   1.2938889   4.8285714           3   4.8285714           3   4.6236352   1.2842862 442.2471400   4.6224737   4.0161614
2013-03-15T19:08:00Z 121.7891667   0.3000000           2           1 106.6737398   1.2936111   4.5857143           3   4.5857143           3   4.6164066   2.0989689 444.2340800   4.6133092   4.0702681
2013-03-15T19:09:00Z 121.7893750   0.3000000           2           1 106.6739634   1.2933333   4.3428571           2   4.3428571           2   4.6163925   3.5081637 445.0049650   4.6077418   4.0697720
2013-03-15T19:10:00Z 121.7895833   0.3000000           2           1 106.6741870   1.2930556   5.8000000           3   5.8000000           3   4.5850860   3.9515526 444.5601500   4.5741858   3.9995233
2013-03-15T19:11:00Z 121.7897917   0.3000000           2           1 106.6744106   1.2927778   4.0583333           2   4.0583333           2   4.5851019   3.9582001 443.2014300   4.5741649   3.9125597
2013-03-15T19:12:00Z 121.7900000   0.3000000           2           1 106.6746341   1.2925000   4.2166667           2   4.2166667           2   4.6286940   4.1436440 442.7998800   4.6165947   3.9066352
2013-03-15T19:13:00Z 121.7902083   0.3000000           2           1 106.6748577   1.2922222   4.3750000           2   4.3750000           2   4.6459108   4.5047476 442.8586050   4.6315588   3.9040567
2013-03-15T19:14:00Z 121.7904167   0.3000000           2           1 106.6750813   1.2919444   4.5333333           2   4.5333333           2   4.6769777   4.9920188 443.1011950   4.6592371   3.9101820
2013-03-15T19:15:00Z 121.7906250   0.3000000           2           1 106.6753049   1.2916667   4.6916667           2   4.6916667           2   4.7152539   5.5278230 444.3784050   4.6933258   3.9306305
2013-03-15T19:16:00Z 121.7908333   0.3000000           2           1 106.6755285   1.2913889   4.8500000           2   4.8500000           2   4.7466780   5.7949091 444.6740350   4.7224210   3.9482869
2013-03-15T19:17:00Z 121.7910417   0.3000000           2           1 106.6757520   1.2911111   5.0083333           2   5.0083333           2   4.7484250   5.4289432 443.7064700   4.7271250   3.9263799
2013-03-15T19:18:00Z 121.7912500   0.3000000           2           1 106.6759756   1.2908333   5.1666667           2   5.1666667           2   4.7519407   5.0166260 442.3168550   4.7337378   3.8914864
2013-03-15T19:19:00Z 121.7914583   0.3000000           2           1 106.6761992   1.2905556   5.3250000           2   5.3250000           2   4.7684927   4.8170713 442.4452650   4.7516499   3.8928867
2013-03-15T19:20:00Z 121.7916667   0.3000000           2           1 106.6764228   1.2902778   5.4833333           2   5.4833333           2   4.7755118   4.1400544 442.8845200   4.7630504   3.8913054
2013-03-15T19:21:00Z 121.7918750   0.3000000           2           1 106.6766463   1.2900000   5.6416667           2   5.6416667           2   4.7901718   3.1417458 443.5731300   4.7829722   3.8923086
2013-03-15T19:22:00Z 121.7920833   0.3000000           2           1 106.6768699   1.2897222   3.9000000           2   3.9000000           2   4.7867242   2.0745686 444.9476550   4.7835868   3.9724398
2013-03-15T19:23:00Z 121.7922917   0.3000000           2           1 106.6770935   1.2894444   2.5285714           1   2.5285714           1   4.7736931   1.3985325 446.4365200   4.7722711   4.0061418
2013-03-15T19:24:00Z 121.7925000   0.3000000           2           1 106.6773171   1.2891667   2.7571429           1   2.7571429           1   4.7859409   0.2848807 445.0561450   4.7858817   3.9630870
2013-03-15T19:25:00Z 121.7927083   0.3000000           2           1 106.6775407   1.2888889   2.9857143           1   2.9857143           1   4.7945561 359.0511888 443.4811550   4.7938987   3.8975354
2013-03-15T19:26:00Z 121.7929167   0.3000000           2           1 106.6777642   1.2886111   3.2142857           1   3.2142857           1   4.8012996 358.3787883 443.6954400   4.7993777   3.8867629
2013-03-15T19:27:00Z 121.7931250   0.3000000           2           1 106.6779878   1.2883333   3.4428571           1   3.4428571           1   4.8258001 357.5364540 444.0599100   4.8213400   3.9011899
2013-03-15T19:28:00Z 121.7933333   0.3000000           2           1 106.6782114   1.2880556   3.6714286           1   3.6714286           1   4.8602425 356.7855388 444.1793500   4.8525956   3.8874498
2013-03-15T19:29:00Z 121.7935417   0.3000000           2           1 106.6784350   1.2877778   2.3000000           1   2.3000000           1   4.8975931 356.3954192 444.7802350   4.8879043   3.8949584
2013-03-15T19:30:00Z 121.7937500   0.3000000           2           1 106.6786585   1.2875000   6.7000000           3   6.7000000           3   4.9454651 356.1062844 445.4905550   4.9340496   3.9298524
2013-03-15T19:31:00Z 121.7939583   0.3020370           2           1 106.6788821   1.2877083   4.5000000           2   4.5000000           2   4.9697854 355.8542258 445.7194550   4.9567812   3.9181726
2013-03-15T19:32:00Z 121.7941667   0.3040741           2           1 106.6791057   1.2879167   8.9000000           4   8.9000000           4   4.9602443 355.2909181 446.0676450   4.9435004   3.9079905
2013-03-15T19:33:00Z 121.7943750   0.3061111           2           1 106.6793293   1.2881250   5.6619048           3   5.6619048           3   4.9521165 355.0173309 445.9212250   4.9334025   3.8964626
2013-03-15T19:34:00Z 121.7945833   0.3081481           2           1 106.6795528   1.2883333   5.8238095           3   5.8238095           3   4.9427119 354.7431962 446.2375550   4.9219231   3.9019490
2013-03-15T19:35:00Z 121.7947917   0.3101852           2           1 106.6797764   1.2885417   5.9857143           3   5.9857143           3   4.9339524 354.4544067 446.3598000   4.9108596   3.9044666
2013-03-15T19:36:00Z 121.7950000   0.3122222           2           1 106.6800000   1.2887500   6.1476190           3   6.1476190           3   4.9199973 353.8909538 446.6088500   4.8920574   3.9087013
2013-03-15T19:37:00Z 121.7952083   0.3142593           2           1 106.6802236   1.2889583   6.3095238           3   6.3095238           3   4.9002635 353.5371402 447.3587750   4.8691224   3.9263853
2013-03-15T19:38:00Z 121.7954167   0.3162963           2           1 106.6804472   1.2891667   6.4714286           3   6.4714286           3   4.8749679 353.5092040 446.9882300   4.8437195   3.8814359
2013-03-15T19:39:00Z 121.7956250   0.3183333           2           1 106.6806707   1.2893750   6.6333333           3   6.6333333           3   4.8514006 353.3214680 447.1566300   4.8184805   3.8869242
2013-03-15T19:40:00Z 121.7958333   0.3203704           2           1 106.6808943   1.2895833   6.7952381           3   6.7952381           3   4.8297923 353.1599147 446.2414300   4.7954160   3.8972240
2013-03-15T19:41:00Z 121.7960417   0.3224074           2           1 106.6811179   1.2897917   6.9571429           3   6.9571429           3   4.8043003 353.3355283 445.9583900   4.7718367   3.8975712
2013-03-15T19:42:00Z 121.7962500   0.3244444           2           1 106.6813415   1.2900000   7.1190476           3   7.1190476           3   4.8195885 353.5829777 445.2576300   4.7893927   3.8246367
2013-03-15T19:43:00Z 121.7964583   0.3264815           2           1 106.6815650   1.2902083   7.2809524           3   7.2809524           3   4.8435057 353.7777251 444.9400150   4.8149721   3.8047185
2013-03-15T19:44:00Z 121.7966667   0.3285185           2           1 106.6817886   1.2904167   7.4428571           3   7.4428571           3   4.8319721 354.3198953 445.5919050   4.8082471   3.8677265
2013-03-15T19:45:00Z 121.7968750   0.3305556           2           1 106.6820122   1.2906250   7.6047619           3   7.6047619           3   4.8220045 355.0264006 446.2767500   4.8038485   3.9023426
2013-03-15T19:46:00Z 121.7970833   0.3325926           2           1 106.6822358   1.2908333   7.7666667           3   7.7666667           3   4.8081655 355.4552538 445.6286800   4.7930475   3.8900488
2013-03-15T19:47:00Z 121.7972917   0.3359259           2           1 106.6824593   1.2910417   7.9285714           3   7.9285714           3   4.7982038 356.1527801 445.4943850   4.7873911   3.8945053
2013-03-15T19:48:00Z 121.7975000   0.3400000           2           1 106.6826829   1.2912500   8.0904762           3   8.0904762           3   4.7772349 356.5488237 445.1875850   4.7685712   3.9009890
2013-03-15T19:49:00Z 121.7977083   0.3440741           2           1 106.6829065   1.2914583   8.2523810           3   8.2523810           3   4.7539659 356.6899607 444.9462750   4.7460350   3.8752481
2013-03-15T19:50:00Z 121.7979167   0.3481481           2           1 106.6831301   1.2916667   8.4142857           3   8.4142857           3   4.7237105 357.1215598 445.5160200   4.7177507   3.8954963
2013-03-15T19:51:00Z 121.7981250   0.3522222           2           1 106.6833537   1.2918750   8.5761905           3   8.5761905           3   4.7001542 357.7209547 445.8104850   4.6964364   3.9352425
2013-03-15T19:52:00Z 121.7983333   0.3562963           2           1 106.6835772   1.2920833   8.7380952           3   8.7380952           3   4.6827420 358.5061999 445.1977000   4.6811506   3.9249683
2013-03-15T19:53:00Z 121.7985417   0.3603704           2           1 106.6838008   1.2922917   5.5000000           3   5.5000000           3   4.6749163 359.2488284 444.5930850   4.6745145   3.8877763
2013-03-15T19:54:00Z 121.7987500   0.3644444           2           1 106.6840244   1.2925000   8.5000000           3   8.5000000           3   4.6696755   0.0790788 444.6388400   4.6696711   3.8612724
2013-03-15T19:55:00Z 121.7989583   0.3685185           2           1 106.6842480   1.2927083   8.0000000           3   8.0000000           3   4.6710322   0.0253025 443.8226500   4.6710318   3.7926721
2013-03-15T19:56:00Z 121.7991667   0.3725926           2           1 106.6844715   1.2929167   7.5000000           3   7.5000000           3   4.6519313   0.9031496 441.7304750   4.6513534   3.7964180
2013-03-15T19:57:00Z 121.7993750   0.3766667           2           1 106.6846951   1.2931250   7.0000000           3   7.0000000           3   4.6422534   1.9540724 442.2233800   4.6395539   3.7631283
2013-03-15T19:58:00Z 121.7995833   0.3807407           2           1 106.6849187   1.2933333   6.5000000           3   6.5000000           3   4.6359468   3.0886323 443.8779350   4.6292125   3.8223034
2013-03-15T19:59:00Z 121.7997917   0.3848148           2           1 106.6851423   1.2935417   6.0000000           3   6.0000000           3   4.6221278   4.6581790 443.4881850   4.6068606   3.8164617
2013-03-15T20:00:00Z 121.8000000   0.3888889           2           1 106.6853659   1.2937500   9.0000000           4   9.0000000           4   4.6102549   6.1775244 442.7515500   4.5834843   3.7774422
2013-03-15T20:01:00Z 121.8020833   0.3929630           2           1 106.6856521   1.2939583   4.1416667           2   4.1416667           2   4.6373834   7.0312841 442.1260000   4.6025078   3.7350402
2013-03-15T20:02:00Z 121.8041667   0.3970370           2           1 106.6859383   1.2941667   4.5833333           2   4.5833333           2   4.6519832   7.5504027 442.6057350   4.6116489   3.7173467
2013-03-15T20:03:00Z 121.8062500   0.4011111           2           1 106.6862246   1.2943750   5.0250000           2   5.0250000           2   4.6569893   9.2251798 442.9916800   4.5967554   3.7099245
2013-03-15T20:04:00Z 121.8083333   0.4051852           2           1 106.6865108   1.2945833   5.4666667           2   5.4666667           2   4.6709276  10.7340093 443.2856150   4.5891976   3.6774572
2013-03-15T20:05:00Z 121.8104167   0.4092593           2           1 106.6867971   1.2947917   5.9083333           2   5.9083333           2   4.6739508  12.4326378 443.9220650   4.5643457   3.6543259
2013-03-15T20:06:00Z 121.8125000   0.4133333           2           1 106.6870833   1.2950000   6.3500000           3   6.3500000           3   4.7005115  13.9148835 444.4976900   4.5625705   3.6599619
2013-03-15T20:07:00Z 121.8145833   0.4174074           2           1 106.6873696   1.2952083   6.7916667           3   6.7916667           3   4.7196938  15.2431968 444.0835050   4.5536481   3.6090351
2013-03-15T20:08:00Z 121.8166667   0.4214815           2           1 106.6876558   1.2954167   7.2333333           3   7.2333333           3   4.7489804  16.5196824 442.8302600   4.5529525   3.5169327
2013-03-15T20:09:00Z 121.8187500   0.4255556           2           1 106.6879421   1.2956250   7.6750000           3   7.6750000           3   4.7784224  18.1898465 442.7147350   4.5396321   3.4923177
2013-03-15T20:10:00Z 121.8208333   0.4296296           2           1 106.6882283   1.2958333   8.1166667           3   8.1166667           3   4.8051096  19.5318202 443.3615850   4.5286041   3.4775649
2013-03-15T20:11:00Z 121.8229167   0.4337037           2           1 106.6885146   1.2960417   8.5583333           3   8.5583333           3   4.8083810  21.0733603 443.5184500   4.4868003   3.4554210
2013-03-15T20:12:00Z 121.8250000   0.4377778           2           1 106.6888008   1.2962500   3.7000000           2   3.7000000           2   4.8034938  22.6209832 443.4326800   4.4339582   3.4335572
2013-03-15T20:13:00Z 121.8270833   0.4418519           2           1 106.6890871   1.2964583   4.2250000           2   4.2250000           2   4.8028829  23.7961810 443.9333200   4.3945733   3.4450573
2013-03-15T20:14:00Z 121.8291667   0.4459259           2           1 106.6893733   1.2966667   4.1500000           2   4.1500000           2   4.8173270  24.3001018 443.1809700   4.3905240   3.4317665
2013-03-15T20:15:00Z 121.8312500   0.4500000           2           1 106.6896596   1.2968750   4.0750000           2   4.0750000           2   4.8607892  25.5580503 442.5291650   4.3851544   3.4191369
2013-03-15T20:16:00Z 121.8333333   0.4540741           2           1 106.6899458   1.2970833   4.0000000           2   4.0000000           2   4.9005343  25.8238772 443.8299700   4.4111538   3.3423004
2013-03-15T20:17:00Z 121.8354167   0.4581481           2           1 106.6902320   1.2972917   3.9250000           2   3.9250000           2   4.9332281  25.6549677 443.1782600   4.4468985   3.3281620
2013-03-15T20:18:00Z 121.8375000   0.4622222           2           1 106.6905183   1.2975000   3.8500000           2   3.8500000           2   4.9581282  25.1836915 443.0465400   4.4868492   3.3089949
2013-03-15T20:19:00Z 121.8395833   0.4662963           2           1 106.6908045   1.2977083   3.7750000           2   3.7750000           2   4.9778389  24.3286159 443.4555550   4.5357950   3.2948153
2013-03-15T20:20:00Z 121.8416667   0.4703704           2           1 106.6910908   1.2979167   4.3000000           3   4.3000000           3   4.9967446  23.4115708 445.3490950   4.5853846   3.3230021
2013-03-15T20:21:00Z 121.8437500   0.4744444           2           1 106.6913770   1.2981250   5.0500000           3   5.0500000           3   4.9757019  23.3036343 445.4808200   4.5697905   3.3457511
2013-03-15T20:22:00Z 121.8458333   0.4785185           2           1 106.6916633   1.2983333   5.8000000           3   5.8000000           3   4.9494345  23.1739103 444.5114800   4.5500875   3.3420872
2013-03-15T20:23:00Z 121.8479167   0.4825926           2           1 106.6919495   1.2985417   3.7500000           2   3.7500000           2   4.9188466  21.8812977 442.7510500   4.5644828   3.3023013
2013-03-15T20:24:00Z 121.8500000   0.4866667           2           1 106.6922358   1.2987500   1.7000000           1   1.7000000           1   4.8706329  21.4395407 441.9134100   4.5336035   3.2974501
2013-03-15T20:25:00Z 121.8520833   0.4907407           2           1 106.6925220   1.2989583   5.3100000           2   5.3100000           2   4.8195271  21.0139649 441.3675100   4.4989950   3.2991925
2013-03-15T20:26:00Z 121.8541667   0.4948148           2           1 106.6928083   1.2991667   5.1200000           2   5.1200000           2   4.8037116  21.3861174 440.7135900   4.4729481   3.2854871
2013-03-15T20:27:00Z 121.8562500   0.4988889           2           1 106.6930945   1.2993750   4.9300000           2   4.9300000           2   4.7647053  20.4604216 439.5071100   4.4641185   3.3473049
2013-03-15T20:28:00Z 121.8583333   0.5029630           2           1 106.6933808   1.2995833   4.7400000           2   4.7400000           2   4.7382021  19.8487067 441.2668800   4.4567172   3.3963008
2013-03-15T20:29:00Z 121.8604167   0.5070370           2           1 106.6936670   1.2997917   4.5500000           2   4.5500000           2   4.7014987  19.1494747 440.8793900   4.4413460   3.3733226
2013-03-15T20:30:00Z 121.8625000   0.5111111           2           1 106.6939533   1.3000000   4.3600000           2   4.3600000           2   4.6966793  18.8617771 439.8870550   4.4444734   3.3508285
2013-03-15T20:31:00Z 121.8645833   0.5151852           2           1 106.6942395   1.3002083   4.1700000           2   4.1700000           2   4.7196937  18.2515964 439.6763650   4.4822478   3.3346244
2013-03-15T20:32:00Z 121.8666667   0.5192593           2           1 106.6945257   1.3004167   3.9800000           2   3.9800000           2   4.7546066  17.7582172 439.8296950   4.5280594   3.3362943
2013-03-15T20:33:00Z 121.8687500   0.5233333           2           1 106.6948120   1.3006250   3.7900000           2   3.7900000           2   4.6786875  18.5445812 439.5511600   4.4357535   3.3209368
2013-03-15T20:34:00Z 121.8708333   0.5274074           2           1 106.6950982   1.3008333   3.6000000           2   3.6000000           2   4.5710013  20.3818101 439.5168850   4.2848228   3.3239827
2013-03-15T20:35:00Z 121.8729167   0.5314815           2           1 106.6953845   1.3010417   3.4100000           1   3.4100000           1   4.4774073  22.5191413 440.3846350   4.1360123   3.3852941
2013-03-15T20:36:00Z 121.8750000   0.5355556           2           1 106.6956707   1.3012500   3.2200000           1   3.2200000           1   4.3866496  24.8566890 440.4643100   3.9802792   3.4417462
2013-03-15T20:37:00Z 121.8770833   0.5396296           2           1 106.6959570   1.3014583   3.0300000           1   3.0300000           1   4.2924174  27.4801659 440.1692300   3.8081066   3.4854451
2013-03-15T20:38:00Z 121.8791667   0.5437037           2           1 106.6962432   1.3016667   2.8400000           1   2.8400000           1   4.2062268  30.4546152 439.5689200   3.6258975   3.5116796
2013-03-15T20:39:00Z 121.8812500   0.5477778           2           1 106.6965295   1.3018750   2.6500000           1   2.6500000           1   4.1399782  33.3444575 438.5818900   3.4584596   3.5169008
2013-03-15T20:40:00Z 121.8833333   0.5518519           2           1 106.6968157   1.3020833   2.4600000           1   2.4600000           1   4.0834717  36.7847802 437.5919200   3.2704135   3.5021168
2013-03-15T20:41:00Z 121.8854167   0.5559259           2           1 106.6971020   1.3022917   2.2700000           1   2.2700000           1   4.0316313  40.2280908 437.4940400   3.0780678   3.4995943
2013-03-15T20:42:00Z 121.8875000   0.5600000           2           1 106.6973882   1.3025000   2.0800000           1   2.0800000           1   4.0023478  44.0616086 437.8438350   2.8760568   3.4960303
2013-03-15T20:43:00Z 121.8895833   0.5640741           2           1 106.6976745   1.3027083   1.8900000           1   1.8900000           1   3.9685506  48.3512402 438.9838150   2.6373493   3.5108981
2013-03-15T20:44:00Z 121.8916667   0.5681481           2           1 106.6979607   1.3029167   5.5000000           3   5.5000000           3   3.8921184  51.9364698 439.2081200   2.3996266   3.5297912
2013-03-15T20:45:00Z 121.8937500   0.5722222           2           1 106.6982470   1.3031250   7.0833333           3   7.0833333           3   3.8267022  55.2706198 439.3391550   2.1800762   3.5172006
2013-03-15T20:46:00Z 121.8958333   0.5762963           2           1 106.6985332   1.3033333   6.7666667           3   6.7666667           3   3.7270389  58.6635381 439.5032300   1.9382942   3.5047618
2013-03-15T20:47:00Z 121.8979167   0.5803704           2           1 106.6988194   1.3035417   6.4500000           3   6.4500000           3   3.7201520  63.2923698 440.8836350   1.6719776   3.4405874
2013-03-15T20:48:00Z 121.9000000   0.5844444           2           1 106.6991057   1.3037500   6.1333333           3   6.1333333           3   3.7319819  67.5910079 440.0580900   1.4226892   3.4257481
2013-03-15T20:49:00Z 121.9020833   0.5885185           2           1 106.6993919   1.3039583   5.8166667           3   5.8166667           3   3.7312397  71.6497148 439.9396100   1.1746897   3.4468561
2013-03-15T20:50:00Z 121.9041667   0.5925926           2           1 106.6996782   1.3041667   7.4000000           4   7.4000000           4   3.7471943  75.4267248 440.0001400   0.9428614   3.4545099
2013-03-15T20:51:00Z 121.9062500   0.5966667           2           1 106.6999644   1.3043750   4.0769231           2   4.0769231           2   3.8134275  78.2372967 440.0149600   0.7774008   3.4670467
2013-03-15T20:52:00Z 121.9083333   0.6007407           2           1 106.7002507   1.3045833   4.3538462           2   4.3538462           2   3.8664355  81.2338764 440.0303550   0.5892506   3.4946009
2013-03-15T20:53:00Z 121.9104167   0.6048148           2           1 106.7005369   1.3047917   4.6307692           2   4.6307692           2   3.9017513  82.1232011 440.0689700   0.5347094   3.5204412
2013-03-15T20:54:00Z 121.9125000   0.6088889           2           1 106.7008232   1.3050000   4.9076923           2   4.9076923           2   3.9212824  82.5549298 440.1932250   0.5081026   3.5326214
2013-03-15T20:55:00Z 121.9145833   0.6129630           2           1 106.7011094   1.3052083   5.1846154           2   5.1846154           2   3.9320907  82.7785109 440.4033450   0.4942847   3.5371986
2013-03-15T20:56:00Z 121.9166667   0.6170370           2           1 106.7013957   1.3054167   5.4615385           2   5.4615385           2   3.9491101  83.0661604 440.7585800   0.4767490   3.5342116
2013-03-15T20:57:00Z 121.9187500   0.6211111           2           1 106.7016819   1.3056250   5.7384615           3   5.7384615           3   3.9831470  82.9761545 440.9557100   0.4870688   3.5182851
2013-03-15T20:58:00Z 121.9208333   0.6251852           2           1 106.7019682   1.3058333   6.0153846           3   6.0153846           3   4.0282995  82.8566542 441.3599250   0.5009278   3.5070407
2013-03-15T20:59:00Z 121.9229167   0.6292593           2           1 106.7022544   1.3060417   6.2923077           3   6.2923077           3   4.0800616  82.9068112 441.8685650   0.5038203   3.5047200
2013-03-15T21:00:00Z 121.9250000   0.6333333           2           1 106.7025407   1.3062500   6.5692308           3   6.5692308           3   3.9575813  80.8111720 442.0422400   0.6319810   3.4647942
2013-03-15T21:01:00Z 121.9270833   0.6374074           2           1 106.7028269   1.3064583   6.8461538           3   6.8461538           3   3.8663060  78.0353662 441.9734900   0.8015157   3.4469337
2013-03-15T21:02:00Z 121.9291667   0.6414815           2           1 106.7031131   1.3066667   7.1230769           3   7.1230769           3   3.8668748  78.3964409 441.8919450   0.7777784   3.4491017
2013-03-15T21:03:00Z 121.9312500   0.6455556           2           1 106.7033994   1.3068750   3.8000000           2   3.8000000           2   3.8932586  78.6180101 441.9034150   0.7683315   3.4522596
2013-03-15T21:04:00Z 121.9333333   0.6496296           2           1 106.7036856   1.3070833   3.8000000           2   3.8000000           2   3.9472298  78.4559321 441.9964400   0.7899258   3.4316541
2013-03-15T21:05:00Z 121.9354167   0.6537037           2           1 106.7039719   1.3072917   3.8000000           2   3.8000000           2   3.9918678  78.2704025 442.3753900   0.8115192   3.4387730
2013-03-15T21:06:00Z 121.9375000   0.6577778           2           1 106.7042581   1.3075000   3.8000000           2   3.8000000           2   3.9799832  77.4968863 442.3988250   0.8616372   3.4370850
2013-03-15T21:07:00Z 121.9395833   0.6618519           2           1 106.7045444   1.3077083   3.8000000           2   3.8000000           2   3.9120524  75.2083032 442.0588700   0.9987691   3.4590746
2013-03-15T21:08:00Z 121.9416667   0.6659259           2           1 106.7048306   1.3079167   3.8000000           2   3.8000000           2   3.8444579  72.4504952 441.7190850   1.1592183   3.4982288
2013-03-15T21:09:00Z 121.9437500   0.6700000           2           1 106.7051169   1.3081250   3.8000000           2   3.8000000           2   3.8029263  69.3151564 441.5280400   1.3432977   3.5239803
2013-03-15T21:10:00Z 121.9458333   0.6740741           2           1 106.7054031   1.3083333   3.8000000           2   3.8000000           2   3.7358090  67.3134065 441.2765800   1.4408648   3.5367174
2013-03-15T21:11:00Z 121.9479167   0.6781481           2           1 106.7056894   1.3085417   3.8000000           2   3.8000000           2   3.6253896  66.2973804 440.8044800   1.4573691   3.5459163
2013-03-15T21:12:00Z 121.9500000   0.6822222           2           1 106.7059756   1.3087500   3.8000000           2   3.8000000           2   3.5245348  64.6165048 440.2905150   1.5108796   3.5549492
2013-03-15T21:13:00Z 121.9520833   0.6862963           2           1 106.7062619   1.3089583   2.3500000           1   2.3500000           1   3.4163142  62.4031148 439.8156500   1.5826003   3.5635177
2013-03-15T21:14:00Z 121.9541667   0.6903704           2           1 106.7065481   1.3091667   0.9000000           1   0.9000000           1   3.2832031  59.4984882 439.3266050   1.6664262   3.5609519
2013-03-15T21:15:00Z 121.9562500   0.6944444           2           1 106.7068343   1.3093750   4.7461538           2   4.7461538           2   3.0923486  56.3206957 439.0563150   1.7148430   3.5713252
2013-03-15T21:16:00Z 121.9583333   0.6985185           2           1 106.7071206   1.3095833   4.5923077           2   4.5923077           2   2.9758420  55.7519833 438.4649600   1.6747334   3.5535115
2013-03-15T21:17:00Z 121.9604167   0.7025926           2           1 106.7074068   1.3097917   4.4384615           2   4.4384615           2   2.8372027  55.1503782 438.0399550   1.6212472   3.5540271
2013-03-15T21:18:00Z 121.9625000   0.7066667           2           1 106.7076931   1.3100000   4.2846154           2   4.2846154           2   2.6943868  54.3134247 437.4729050   1.5717730   3.5579235
2013-03-15T21:19:00Z 121.9645833   0.7107407           2           1 106.7079793   1.3102083   4.1307692           2   4.1307692           2   2.5611609  53.5731244 436.8200800   1.5208081   3.5730681
2013-03-15T21:20:00Z 121.9666667   0.7148148           2           1 106.7082656   1.3104167   3.9769231           2   3.9769231           2   2.5090242  57.0485785 436.4294750   1.3647279   3.6227270
2013-03-15T21:21:00Z 121.9687500   0.7188889           2           1 106.7085518   1.3106250   3.8230769           2   3.8230769           2   2.4359977  60.3935675 436.1312050   1.2034790   3.6522203
2013-03-15T21:22:00Z 121.9708333   0.7229630           2           1 106.7088381   1.3108333   3.6692308           2   3.6692308           2   2.3735553  57.9798925 435.6755450   1.2584990   3.6752598
2013-03-15T21:23:00Z 121.9729167   0.7270370           2           1 106.7091243   1.3110417   3.5153846           2   3.5153846           2   2.3179361  54.1265608 435.1287600   1.3583031   3.7025373
2013-03-15T21:24:00Z 121.9750000   0.7311111           2           1 106.7094106   1.3112500   3.3615385           2   3.3615385           2   2.2640934  49.8147306 434.6048350   1.4609318   3.7336439
2013-03-15T21:25:00Z 121.9770833   0.7351852           2           1 106.7096968   1.3114583   3.2076923           2   3.2076923           2   2.2290924  45.0736778 433.8876000   1.5741782   3.7727166
2013-03-15T21:26:00Z 121.9791667   0.7392593           2           1 106.7099831   1.3116667   3.0538462           2   3.0538462           2   2.2334359  42.1446954 433.5297500   1.6559869   3.8174388
2013-03-15T21:27:00Z 121.9812500   0.7433333           2           1 106.7102693   1.3118750   2.9000000           2   2.9000000           2   2.2460513  42.1132323 433.5319500   1.6661680   3.8515360
2013-03-15T21:28:00Z 121.9833333   0.7474074           2           1 106.7105556   1.3120833   2.7461538           1   2.7461538           1   2.2403795  42.8979087 433.4824150   1.6412297   3.8455375
2013-03-15T21:29:00Z 121.9854167   0.7514815           2           1 106.7108418   1.3122917   2.5923077           1   2.5923077           1   2.2439152  43.9485491 433.3635750   1.6155366   3.8497865
2013-03-15T21:30:00Z 121.9875000   0.7555556           2           1 106.7111280   1.3125000   2.4384615           1   2.4384615           1   2.2754333  43.6569322 433.2614500   1.6462447   3.8666933
2013-03-15T21:31:00Z 121.9895833   0.7596296           2           1 106.7114143   1.3127083   2.2846154           1   2.2846154           1   2.3046688  42.9095367 433.2188700   1.6880076   3.8726275
2013-03-15T21:32:00Z 121.9916667   0.7637037           2           1 106.7117005   1.3129167   2.1307692           1   2.1307692           1   2.3368355  42.6515537 433.2374300   1.7187139   3.8658637
2013-03-15T21:33:00Z 121.9937500   0.7677778           2           1 106.7119868   1.3131250   1.9769231           1   1.9769231           1   2.3724655  47.5199622 433.6828800   1.6022050   3.8396379
2013-03-15T21:34:00Z 121.9958333   0.7718519           2           1 106.7122730   1.3133333   1.8230769           1   1.8230769           1   2.4482483  53.6493344 434.2647500   1.4511395   3.8257198
2013-03-15T21:35:00Z 121.9979167   0.7759259           2           1 106.7125593   1.3135417   1.6692308           1   1.6692308           1   2.5601852  55.0653851 433.9743100   1.4660677   3.8124991
2013-03-15T21:36:00Z 122.0000000   0.7800000           2           1 106.7128455   1.3137500   1.5153846           1   1.5153846           1   2.6172392  52.7745114 433.8422850   1.5833077   3.8275926
2013-03-15T21:37:00Z 122.0020833   0.7840741           2           1 106.7131318   1.3139583   1.3615385           1   1.3615385           1   2.6839704  50.7019146 433.7989350   1.6999061   3.8335727
2013-03-15T21:38:00Z 122.0041667   0.7881481           2           1 106.7134180   1.3141667   1.2076923           1   1.2076923           1   2.7438844  48.4422974 433.6840550   1.8202216   3.8238071
2013-03-15T21:39:00Z 122.0062500   0.7922222           2           1 106.7137043   1.3143750   1.0538462           1   1.0538462           1   2.7990982  46.0456251 433.5351700   1.9428130   3.7872468
2013-03-15T21:40:00Z 122.0083333   0.7962963           2           1 106.7139905   1.3145833   4.9000000           3   4.9000000           3   2.8480256  43.6745424 433.5337000   2.0599030   3.7632635
2013-03-15T21:41:00Z 122.0104167   0.8003704           2           1 106.7142768   1.3147917   2.7769231           2   2.7769231           2   2.8789090  41.4163721 433.6718100   2.1589574   3.7497813
2013-03-15T21:42:00Z 122.0125000   0.8044444           2           1 106.7145630   1.3150000   2.9538462           2   2.9538462           2   2.9258129  39.4409637 433.7955500   2.2595455   3.7393421
2013-03-15T21:43:00Z 122.0145833   0.8085185           2           1 106.7148493   1.3152083   3.1307692           2   3.1307692           2   2.9591693  38.1949540 433.9335150   2.3256448   3.7253768
2013-03-15T21:44:00Z 122.0166667   0.8125926           2           1 106.7151355   1.3154167   3.3076923           2   3.3076923           2   3.0171333  37.3073248 434.0326950   2.3998158   3.7359150
2013-03-15T21:45:00Z 122.0187500   0.8166667           2           1 106.7154217   1.3156250   3.4846154           2   3.4846154           2   3.0826075  36.6867725 434.1080700   2.4719848   3.7339023
2013-03-15T21:46:00Z 122.0208333   0.8207407           2           1 106.7157080   1.3158333   3.6615385           2   3.6615385           2   3.1658432  35.5967824 434.1621900   2.5742530   3.7123023
2013-03-15T21:47:00Z 122.0229167   0.8248148           2           1 106.7159942   1.3160417   3.8384615           2   3.8384615           2   3.2532345  34.4551076 434.4860900   2.6825187   3.6747791
2013-03-15T21:48:00Z 122.0250000   0.8288889           2           1 106.7162805   1.3162500   4.0153846           2   4.0153846           2   3.3225869  33.2730990 434.7842900   2.7778987   3.6505170
2013-03-15T21:49:00Z 122.0270833   0.8329630           2           1 106.7165667   1.3164583   4.1923077           2   4.1923077           2   3.4079345  31.1336109 435.1986900   2.9170690   3.6270002
2013-03-15T21:50:00Z 122.0291667   0.8370370           2           1 106.7168530   1.3166667   4.3692308           2   4.3692308           2   3.5015757  28.7183872 436.2127250   3.0708539   3.5973966
2013-03-15T21:51:00Z 122.0312500   0.8411111           2           1 106.7171392   1.3168750   4.5461538           2   4.5461538           2   3.5841539  26.2771328 437.5989750   3.2137789   3.5570465
2013-03-15T21:52:00Z 122.0333333   0.8451852           2           1 106.7174255   1.3170833   4.7230769           2   4.7230769           2   3.6703019  23.8777921 438.9297150   3.3561642   3.5186358
2013-03-15T21:53:00Z 122.0354167   0.8492593           2           1 106.7177117   1.3172917   2.6000000           2   2.6000000           2   3.8187698  19.1036451 439.7658200   3.6084629   3.4981617
2013-03-15T21:54:00Z 122.0375000   0.8533333           2           1 106.7179980   1.3175000   3.5000000           2   3.5000000           2   3.9768828  14.2278759 440.2472150   3.8548955   3.4955484
2013-03-15T21:55:00Z 122.0395833   0.8574074           2           1 106.7182842   1.3177083   3.4000000           2   3.4000000           2   4.0309759  11.4598710 441.3478300   3.9506148   3.4743842
2013-03-15T21:56:00Z 122.0416667   0.8614815           2           1 106.7185705   1.3179167   3.3000000           2   3.3000000           2   4.0908036   9.5782262 442.3282250   4.0337752   3.4356520
2013-03-15T21:57:00Z 122.0437500   0.8655556           2           1 106.7188567   1.3181250   3.2000000           2   3.2000000           2   4.1271263   9.1104106 442.7903250   4.0750628   3.4013005
2013-03-15T21:58:00Z 122.0458333   0.8696296           2           1 106.7191430   1.3183333   3.1000000           2   3.1000000           2   4.1866438   8.5999328 443.3827100   4.1395716   3.3962172
2013-03-15T21:59:00Z 122.0479167   0.8737037           2           1 106.7194292   1.3185417   3.0000000           2   3.0000000           2   4.2490038   8.0407811 444.0968450   4.2072308   3.4272481
2013-03-15T22:00:00Z 122.0500000   0.8777778           2           1 106.7197154   1.3187500   2.9000000           2   2.9000000           2   4.3192836   7.0691287 444.6087650   4.2864501   3.4300969
2013-03-15T22:01:00Z 122.0520833   0.8818519           2           1 106.7200017   1.3189583   2.8000000           2   2.8000000           2   4.4035923   6.4648709 445.0418700   4.3755902   3.4235680
2013-03-15T22:02:00Z 122.0541667   0.8859259           2           1 106.7202879   1.3191667   2.7000000           2   2.7000000           2   4.4826418   6.2599424 445.5494700   4.4559138   3.4261672
2013-03-15T22:03:00Z 122.0562500   0.8900000           2           1 106.7205742   1.3193750   3.6000000           2   3.6000000           2   4.5694758   5.6327277 446.3837650   4.5474121   3.4105541
2013-03-15T22:04:00Z 122.0583333   0.8940741           2           1 106.7208604   1.3195833   2.4000000           1   2.4000000           1   4.6557173   4.7752134 446.7958500   4.6395571   3.3792872
2013-03-15T22:05:00Z 122.0604167   0.8981481           2           1 106.7211467   1.3197917   1.2000000           1   1.2000000           1   4.6455893   4.7871025 447.6627650   4.6293840   3.3539029
2013-03-15T22:06:00Z 122.0625000   0.9022222           2           1 106.7214329   1.3200000   5.5269231           2   5.5269231           2   4.5892899   5.0174351 447.5385700   4.5717044   3.3583110
2013-03-15T22:07:00Z 122.0645833   0.9062963           2           1 106.7217192   1.3202083   5.3538462           2   5.3538462           2   4.5315413   5.2813796 447.1843550   4.5123034   3.3778302
2013-03-15T22:08:00Z 122.0666667   0.9103704           2           1 106.7220054   1.3204167   5.1807692           2   5.1807692           2   4.3388381   7.0438631 447.0656900   4.3060910   3.3726656
2013-03-15T22:09:00Z 122.0687500   0.9144444           2           1 106.7222917   1.3206250   5.0076923           2   5.0076923           2   4.1746066   9.7619934 446.9663900   4.1141608   3.3806565
2013-03-15T22:10:00Z 122.0708333   0.9185185           2           1 106.7225779   1.3208333   4.8346154           2   4.8346154           2   4.0425989  12.8694853 446.3638950   3.9410486   3.4064332
2013-03-15T22:11:00Z 122.0729167   0.9225926           2           1 106.7228642   1.3210417   4.6615385           2   4.6615385           2   3.9493403  15.2960710 445.2651350   3.8094369   3.4346415
2013-03-15T22:12:00Z 122.0750000   0.9266667           2           1 106.7231504   1.3212500   4.4884615           2   4.4884615           2   3.7516828  20.0655980 444.1924850   3.5239572   3.4417245
2013-03-15T22:13:00Z 122.0770833   0.9307407           2           1 106.7234367   1.3214583   4.3153846           2   4.3153846           2   3.6195993  24.9301305 443.4881750   3.2823340   3.4525562
2013-03-15T22:14:00Z 122.0791667   0.9348148           2           1 106.7237229   1.3216667   4.1423077           2   4.1423077           2   3.5362463  30.2636465 443.0523700   3.0543107   3.4571199
2013-03-15T22:15:00Z 122.0812500   0.9388889           2           1 106.7240091   1.3218750   3.9692308           2   3.9692308           2   3.5040633  36.6507748 442.4949250   2.8112707   3.4558036
2013-03-15T22:16:00Z 122.0833333   0.9429630           2           1 106.7242954   1.3220833   3.7961538           2   3.7961538           2   3.4866089  42.0156132 442.0235350   2.5904195   3.4621487
2013-03-15T22:17:00Z 122.0854167   0.9470370           2           1 106.7245816   1.3222917   3.6230769           2   3.6230769           2   3.4577769  45.6998887 441.8537050   2.4149690   3.4802205
2013-03-15T22:18:00Z 122.0875000   0.9511111           2           1 106.7248679   1.3225000   3.4500000           2   3.4500000           2   3.4499395  49.8984050 441.5931100   2.2222610   3.4847928
2013-03-15T22:19:00Z 122.0895833   0.9551852           2           1 106.7251541   1.3227083   3.2769231           1   3.2769231           1   3.4759581  54.2769811 441.3569050   2.0294987   3.4464682
2013-03-15T22:20:00Z 122.0916667   0.9592593           2           1 106.7254404   1.3229167   3.1038462           1   3.1038462           1   3.5524684  58.0499333 441.3706450   1.8798952   3.4442816
2013-03-15T22:21:00Z 122.0937500   0.9633333           2           1 106.7257266   1.3231250   2.9307692           1   2.9307692           1   3.6394035  61.0337287 441.1518300   1.7625437   3.4555295
2013-03-15T22:22:00Z 122.0958333   0.9674074           2           1 106.7260129   1.3233333   2.7576923           1   2.7576923           1   3.6807103  63.4129971 440.8553400   1.6473249   3.4539435
2013-03-15T22:23:00Z 122.0979167   0.9714815           2           1 106.7262991   1.3235417   2.5846154           1   2.5846154           1   3.7527282  65.8846260 440.2956700   1.5332724   3.4833726
2013-03-15T22:24:00Z 122.1000000   0.9755556           2           1 106.7265854   1.3237500   2.4115385           1   2.4115385           1   3.8394469  68.9910536 440.1970800   1.3764944   3.5082354
2013-03-15T22:25:00Z 122.1020833   0.9796296           2           1 106.7268716   1.3239583   2.2384615           1   2.2384615           1   3.9051667  71.1944442 439.5836250   1.2588597   3.5303182
2013-03-15T22:26:00Z 122.1041667   0.9837037           2           1 106.7271579   1.3241667   2.0653846           1   2.0653846           1   3.9745826  73.3341446 439.8863150   1.1398692   3.5240499
2013-03-15T22:27:00Z 122.1062500   0.9877778           2           1 106.7274441   1.3243750   1.8923077           1   1.8923077           1   4.0469954  75.6138889 440.1876400   1.0054966   3.5030565
2013-03-15T22:28:00Z 122.1083333   0.9918519           2           1 106.7277304   1.3245833   1.7192308           1   1.7192308           1   4.0782596  75.0449691 440.2933700   1.0524391   3.5126998
2013-03-15T22:29:00Z 122.1104167   0.9959259           2           1 106.7280166   1.3247917   1.5461538           1   1.5461538           1   4.0797945  75.1794503 440.2414600   1.0435808   3.5059963
2013-03-15T22:30:00Z 122.1125000   1.0000000           2           1 106.7283028   1.3250000   1.3730769           1   1.3730769           1   4.0641868  75.8093028 440.1066950   0.9963353   3.4919742
2013-03-15T22:31:00Z 122.1145833   1.0253704           2           1 106.7285891   1.3268056   5.7000000           3   5.7000000           3   4.1142602  76.7343195 440.0737250   0.9440860   3.4924465
2013-03-15T22:32:00Z 122.1166667   1.0507407           2           1 106.7288753   1.3286111   2.5181818           1   2.5181818           1   4.1210952  75.5946668 440.1471600   1.0252462   3.5311742
2013-03-15T22:33:00Z 122.1187500   1.0761111           2           1 106.7291616   1.3304167   2.8363636           1   2.8363636           1   4.1242541  75.2292063 440.0443950   1.0514905   3.5506742
2013-03-15T22:34:00Z 122.1208333   1.1014815           2           1 106.7294478   1.3322222   3.1545455           1   3.1545455           1   4.1377199  74.7595912 439.8704500   1.0876812   3.5594658
2013-03-15T22:35:00Z 122.1229167   1.1268519           2           1 106.7297341   1.3340278   3.4727273           1   3.4727273           1   4.1471924  74.3378218 439.8861250   1.1195964   3.5497130
2013-03-15T22:36:00Z 122.1250000   1.1522222           2           1 106.7300203   1.3358333   3.7909091           1   3.7909091           1   4.1653709  73.6644025 439.9170250   1.1715646   3.5439519
2013-03-15T22:37:00Z 122.1270833   1.1775926           2           1 106.7303066   1.3376389   4.1090909           2   4.1090909           2   4.1959186  73.2276823 439.9745850   1.2108130   3.5503083
2013-03-15T22:38:00Z 122.1291667   1.2029630           2           1 106.7305928   1.3394444   4.4272727           2   4.4272727           2   4.2023212  73.0322894 439.9790150   1.2263748   3.5488236
2013-03-15T22:39:00Z 122.1312500   1.2283333           2           1 106.7308791   1.3412500   4.7454545           2   4.7454545           2   4.1488494  73.4390435 439.7880300   1.1825684   3.5508632
2013-03-15T22:40:00Z 122.1333333   1.2537037           2           1 106.7311653   1.3430556   5.0636364           2   5.0636364           2   4.1442626  73.8956125 439.5411800   1.1495696   3.5601078
2013-03-15T22:41:00Z 122.1354167   1.2790741           2           1 106.7314516   1.3448611   5.3818182           2   5.3818182           2   4.1639198  74.4580863 439.5304200   1.1156941   3.5494593
2013-03-15T22:42:00Z 122.1375000   1.3044444           2           1 106.7317378   1.3466667   2.2000000           1   2.2000000           1   4.1965474  75.5621926 439.6013250   1.0463208   3.5407271
2013-03-15T22:43:00Z 122.1395833   1.3298148           2           1 106.7320241   1.3484722   5.4727273           2   5.4727273           2   4.2191593  76.4942822 439.5390300   0.9853526   3.5230485
2013-03-15T22:44:00Z 122.1416667   1.3551852           2           1 106.7323103   1.3502778   5.1454545           2   5.1454545           2   4.2444074  77.1349435 439.3659300   0.9450410   3.4984149
2013-03-15T22:45:00Z 122.1437500   1.3805556           2           1 106.7325965   1.3520833   4.8181818           2   4.8181818           2   4.2743058  76.9230896 439.2708250   0.9670992   3.4792717
2013-03-15T22:46:00Z 122.1458333   1.4059259           2           1 106.7328828   1.3538889   4.4909091           2   4.4909091           2   4.3071283  76.3884617 439.3193100   1.0136303   3.4701069
2013-03-15T22:47:00Z 122.1479167   1.4312963           2           1 106.7331690   1.3556944   4.1636364           2   4.1636364           2   4.3517508  75.4776351 439.4499750   1.0912359   3.4724251
2013-03-15T22:48:00Z 122.1500000   1.4566667           2           1 106.7334553   1.3575000   3.8363636           1   3.8363636           1   4.3914029  74.9980543 439.5971550   1.1367228   3.4673103
2013-03-15T22:49:00Z 122.1520833   1.4820370           2           1 106.7337415   1.3593056   3.5090909           1   3.5090909           1   4.4147101  74.5667692 439.7767650   1.1748216   3.4619647
2013-03-15T22:50:00Z 122.1541667   1.5074074           2           1 106.7340278   1.3611111   3.1818182           1   3.1818182           1   4.4297875  74.1687822 440.1844900   1.2084659   3.4730515
2013-03-15T22:51:00Z 122.1562500   1.5327778           2           1 106.7343140   1.3629167   2.8545455           1   2.8545455           1   4.4530599  74.2740217 441.0027850   1.2069436   3.5107304
2013-03-15T22:52:00Z 122.1583333   1.5581481           2           1 106.7346003   1.3647222   2.5272727           1   2.5272727           1   4.4599669  73.5034647 440.7978750   1.2664405   3.4709156
2013-03-15T22:53:00Z 122.1604167   1.5835185           2           1 106.7348865   1.3665278   5.8000000           3   5.8000000           3   4.4800396  72.7253918 439.3048100   1.3303555   3.3793474
2013-03-15T22:54:00Z 122.1625000   1.6088889           2           1 106.7351728   1.3683333   4.4000000           2   4.4000000           2   4.4987083  72.0991362 439.4686150   1.3827723   3.3603795
2013-03-15T22:55:00Z 122.1645833   1.6342593           2           1 106.7354590   1.3701389   3.0000000           2   3.0000000           2   4.5237999  71.1974210 439.9769550   1.4580583   3.3845610
2013-03-15T22:56:00Z 122.1666667   1.6596296           2           1 106.7357453   1.3719444   1.8500000           1   1.8500000           1   4.5384770  70.8746475 440.3311150   1.4869684   3.4312133
2013-03-15T22:57:00Z 122.1687500   1.6850000           2           1 106.7360315   1.3737500   0.7000000           1   0.7000000           1   4.5479410  70.7419297 440.6155050   1.5000184   3.4459105
2013-03-15T22:58:00Z 122.1708333   1.7103704           2           1 106.7363178   1.3755556   5.8652174           2   5.8652174           2   4.5611875  70.6987246 440.9968350   1.5076339   3.4667702
2013-03-15T22:59:00Z 122.1729167   1.7357407           2           1 106.7366040   1.3773611   5.6304348           2   5.6304348           2   4.5828374  69.5245927 441.1379650   1.6031009   3.5051093
2013-03-15T23:00:00Z 122.1750000   1.7611111           2           1 106.7368902   1.3791667   5.3956522           2   5.3956522           2   4.5688374  69.4098977 440.1343650   1.6067684   3.4796466
2013-03-15T23:01:00Z 122.1770833   1.7864815           2           1 106.7371765   1.3809722   5.1608696           2   5.1608696           2   4.5158919  69.8985516 438.9423800   1.5520372   3.4224392
2013-03-15T23:02:00Z 122.1791667   1.8118519           2           1 106.7374627   1.3827778   4.9260870           2   4.9260870           2   4.4557894  70.1703845 439.0278150   1.5115116   3.4104243
2013-03-15T23:03:00Z 122.1812500   1.8372222           2           1 106.7377490   1.3845833   4.6913043           2   4.6913043           2   4.3863236  70.6944932 439.4671100   1.4501409   3.4238445
2013-03-15T23:04:00Z 122.1833333   1.8625926           2           1 106.7380352   1.3863889   4.4565217           2   4.4565217           2   4.3170207  70.9357362 440.0980100   1.4100618   3.4498585
2013-03-15T23:05:00Z 122.1854167   1.8879630           2           1 106.7383215   1.3881944   4.2217391           2   4.2217391           2   4.2632172  71.2198251 439.6896250   1.3724921   3.4334125
2013-03-15T23:06:00Z 122.1875000   1.9133333           2           1 106.7386077   1.3900000   3.9869565           2   3.9869565           2   4.2012855  71.7050837 438.0963350   1.3188180   3.3309430
2013-03-15T23:07:00Z 122.1895833   1.9387037           2           1 106.7388940   1.3918056   3.7521739           2   3.7521739           2   4.1371246  72.5784491 436.8380350   1.2386538   3.2424152
2013-03-15T23:08:00Z 122.1916667   1.9640741           2           1 106.7391802   1.3936111   3.5173913           2   3.5173913           2   4.0652692  73.2192874 435.9021300   1.1736819   3.2220273
2013-03-15T23:09:00Z 122.1937500   1.9894444           2           1 106.7394665   1.3954167   3.2826087           1   3.2826087           1   3.9989837  74.2279100 435.2848950   1.0869697   3.2077594
2013-03-15T23:10:00Z 122.1958333   2.0074074           2           1 106.7397527   1.3972222   3.0478261           1   3.0478261           1   3.9550191  75.3968310 434.8261000   0.9971508   3.1873740
2013-03-15T23:11:00Z 122.1979167   2.0200926           2           1 106.7400390   1.3990278   2.8130435           1   2.8130435           1   3.8875981  76.6571340 433.9477650   0.8971712   3.1373804
2013-03-15T23:12:00Z 122.2000000   2.0327778           2           1 106.7403252   1.4008333   2.5782609           1   2.5782609           1   3.8423831  78.7966009 433.7936200   0.7465464   3.1162723
2013-03-15T23:13:00Z 122.2020833   2.0454630           2           1 106.7406114   1.4026389   2.3434783           1   2.3434783           1   3.8012873  80.9225293 434.7211700   0.5997283   3.1583851
2013-03-15T23:14:00Z 122.2041667   2.0581481           2           1 106.7408977   1.4044444   2.1086957           1   2.1086957           1   3.7641798  82.5083465 434.6688400   0.4907804   3.1789619
2013-03-15T23:15:00Z 122.2062500   2.0708333           2           1 106.7411839   1.4062500   1.8739130           1   1.8739130           1   3.7578577  83.4985051 433.3546000   0.4254990   3.1266719
2013-03-15T23:16:00Z 122.2083333   2.0835185           2           1 106.7414702   1.4080556   1.6391304           1   1.6391304           1   3.7570767  83.9475422 431.6908300   0.3961423   3.0136630
2013-03-15T23:17:00Z 122.2104167   2.0962037           2           1 106.7417564   1.4098611   1.4043478           1   1.4043478           1   3.7718005  84.4733711 431.1929350   0.3632559   2.9529656
2013-03-15T23:18:00Z 122.2125000   2.1088889           2           1 106.7420427   1.4116667   1.1695652           1   1.1695652           1   3.7981774  84.8030401 431.4655950   0.3440379   2.9427104
2013-03-15T23:19:00Z 122.2145833   2.1215741           2           1 106.7423289   1.4134722   0.9347826           1   0.9347826           1   3.8726897  85.9124651 432.1215400   0.2760470   2.9355418
2013-03-15T23:20:00Z 122.2166667   2.1342593           2           1 106.7426152   1.4152778   6.1000000           3   6.1000000           3   3.9142058  86.5703492 433.5959950   0.2341594   2.9600670
2013-03-15T23:21:00Z 122.2187500   2.1469444           2           1 106.7429014   1.4170833   4.4384615           3   4.4384615           3   3.9740194  86.6064711 433.6409500   0.2352366   2.9172580
2013-03-15T23:22:00Z 122.2208333   2.1596296           2           1 106.7431877   1.4188889   4.5769231           3   4.5769231           3   4.0506436  86.3487640 432.6062500   0.2579570   2.8270162
2013-03-15T23:23:00Z 122.2229167   2.1723148           2           1 106.7434739   1.4206944   4.7153846           3   4.7153846           3   4.1458177  86.2012054 430.6405300   0.2746725   2.7036952
2013-03-15T23:24:00Z 122.2250000   2.1850000           2           1 106.7437602   1.4225000   4.8538462           3   4.8538462           3   4.2408565  85.9988543 430.7706350   0.2959118   2.6536469
2013-03-15T23:25:00Z 122.2270833   2.1976852           2           1 106.7440464   1.4243056   4.9923077           3   4.9923077           3   4.3142889  85.9461966 432.0664200   0.3049909   2.6658512
2013-03-15T23:26:00Z 122.2291667   2.2103704           2           1 106.7443327   1.4261111   5.1307692           3   5.1307692           3   4.3798331  85.7617700 434.4237700   0.3236856   2.7816086
2013-03-15T23:27:00Z 122.2312500   2.2230556           2           1 106.7446189   1.4279167   5.2692308           3   5.2692308           3   4.4363894  85.7663216 435.9752050   0.3275138   2.8707673
2013-03-15T23:28:00Z 122.2333333   2.2357407           2           1 106.7449051   1.4297222   5.4076923           3   5.4076923           3   4.5058943  86.6566768 437.0783300   0.2627787   2.8628433
2013-03-15T23:29:00Z 122.2354167   2.2484259           2           1 106.7451914   1.4315278   5.5461538           3   5.5461538           3   4.5714620  87.2566733 438.4428700   0.2187984   2.8262040
2013-03-15T23:30:00Z 122.2375000   2.2611111           2           1 106.7454776   1.4333333   5.6846154           3   5.6846154           3   4.6310487  87.8112151 439.5834250   0.1768700   2.7983606
2013-03-15T23:31:00Z 122.2395833   2.2737963           2           1 106.7457639   1.4351389   5.8230769           3   5.8230769           3   4.7125658  87.3930265 440.6503150   0.2143490   2.7955449
2013-03-15T23:32:00Z 122.2416667   2.2864815           2           1 106.7460501   1.4369444   5.9615385           3   5.9615385           3   4.7638397  87.2762953 441.8884050   0.2263763   2.8318054
2013-03-15T23:33:00Z 122.2437500   2.2991667           2           1 106.7463364   1.4387500   4.3000000           3   4.3000000           3   4.8038295  87.3126476 443.1521250   0.2252321   2.8818555
2013-03-15T23:34:00Z 122.2458333   2.3118519           2           1 106.7466226   1.4405556   2.8333333           2   2.8333333           2   4.8376792  87.1632579 443.6001550   0.2394180   2.8739272
2013-03-15T23:35:00Z 122.2479167   2.3245370           2           1 106.7469089   1.4423611   2.9666667           2   2.9666667           2   4.8540838  87.4848989 444.0346950   0.2130103   2.8935722
2013-03-15T23:36:00Z 122.2500000   2.3359259           2           1 106.7471951   1.4441667   3.1000000           2   3.1000000           2   4.8506548  86.3126516 443.4644050   0.3119551   2.8331571
2013-03-15T23:37:00Z 122.2520833   2.3443827           2           1 106.7474814   1.4459722   3.2333333           2   3.2333333           2   4.8493047  85.3303201 442.7441950   0.3947872   2.7377558
2013-03-15T23:38:00Z 122.2541667   2.3528395           2           1 106.7477676   1.4477778   3.3666667           2   3.3666667           2   4.8342314  84.1204087 442.9249750   0.4952101   2.7259402
2013-03-15T23:39:00Z 122.2562500   2.3612963           2           1 106.7480539   1.4495833   3.5000000           2   3.5000000           2   4.8463276  83.8866021 443.9861250   0.5161173   2.7102128
2013-03-15T23:40:00Z 122.2583333   2.3697531           2           1 106.7483401   1.4513889   3.6333333           2   3.6333333           2   4.8764140  84.0783393 445.4264550   0.5030927   2.7112598
2013-03-15T23:41:00Z 122.2604167   2.3782099           2           1 106.7486264   1.4531944   3.7666667           2   3.7666667           2   4.8896613  84.4653019 447.2916600   0.4716007   2.7817388
2013-03-15T23:42:00Z 122.2625000   2.3866667           2           1 106.7489126   1.4550000   3.9000000           2   3.9000000           2   4.8810643  84.1324744 448.0186050   0.4989850   2.8275359
2013-03-15T23:43:00Z 122.2645833   2.3951235           2           1 106.7491988   1.4568056   4.0333333           2   4.0333333           2   4.8695756  83.6364158 448.0165050   0.5397306   2.8332841
2013-03-15T23:44:00Z 122.2666667   2.4035802           2           1 106.7494851   1.4586111   4.1666667           2   4.1666667           2   4.8597383  83.1746330 446.9452000   0.5775487   2.8188142
2013-03-15T23:45:00Z 122.2687500   2.4120370           2           1 106.7497713   1.4604167   2.7000000           2   2.7000000           2   4.8538983  82.3538978 447.0251800   0.6458302   2.8057800
2013-03-15T23:46:00Z 122.2708333   2.4204938           2           1 106.7500576   1.4622222   3.6615385           2   3.6615385           2   4.8598775  82.3680344 447.5010550   0.6454373   2.7673680
2013-03-15T23:47:00Z 122.2729167   2.4289506           2           1 106.7503438   1.4640278   3.6230769           2   3.6230769           2   4.8465075  81.7866357 446.0062250   0.6923711   2.6809075
2013-03-15T23:48:00Z 122.2750000   2.4374074           2           1 106.7506301   1.4658333   3.5846154           2   3.5846154           2   4.8554413  80.7973950 445.5397350   0.7765116   2.6800075
2013-03-15T23:49:00Z 122.2770833   2.4458642           2           1 106.7509163   1.4676389   3.5461538           2   3.5461538           2   4.8760487  79.8156493 445.2536050   0.8621630   2.7472156
2013-03-15T23:50:00Z 122.2791667   2.4543210           2           1 106.7512026   1.4694444   3.5076923           2   3.5076923           2   4.8729004  79.3860432 444.6339800   0.8975433   2.7506755
2013-03-15T23:51:00Z 122.2812500   2.4627778           2           1 106.7514888   1.4712500   3.4692308           2   3.4692308           2   4.8249052  80.3499440 443.8277850   0.8087993   2.7118895
2013-03-15T23:52:00Z 122.2833333   2.4712346           2           1 106.7517751   1.4730556   3.4307692           2   3.4307692           2   4.8024054  80.8554400 443.0434500   0.7632268   2.6821973
2013-03-15T23:53:00Z 122.2854167   2.4796914           2           1 106.7520613   1.4748611   3.3923077           2   3.3923077           2   4.7814882  81.2581759 442.5366650   0.7267018   2.6188697
2013-03-15T23:54:00Z 122.2875000   2.4881481           2           1 106.7523476   1.4766667   3.3538462           2   3.3538462           2   4.7497206  82.2471931 442.1776200   0.6407348   2.5648834
2013-03-15T23:55:00Z 122.2895833   2.4966049           2           1 106.7526338   1.4784722   3.3153846           2   3.3153846           2   4.7087692  83.4262847 442.6256000   0.5390666   2.5411316
2013-03-15T23:56:00Z 122.2916667   2.5050617           2           1 106.7529201   1.4802778   3.2769231           2   3.2769231           2   4.6641232  86.8960189 444.5110300   0.2525539   2.6326851
2013-03-15T23:57:00Z 122.2937500   2.5135185           2           1 106.7532063   1.4820833   3.2384615           2   3.2384615           2   4.6257227  89.6516567 445.5675450   0.0281230   2.6998633
2013-03-15T23:58:00Z 122.2958333   2.5219753           2           1 106.7534925   1.4838889   3.2000000           2   3.2000000           2   4.5896711  92.7795934 444.0840850  -0.2225716   2.6103941
2013-03-15T23:59:00Z 122.2979167   2.5304321           2           1 106.7537788   1.4856944   3.1615385           2   3.1615385           2   4.5097181  94.9816499 442.5537300  -0.3916090   2.5328557
2013-03-16T00:00:00Z 122.3000000   2.5388889           2           1 106.7540650   1.4875000   3.1230769           2   3.1230769           2   4.4240359  96.7173463 440.9105050  -0.5174857   2.4540993
2013-03-16T00:01:00Z 122.3020833   2.5473457           2           1 106.7543513   1.4893056   3.0846154           2   3.0846154           2   4.3298913  98.8539130 440.7697550  -0.6664380   2.4273863
2013-03-16T00:02:00Z 122.3041667   2.5558025           2           1 106.7546375   1.4911111   3.0461538           2   3.0461538           2   4.3023042  99.2451439 441.2354850  -0.6912035   2.4240860
2013-03-16T00:03:00Z 122.3062500   2.5642593           2           1 106.7549238   1.4929167   3.0076923           2   3.0076923           2   4.2680295 101.8260764 442.7357200  -0.8746965   2.4445825
2013-03-16T00:04:00Z 122.3083333   2.5727160           2           1 106.7552100   1.4947222   2.9692308           2   2.9692308           2   4.2351677 103.7757272 443.0354350  -1.0084867   2.4147902
2013-03-16T00:05:00Z 122.3104167   2.5811728           2           1 106.7554963   1.4965278   2.9307692           2   2.9307692           2   4.2143407 105.4377958 441.6195650  -1.1218239   2.3979153
2013-03-16T00:06:00Z 122.3125000   2.5896296           2           1 106.7557825   1.4983333   2.8923077           2   2.8923077           2   4.1900315 105.7311859 439.9243600  -1.1360198   2.3827908
2013-03-16T00:07:00Z 122.3145833   2.5980864           2           1 106.7560688   1.5001389   2.8538462           2   2.8538462           2   4.2142553 106.2908259 441.3023800  -1.1821535   2.4465893
2013-03-16T00:08:00Z 122.3166667   2.6065432           2           1 106.7563550   1.5019444   2.8153846           2   2.8153846           2   4.1903440 105.9886098 442.4753000  -1.1542146   2.4508379
2013-03-16T00:09:00Z 122.3187500   2.6150000           2           1 106.7566413   1.5037500   2.7769231           2   2.7769231           2   4.1326968 105.6242140 442.1810300  -1.1130462   2.4538175
2013-03-16T00:10:00Z 122.3208333   2.6234568           2           1 106.7569275   1.5055556   2.7384615           2   2.7384615           2   4.0544095 104.0298414 441.6771700  -0.9828992   2.4556709
2013-03-16T00:11:00Z 122.3229167   2.6319136           2           1 106.7572138   1.5073611   3.7000000           2   3.7000000           2   3.9649819 102.2175731 440.3319650  -0.8390876   2.4454699
2013-03-16T00:12:00Z 122.3250000   2.6403704           2           1 106.7575000   1.5091667   6.1603175           2   6.1603175           2   3.8296816 101.1743468 440.3851550  -0.7421736   2.4847145
2013-03-16T00:13:00Z 122.3270833   2.6488272           2           1 106.7577862   1.5109722   6.1206349           2   6.1206349           2   3.6670862 100.8005268 439.7525000  -0.6871766   2.5113446
2013-03-16T00:14:00Z 122.3291667   2.6572840           2           1 106.7580725   1.5127778   6.0809524           2   6.0809524           2   3.5698715 100.5790851 439.2152800  -0.6554018   2.6002691
2013-03-16T00:15:00Z 122.3312500   2.6657407           2           1 106.7583587   1.5145833   6.0412698           2   6.0412698           2   3.4996747 100.4255243 438.7637450  -0.6332917   2.6337274
2013-03-16T00:16:00Z 122.3333333   2.6741975           2           1 106.7586450   1.5163889   6.0015873           2   6.0015873           2   3.4297066 100.0857787 438.2612750  -0.6006183   2.6383428
2013-03-16T00:17:00Z 122.3354167   2.6826543           2           1 106.7589312   1.5181944   5.9619048           2   5.9619048           2   3.3725539  99.9044080 437.8316850  -0.5800958   2.6663809
2013-03-16T00:18:00Z 122.3375000   2.6911111           2           1 106.7592175   1.5200000   5.9222222           2   5.9222222           2   3.3649993  99.4921360 437.5937650  -0.5549296   2.6786566
2013-03-16T00:19:00Z 122.3395833   2.6995679           2           1 106.7595037   1.5218056   5.8825397           2   5.8825397           2   3.3597914  99.1110619 435.8685700  -0.5320186   2.6321340
2013-03-16T00:20:00Z 122.3416667   2.7080247           2           1 106.7597900   1.5236111   5.8428571           2   5.8428571           2   3.4251511  96.2131864 436.1894850  -0.3706978   2.7150328
2013-03-16T00:21:00Z 122.3437500   2.7164815           2           1 106.7600762   1.5254167   5.8031746           2   5.8031746           2   3.5080573  94.0074858 436.0222700  -0.2451669   2.7469681
2013-03-16T00:22:00Z 122.3458333   2.7249383           2           1 106.7603625   1.5272222   5.7634921           2   5.7634921           2   3.5185269  96.0816855 436.3287200  -0.3727746   2.7523103
2013-03-16T00:23:00Z 122.3479167   2.7333951           2           1 106.7606487   1.5290278   5.7238095           2   5.7238095           2   3.5592352  95.2041232 436.8407000  -0.3228377   2.7951183
2013-03-16T00:24:00Z 122.3500000   2.7418519           2           1 106.7609350   1.5308333   5.6841270           2   5.6841270           2   3.5644595  96.7009449 437.5675100  -0.4159265   2.8379498
2013-03-16T00:25:00Z 122.3520833   2.7503086           2           1 106.7612212   1.5326389   5.6444444           2   5.6444444           2   3.5791188  98.3994426 439.4122650  -0.5228141   2.8288287
2013-03-16T00:26:00Z 122.3541667   2.7587654           2           1 106.7615075   1.5344444   5.6047619           2   5.6047619           2   3.5091327 100.5062078 440.6807600  -0.6398625   2.8491774
2013-03-16T00:27:00Z 122.3562500   2.7672222           2           1 106.7617937   1.5362500   5.5650794           2   5.5650794           2   3.4759888 102.1777959 440.2525200  -0.7332459   2.8312640
2013-03-16T00:28:00Z 122.3583333   2.7756790           2           1 106.7620799   1.5380556   5.5253968           2   5.5253968           2   3.4699785 104.6025122 440.5409350  -0.8748225   2.8601325
2013-03-16T00:29:00Z 122.3604167   2.7841358           2           1 106.7623662   1.5398611   5.4857143           2   5.4857143           2   3.3993213 107.3714175 440.3269100  -1.0149174   2.7958398
2013-03-16T00:30:00Z 122.3625000   2.7925926           2           1 106.7626524   1.5416667   5.4460317           2   5.4460317           2   3.4829660 109.2602675 440.8135100  -1.1488906   2.7550621
2013-03-16T00:31:00Z 122.3645833   2.8010494           2           1 106.7629387   1.5434722   5.4063492           2   5.4063492           2   3.5706021 110.5713867 442.2075000  -1.2546172   2.7321212
2013-03-16T00:32:00Z 122.3666667   2.8095062           2           1 106.7632249   1.5452778   5.3666667           2   5.3666667           2   3.6924568 111.0420950 442.2726600  -1.3257905   2.6698299
2013-03-16T00:33:00Z 122.3687500   2.8179630           2           1 106.7635112   1.5470833   5.3269841           2   5.3269841           2   3.8225208 110.4970767 442.6797100  -1.3384923   2.6667819
2013-03-16T00:34:00Z 122.3708333   2.8264198           2           1 106.7637974   1.5488889   5.2873016           2   5.2873016           2   3.8905249 109.6208012 442.7628950  -1.3064132   2.5895596
2013-03-16T00:35:00Z 122.3729167   2.8348765           2           1 106.7640837   1.5506944   5.2476190           2   5.2476190           2   3.9260243 109.2176204 442.7460200  -1.2922786   2.5628588
2013-03-16T00:36:00Z 122.3750000   2.8433333           2           1 106.7643699   1.5525000   5.2079365           2   5.2079365           2   3.9581076 108.4760270 443.2288750  -1.2543554   2.5799453
2013-03-16T00:37:00Z 122.3770833   2.8517901           2           1 106.7646562   1.5543056   5.1682540           2   5.1682540           2   3.9876013 107.9956472 443.7413600  -1.2319485   2.5698071
2013-03-16T00:38:00Z 122.3791667   2.8602469           2           1 106.7649424   1.5561111   5.1285714           2   5.1285714           2   3.9789454 107.9220807 444.3416500  -1.2244143   2.5793794
2013-03-16T00:39:00Z 122.3812500   2.8687037           2           1 106.7652287   1.5579167   5.0888889           2   5.0888889           2   3.9694625 108.3116668 445.6544650  -1.2471487   2.6426952
2013-03-16T00:40:00Z 122.3833333   2.8771605           2           1 106.7655149   1.5597222   5.0492063           2   5.0492063           2   3.9084859 110.5573496 444.7554350  -1.3724443   2.5753834
2013-03-16T00:41:00Z 122.3854167   2.8856173           2           1 106.7658012   1.5615278   5.0095238           2   5.0095238           2   3.8463532 111.4284618 443.4765850  -1.4052238   2.5359222
2013-03-16T00:42:00Z 122.3875000   2.8940741           2           1 106.7660874   1.5633333   4.9698413           2   4.9698413           2   3.7716091 110.6599137 442.5282500  -1.3307002   2.5588717
2013-03-16T00:43:00Z 122.3895833   2.9025309           2           1 106.7663736   1.5651389   4.9301587           2   4.9301587           2   3.7089241 110.6430541 442.3359450  -1.3075624   2.5651314
2013-03-16T00:44:00Z 122.3916667   2.9109877           2           1 106.7666599   1.5669444   4.8904762           2   4.8904762           2   3.6517363 109.6907770 442.1756550  -1.2304296   2.5860115
2013-03-16T00:45:00Z 122.3937500   2.9194444           2           1 106.7669461   1.5687500   4.8507937           2   4.8507937           2   3.5917628 109.4908345 440.6809250  -1.1984134   2.5843912
2013-03-16T00:46:00Z 122.3958333   2.9279012           2           1 106.7672324   1.5705556   4.8111111           2   4.8111111           2   3.5872760 109.5841732 438.7071200  -1.2024238   2.5098367
2013-03-16T00:47:00Z 122.3979167   2.9363580           2           1 106.7675186   1.5723611   4.7714286           2   4.7714286           2   3.5056936 110.7326369 438.6756150  -1.2410423   2.4906551
2013-03-16T00:48:00Z 122.4000000   2.9448148           2           1 106.7678049   1.5741667   4.7317460           2   4.7317460           2   3.4468314 112.1905203 437.4551700  -1.3018255   2.4340576
2013-03-16T00:49:00Z 122.4020833   2.9532716           2           1 106.7680911   1.5759722   4.6920635           2   4.6920635           2   3.4304563 113.9360675 437.5139500  -1.3917945   2.4347941
2013-03-16T00:50:00Z 122.4041667   2.9617284           2           1 106.7683774   1.5777778   4.6523810           2   4.6523810           2   3.4221522 112.8460621 437.5959150  -1.3286731   2.4462340
2013-03-16T00:51:00Z 122.4062500   2.9701852           2           1 106.7686636   1.5795833   4.6126984           2   4.6126984           2   3.4327902 112.2207052 438.0052600  -1.2981966   2.4926319
2013-03-16T00:52:00Z 122.4083333   2.9786420           2           1 106.7689499   1.5813889   4.5730159           2   4.5730159           2   3.4472444 112.0268016 438.1578000  -1.2928555   2.5515970
2013-03-16T00:53:00Z 122.4104167   2.9870988           2           1 106.7692361   1.5831944   4.5333333           2   4.5333333           2   3.4611912 112.8302996 438.6629100  -1.3429527   2.5313539
2013-03-16T00:54:00Z 122.4125000   2.9955556           2           1 106.7695224   1.5850000   4.4936508           2   4.4936508           2   3.4768174 113.5323779 439.3320400  -1.3881793   2.5378168
2013-03-16T00:55:00Z 122.4145833   3.0040123           2           1 106.7698086   1.5868056   4.4539683           2   4.4539683           2   3.4422869 115.1538274 438.9319000  -1.4631440   2.5079401
2013-03-16T00:56:00Z 122.4166667   3.0124691           2           1 106.7700949   1.5886111   4.4142857           2   4.4142857           2   3.4421174 116.3828185 437.3129850  -1.5295619   2.3944801
2013-03-16T00:57:00Z 122.4187500   3.0209259           2           1 106.7703811   1.5904167   4.3746032           2   4.3746032           2   3.4404502 117.8973794 437.5167750  -1.6097502   2.3586400
2013-03-16T00:58:00Z 122.4208333   3.0293827           2           1 106.7706673   1.5922222   4.3349206           2   4.3349206           2   3.4171861 119.2610857 438.1068850  -1.6702866   2.3473809
2013-03-16T00:59:00Z 122.4229167   3.0378395           2           1 106.7709536   1.5940278   4.2952381           2   4.2952381           2   3.4041039 119.4633486 439.0900950  -1.6743654   2.3372201
2013-03-16T01:00:00Z 122.4250000   3.0462963           2           1 106.7712398   1.5958333   4.2555556           2   4.2555556           2   3.4284682 119.9593398 440.3938100  -1.7121266   2.3396111
